syndrome_ambiguity_level,measurement_reset_prob,cases,dominant_policy,C1_count,C2_count,C3_count,C3R_count,C1_rate,C2_rate,C3_rate,C3R_rate
0.0,0.0,18,C1,13,5,0,0,0.7222222222222222,0.2777777777777778,0.0,0.0
0.0,0.03,18,C1,16,2,0,0,0.8888888888888888,0.1111111111111111,0.0,0.0
0.0,0.05,18,C1,18,0,0,0,1.0,0.0,0.0,0.0
0.0,0.1,18,C1,18,0,0,0,1.0,0.0,0.0,0.0
0.25,0.0,18,C1,18,0,0,0,1.0,0.0,0.0,0.0
0.25,0.03,18,C1,18,0,0,0,1.0,0.0,0.0,0.0
0.25,0.05,18,C1,18,0,0,0,1.0,0.0,0.0,0.0
0.25,0.1,18,C1,18,0,0,0,1.0,0.0,0.0,0.0
0.5,0.0,18,C1,18,0,0,0,1.0,0.0,0.0,0.0
0.5,0.03,18,C1,18,0,0,0,1.0,0.0,0.0,0.0
0.5,0.05,18,C1,18,0,0,0,1.0,0.0,0.0,0.0
0.5,0.1,18,C1,17,0,0,1,0.9444444444444444,0.0,0.0,0.05555555555555555
0.75,0.0,18,C3R,8,0,0,10,0.4444444444444444,0.0,0.0,0.5555555555555556
0.75,0.03,18,C3R,6,0,0,12,0.3333333333333333,0.0,0.0,0.6666666666666666
0.75,0.05,18,C3R,6,0,0,12,0.3333333333333333,0.0,0.0,0.6666666666666666
0.75,0.1,18,C3R,5,0,0,13,0.2777777777777778,0.0,0.0,0.7222222222222222
1.0,0.0,18,C3R,7,0,0,11,0.3888888888888889,0.0,0.0,0.6111111111111112
1.0,0.03,18,C3R,5,0,0,13,0.2777777777777778,0.0,0.0,0.7222222222222222
1.0,0.05,18,C3R,5,0,0,13,0.2777777777777778,0.0,0.0,0.7222222222222222
1.0,0.1,18,C3R,6,0,0,12,0.3333333333333333,0.0,0.0,0.6666666666666666
