syndrome_ambiguity_level,measurement_error_prob,reset_error_prob,cases,backend,code_count,noise_family_count,true_syndrome_mean_no_error_mean,observed_syndrome_mean_no_error_mean,syndrome_corruption_rate,syndrome_information_loss_mean,observed_syndrome_consistent_rate,true_syndrome_consistent_rate,partial_syndrome_case_rate,ambiguous_syndrome_case_rate,fid_gain_A_mean,fid_gain_A_std,fid_gain_A_median,fid_gain_A_p25,fid_gain_A_p75,fid_gain_q05_A,fid_gain_cvar05_A,nonworsen_rate_A,admissible_rate_A,logical_success_rate_A,false_safe_rate_A,false_safe_fidelity_rate_A,failure_boundary_rate_A,observed_failure_boundary_rate_A,true_failure_boundary_rate_A,fid_gain_B_mean,fid_gain_B_std,fid_gain_B_median,fid_gain_B_p25,fid_gain_B_p75,fid_gain_q05_B,fid_gain_cvar05_B,nonworsen_rate_B,admissible_rate_B,logical_success_rate_B,false_safe_rate_B,false_safe_fidelity_rate_B,failure_boundary_rate_B,observed_failure_boundary_rate_B,true_failure_boundary_rate_B,fid_gain_C1_mean,fid_gain_C1_std,fid_gain_C1_median,fid_gain_C1_p25,fid_gain_C1_p75,fid_gain_q05_C1,fid_gain_cvar05_C1,nonworsen_rate_C1,admissible_rate_C1,logical_success_rate_C1,false_safe_rate_C1,false_safe_fidelity_rate_C1,failure_boundary_rate_C1,observed_failure_boundary_rate_C1,true_failure_boundary_rate_C1,chosen_candidate_violation_mean_C1,oracle_regret_mean_C1,oracle_regret_sum_C1,oracle_regret_q95_C1,oracle_regret_cvar95_C1,fid_gain_C2_mean,fid_gain_C2_std,fid_gain_C2_median,fid_gain_C2_p25,fid_gain_C2_p75,fid_gain_q05_C2,fid_gain_cvar05_C2,nonworsen_rate_C2,admissible_rate_C2,logical_success_rate_C2,false_safe_rate_C2,false_safe_fidelity_rate_C2,failure_boundary_rate_C2,observed_failure_boundary_rate_C2,true_failure_boundary_rate_C2,chosen_candidate_violation_mean_C2,oracle_regret_mean_C2,oracle_regret_sum_C2,oracle_regret_q95_C2,oracle_regret_cvar95_C2,fid_gain_C3_mean,fid_gain_C3_std,fid_gain_C3_median,fid_gain_C3_p25,fid_gain_C3_p75,fid_gain_q05_C3,fid_gain_cvar05_C3,nonworsen_rate_C3,admissible_rate_C3,logical_success_rate_C3,false_safe_rate_C3,false_safe_fidelity_rate_C3,failure_boundary_rate_C3,observed_failure_boundary_rate_C3,true_failure_boundary_rate_C3,chosen_candidate_violation_mean_C3,oracle_regret_mean_C3,oracle_regret_sum_C3,oracle_regret_q95_C3,oracle_regret_cvar95_C3,fid_gain_C3R_mean,fid_gain_C3R_std,fid_gain_C3R_median,fid_gain_C3R_p25,fid_gain_C3R_p75,fid_gain_q05_C3R,fid_gain_cvar05_C3R,nonworsen_rate_C3R,admissible_rate_C3R,logical_success_rate_C3R,false_safe_rate_C3R,false_safe_fidelity_rate_C3R,failure_boundary_rate_C3R,observed_failure_boundary_rate_C3R,true_failure_boundary_rate_C3R,chosen_candidate_violation_mean_C3R,oracle_regret_mean_C3R,oracle_regret_sum_C3R,oracle_regret_q95_C3R,oracle_regret_cvar95_C3R,decision_disagreement_rate_AB,decision_disagreement_rate_C1A,decision_disagreement_rate_C2A,decision_disagreement_rate_C3A,decision_disagreement_rate_C3RA,decision_disagreement_rate_C3R_vs_C2,chosen_B_rate_C1,safe_case_retention_rate_C1,risky_case_capture_rate_C1,chosen_B_rate_C2,safe_case_retention_rate_C2,risky_case_capture_rate_C2,chosen_B_rate_C3,safe_case_retention_rate_C3,risky_case_capture_rate_C3,chosen_B_rate_C3R,safe_case_retention_rate_C3R,risky_case_capture_rate_C3R,veto_rate_C1,tie_break_rate_C1,weighted_score_switch_rate_C2,weighted_score_switch_rate_C3,weighted_score_switch_rate_C3R,veto_rate_C2,veto_rate_C3,veto_rate_C3R,tie_break_rate_C2,tie_break_rate_C3,tie_break_rate_C3R,c3r_gate_c2_switch_rate,c3r_gate_score_margin_rate,c3r_gate_leave_A_rate,c3r_gate_B_safe_rate,c3r_gate_uncertainty_rate,c3r_allow_B_rate,c3r_gate_c2_switch_rate_given_c2_B,c3r_gate_score_margin_rate_given_c2_B,c3r_gate_leave_A_rate_given_c2_B,c3r_gate_B_safe_rate_given_c2_B,c3r_gate_uncertainty_rate_given_c2_B,c3r_allow_B_rate_given_c2_B,c2_B_count,c3r_block_count,c3r_blocks_c2_switch_rate,c3r_block_rate_given_c2_B,c3r_harmful_c2_switch_rate,c3r_beneficial_c2_switch_rate,c3r_prevented_harmful_switch_rate,c3r_missed_beneficial_switch_rate,c3r_prevented_harmful_switch_rate_given_block,c3r_missed_beneficial_switch_rate_given_block,c3r_harmful_block_precision,c3r_harmful_switch_recall,c3r_beneficial_switch_block_rate,c3r_beneficial_switch_retention,c3r_prevented_loss_sum,c3r_missed_gain_sum,c3r_net_intervention_gain,c3r_intervention_gain_mean,c3r_intervention_gain_sum,c3r_score_margin_mean,c3r_structural_margin_mean,c3r_violation_A_mean,c3r_violation_B_mean,c3r_syndrome_uncertainty_mean,c3r_raw_syndrome_uncertainty_mean,c3r_blocked_by_score_margin_count,c3r_blocked_by_leave_A_count,c3r_blocked_by_B_safe_count,c3r_blocked_by_uncertainty_count
0.0,0.0,0.0,180,qiskit_aer,1,3,0.8336490798611111,0.8336490798611111,0.0,0.0,0.37777777777777777,0.37777777777777777,0.0,0.0,0.1612624479166665,0.10509465938310675,0.1387499999999997,0.0945296874999999,0.1947843750000001,0.04407406250000019,0.0100805555555555,1.0,0.7444444444444445,0.7166666666666667,0.12222222222222222,0.0,0.1388888888888889,0.1388888888888889,0.1388888888888889,0.1719309805318433,0.1082297380082706,0.1508213103929545,0.06734631039295436,0.2359556853929543,0.019221310392954383,0.018880401302045238,1.0,1.0,0.0,0.0,0.0,0.37777777777777777,0.37777777777777777,0.37777777777777777,0.1580813226512347,0.1085501914384405,0.14468749999999975,0.06719567029471576,0.22484631039295444,0.018596310392954285,0.009298155196477106,1.0,1.0,0.3611111111111111,0.0,0.0,0.37777777777777777,0.37777777777777777,0.37777777777777777,0.0,0.03545980209899109,6.382764377818407,0.21439631039295404,0.2330129770596212,0.16005650501708824,0.10619843296581204,0.14437499999999964,0.09000000000000027,0.22484631039295444,0.019221310392954383,0.008623322905888298,1.0,1.0,0.5166666666666667,0.0,0.0,0.2222222222222222,0.2222222222222222,0.2222222222222222,0.0,0.033484619733137565,6.027231551964767,0.21439631039295404,0.2330129770596212,0.16005650501708824,0.10619843296581204,0.14437499999999964,0.09000000000000027,0.22484631039295444,0.019221310392954383,0.008623322905888298,1.0,1.0,0.5166666666666667,0.0,0.0,0.2222222222222222,0.2222222222222222,0.2222222222222222,0.0,0.033484619733137565,6.027231551964767,0.21439631039295404,0.2330129770596212,0.16005650501708824,0.10619843296581204,0.14437499999999964,0.09000000000000027,0.22484631039295444,0.019221310392954383,0.008623322905888298,1.0,1.0,0.5166666666666667,0.0,0.0,0.2222222222222222,0.2222222222222222,0.2222222222222222,0.0,0.033484619733137565,6.027231551964767,0.21439631039295404,0.2330129770596212,1.0,0.45555555555555555,0.25555555555555554,0.25555555555555554,0.25555555555555554,0.0,0.45555555555555555,0.5701754385964912,0.5,0.25555555555555554,0.8157894736842105,0.3787878787878788,0.25555555555555554,0.8157894736842105,0.3787878787878788,0.25555555555555554,0.8157894736842105,0.3787878787878788,0.25555555555555554,0.2,0.25555555555555554,0.25555555555555554,0.25555555555555554,0.25555555555555554,0.25555555555555554,0.0,0.0,0.0,0.0,0.25555555555555554,0.25555555555555554,1.0,1.0,1.0,0.25555555555555554,1.0,1.0,1.0,1.0,1.0,1.0,46,0,0.0,0.0,0.2,0.05555555555555555,0.0,0.0,0.0,0.0,0.0,0.0,0.0,1.0,0.0,0.0,0.0,0.0,0.0,-0.3225379685049834,0.0035022566625255666,0.0035022566625255666,0.0,0.0,0.0,0,0,0,0
0.0,0.03,0.03,180,qiskit_aer,1,3,0.8336490798611111,0.6069344666280865,0.12962962962962962,0.0,0.05,0.37777777777777777,0.0,0.0,0.1612624479166665,0.10509465938310672,0.1387499999999997,0.0945296874999999,0.1947843750000001,0.04407406250000019,0.0100805555555555,1.0,0.7666666666666667,0.7166666666666667,0.011111111111111112,0.0,0.027777777777777776,0.027777777777777776,0.1388888888888889,0.1719309805318433,0.1082297380082706,0.1508213103929545,0.06734631039295436,0.2359556853929543,0.019221310392954383,0.018880401302045238,1.0,1.0,0.0,0.0,0.0,0.05,0.05,0.37777777777777777,0.1586684699593496,0.1068930979581043,0.14156249999999965,0.08955937500000019,0.22484631039295444,0.01919006039295438,0.006198770130984712,1.0,1.0,0.5111111111111111,0.0,0.0,0.05,0.05,0.2222222222222222,0.0,0.034872654790876194,6.277077862357721,0.21439631039295404,0.2330129770596212,0.15889325367502258,0.10670722885509323,0.14156249999999965,0.09000000000000027,0.22484631039295444,0.01919006039295438,0.006198770130984712,1.0,1.0,0.5222222222222223,0.0,0.0,0.03888888888888889,0.03888888888888889,0.2111111111111111,0.0,0.034647871075203215,6.236616793536584,0.21439631039295404,0.2330129770596212,0.15889325367502258,0.10670722885509323,0.14156249999999965,0.09000000000000027,0.22484631039295444,0.01919006039295438,0.006198770130984712,1.0,1.0,0.5222222222222223,0.0,0.0,0.03888888888888889,0.03888888888888889,0.2111111111111111,0.0,0.034647871075203215,6.236616793536584,0.21439631039295404,0.2330129770596212,0.15889325367502258,0.10670722885509323,0.14156249999999965,0.09000000000000027,0.22484631039295444,0.01919006039295438,0.006198770130984712,1.0,1.0,0.5222222222222223,0.0,0.0,0.03888888888888889,0.03888888888888889,0.2111111111111111,0.0,0.034647871075203215,6.236616793536584,0.21439631039295404,0.2330129770596212,1.0,0.25,0.23333333333333334,0.23333333333333334,0.23333333333333334,0.0,0.25,0.7244094488188977,0.18867924528301888,0.23333333333333334,0.7401574803149606,0.16981132075471697,0.23333333333333334,0.7401574803149606,0.16981132075471697,0.23333333333333334,0.7401574803149606,0.16981132075471697,0.23333333333333334,0.016666666666666666,0.23333333333333334,0.23333333333333334,0.23333333333333334,0.23333333333333334,0.23333333333333334,0.0,0.0,0.0,0.0,0.23333333333333334,0.23333333333333334,1.0,1.0,1.0,0.23333333333333334,1.0,1.0,1.0,1.0,1.0,1.0,42,0,0.0,0.0,0.19444444444444445,0.03888888888888889,0.0,0.0,0.0,0.0,0.0,0.0,0.0,1.0,0.0,0.0,0.0,0.0,0.0,-0.1402677997233123,0.0010875020386405714,0.0010875020386405714,0.0,0.06,0.06,0,0,0,0
0.0,0.05,0.05,180,qiskit_aer,1,3,0.8336490798611111,0.5505151186342593,0.22407407407407406,0.0,0.005555555555555556,0.37777777777777777,0.0,0.0,0.16126244791666652,0.10509465938310672,0.1387499999999997,0.0945296874999999,0.1947843750000001,0.04407406250000019,0.0100805555555555,1.0,0.7444444444444445,0.7166666666666667,0.005555555555555556,0.0,0.0,0.0,0.1388888888888889,0.1719309805318433,0.1082297380082706,0.1508213103929545,0.06734631039295436,0.2359556853929543,0.019221310392954383,0.018880401302045238,1.0,1.0,0.0,0.0,0.0,0.005555555555555556,0.005555555555555556,0.37777777777777777,0.16005650501708824,0.10607930969443856,0.14437499999999964,0.09000000000000027,0.22484631039295444,0.023523565519647665,0.006268214575429167,1.0,1.0,0.5166666666666667,0.0,0.0,0.005555555555555556,0.005555555555555556,0.2111111111111111,0.0,0.033484619733137565,6.027231551964767,0.21439631039295404,0.2330129770596212,0.16005650501708824,0.10607930969443856,0.14437499999999964,0.09000000000000027,0.22484631039295444,0.023523565519647665,0.006268214575429167,1.0,1.0,0.5166666666666667,0.0,0.0,0.005555555555555556,0.005555555555555556,0.2111111111111111,0.0,0.033484619733137565,6.027231551964767,0.21439631039295404,0.2330129770596212,0.16005650501708824,0.10607930969443856,0.14437499999999964,0.09000000000000027,0.22484631039295444,0.023523565519647665,0.006268214575429167,1.0,1.0,0.5166666666666667,0.0,0.0,0.005555555555555556,0.005555555555555556,0.2111111111111111,0.0,0.033484619733137565,6.027231551964767,0.21439631039295404,0.2330129770596212,0.16005650501708824,0.10607930969443856,0.14437499999999964,0.09000000000000027,0.22484631039295444,0.023523565519647665,0.006268214575429167,1.0,1.0,0.5166666666666667,0.0,0.0,0.005555555555555556,0.005555555555555556,0.2111111111111111,0.0,0.033484619733137565,6.027231551964767,0.21439631039295404,0.2330129770596212,1.0,0.25555555555555554,0.25555555555555554,0.25555555555555554,0.25555555555555554,0.0,0.25555555555555554,0.7265625,0.21153846153846154,0.25555555555555554,0.7265625,0.21153846153846154,0.25555555555555554,0.7265625,0.21153846153846154,0.25555555555555554,0.7265625,0.21153846153846154,0.25555555555555554,0.0,0.25555555555555554,0.25555555555555554,0.25555555555555554,0.25555555555555554,0.25555555555555554,0.0,0.0,0.0,0.0,0.25555555555555554,0.25555555555555554,1.0,1.0,1.0,0.25555555555555554,1.0,1.0,1.0,1.0,1.0,1.0,46,0,0.0,0.0,0.2,0.05555555555555555,0.0,0.0,0.0,0.0,0.0,0.0,0.0,1.0,0.0,0.0,0.0,0.0,0.0,-0.03940400728012712,0.0015909513603243137,0.0015909513603243137,0.0,0.1,0.1,0,0,0,0
0.0,0.1,0.1,180,qiskit_aer,1,3,0.8336490798611111,0.4632361014660494,0.3611111111111111,0.0,0.0,0.37777777777777777,0.0,0.0,0.16126244791666652,0.10509465938310672,0.1387499999999997,0.0945296874999999,0.1947843750000001,0.04407406250000019,0.0100805555555555,1.0,0.7222222222222222,0.7166666666666667,0.0,0.0,0.0,0.0,0.1388888888888889,0.1719309805318433,0.1082297380082706,0.1508213103929545,0.06734631039295436,0.2359556853929543,0.019221310392954383,0.018880401302045238,1.0,1.0,0.0,0.0,0.0,0.0,0.0,0.37777777777777777,0.15880308969248724,0.1082639656492868,0.13280937500000017,0.08767187500000015,0.22484631039295444,0.01919006039295438,0.006198770130984712,1.0,1.0,0.4888888888888889,0.0,0.0,0.0,0.0,0.23333333333333334,0.0,0.034738035057738564,6.252846310392949,0.1530463103929535,0.23179075483739892,0.15880308969248724,0.1082639656492868,0.13280937500000017,0.08767187500000015,0.22484631039295444,0.01919006039295438,0.006198770130984712,1.0,1.0,0.4888888888888889,0.0,0.0,0.0,0.0,0.23333333333333334,0.0,0.034738035057738564,6.252846310392949,0.1530463103929535,0.23179075483739892,0.15880308969248724,0.1082639656492868,0.13280937500000017,0.08767187500000015,0.22484631039295444,0.01919006039295438,0.006198770130984712,1.0,1.0,0.4888888888888889,0.0,0.0,0.0,0.0,0.23333333333333334,0.0,0.034738035057738564,6.252846310392949,0.1530463103929535,0.23179075483739892,0.15880308969248724,0.1082639656492868,0.13280937500000017,0.08767187500000015,0.22484631039295444,0.01919006039295438,0.006198770130984712,1.0,1.0,0.4888888888888889,0.0,0.0,0.0,0.0,0.23333333333333334,0.0,0.034738035057738564,6.252846310392949,0.1530463103929535,0.23179075483739892,1.0,0.2777777777777778,0.2777777777777778,0.2777777777777778,0.2777777777777778,0.0,0.2777777777777778,0.6821705426356589,0.17647058823529413,0.2777777777777778,0.6821705426356589,0.17647058823529413,0.2777777777777778,0.6821705426356589,0.17647058823529413,0.2777777777777778,0.6821705426356589,0.17647058823529413,0.2777777777777778,0.0,0.2777777777777778,0.2777777777777778,0.2777777777777778,0.2777777777777778,0.2777777777777778,0.0,0.0,0.0,0.0,0.2777777777777778,0.2777777777777778,1.0,1.0,1.0,0.2777777777777778,1.0,1.0,1.0,1.0,1.0,1.0,50,0,0.0,0.0,0.22777777777777777,0.05,0.0,0.0,0.0,0.0,0.0,0.0,0.0,1.0,0.0,0.0,0.0,0.0,0.0,0.09231945433168792,0.002490069198397456,0.002490069198397456,0.0,0.2,0.2,0,0,0,0
0.25,0.0,0.0,180,qiskit_aer,1,3,0.8336490798611111,0.5639841162712191,0.2222222222222222,0.11111111111111113,0.022222222222222223,0.37777777777777777,0.0,0.9,0.1612624479166665,0.10509465938310672,0.1387499999999997,0.0945296874999999,0.1947843750000001,0.04407406250000019,0.0100805555555555,1.0,0.7722222222222223,0.7166666666666667,0.005555555555555556,0.0,0.022222222222222223,0.022222222222222223,0.1388888888888889,0.1719309805318433,0.1082297380082706,0.1508213103929545,0.06734631039295436,0.2359556853929543,0.019221310392954383,0.018880401302045238,1.0,1.0,0.0,0.0,0.0,0.022222222222222223,0.022222222222222223,0.37777777777777777,0.15939410750617283,0.10480171980381439,0.14156249999999965,0.09206015624999991,0.21652407759823836,0.019221310392954383,0.007563524157181689,1.0,1.0,0.5388888888888889,0.0,0.0,0.022222222222222223,0.022222222222222223,0.20555555555555555,0.0,0.034147017244052974,6.1464631039295385,0.21439631039295404,0.2330129770596212,0.15939410750617283,0.10480171980381439,0.14156249999999965,0.09206015624999991,0.21652407759823836,0.019221310392954383,0.007563524157181689,1.0,1.0,0.5388888888888889,0.0,0.0,0.022222222222222223,0.022222222222222223,0.20555555555555555,0.0,0.034147017244052974,6.1464631039295385,0.21439631039295404,0.2330129770596212,0.15939410750617283,0.10480171980381439,0.14156249999999965,0.09206015624999991,0.21652407759823836,0.019221310392954383,0.007563524157181689,1.0,1.0,0.5388888888888889,0.0,0.0,0.022222222222222223,0.022222222222222223,0.20555555555555555,0.0,0.034147017244052974,6.1464631039295385,0.21439631039295404,0.2330129770596212,0.15939410750617283,0.10480171980381439,0.14156249999999965,0.09206015624999991,0.21652407759823836,0.019221310392954383,0.007563524157181689,1.0,1.0,0.5388888888888889,0.0,0.0,0.022222222222222223,0.022222222222222223,0.20555555555555555,0.0,0.034147017244052974,6.1464631039295385,0.21439631039295404,0.2330129770596212,1.0,0.22777777777777777,0.22777777777777777,0.22777777777777777,0.22777777777777777,0.0,0.22777777777777777,0.751937984496124,0.17647058823529413,0.22777777777777777,0.751937984496124,0.17647058823529413,0.22777777777777777,0.751937984496124,0.17647058823529413,0.22777777777777777,0.751937984496124,0.17647058823529413,0.22777777777777777,0.0,0.22777777777777777,0.22777777777777777,0.22777777777777777,0.22777777777777777,0.22777777777777777,0.0,0.0,0.0,0.0,0.22777777777777777,0.22777777777777777,1.0,1.0,1.0,0.22777777777777777,1.0,1.0,1.0,1.0,1.0,1.0,41,0,0.0,0.0,0.17777777777777778,0.05,0.0,0.0,0.0,0.0,0.0,0.0,0.0,1.0,0.0,0.0,0.0,0.0,0.0,-0.10842856047589612,0.002067063480279946,0.002067063480279946,0.0,0.36111111111111116,0.36111111111111116,0,0,0,0
0.25,0.03,0.03,180,qiskit_aer,1,3,0.8336490798611111,0.5102025151909723,0.3111111111111111,0.11111111111111113,0.022222222222222223,0.37777777777777777,0.0,0.9,0.1612624479166665,0.10509465938310673,0.1387499999999997,0.0945296874999999,0.1947843750000001,0.04407406250000019,0.0100805555555555,1.0,0.7333333333333333,0.7166666666666667,0.005555555555555556,0.0,0.022222222222222223,0.022222222222222223,0.1388888888888889,0.1719309805318433,0.1082297380082706,0.1508213103929545,0.06734631039295436,0.2359556853929543,0.019221310392954383,0.018880401302045238,1.0,1.0,0.0,0.0,0.0,0.022222222222222223,0.022222222222222223,0.37777777777777777,0.1596936862436766,0.10707458123429706,0.1443749999999996,0.0900000000000003,0.22484631039295444,0.01919006039295438,0.006198770130984712,1.0,1.0,0.5055555555555555,0.0,0.0,0.022222222222222223,0.022222222222222223,0.2222222222222222,0.0,0.03384743850654918,6.092538931178857,0.1530463103929535,0.23179075483739892,0.1596936862436766,0.10707458123429706,0.1443749999999996,0.0900000000000003,0.22484631039295444,0.01919006039295438,0.006198770130984712,1.0,1.0,0.5055555555555555,0.0,0.0,0.022222222222222223,0.022222222222222223,0.2222222222222222,0.0,0.03384743850654918,6.092538931178857,0.1530463103929535,0.23179075483739892,0.1596936862436766,0.10707458123429706,0.1443749999999996,0.0900000000000003,0.22484631039295444,0.01919006039295438,0.006198770130984712,1.0,1.0,0.5055555555555555,0.0,0.0,0.022222222222222223,0.022222222222222223,0.2222222222222222,0.0,0.03384743850654918,6.092538931178857,0.1530463103929535,0.23179075483739892,0.1596936862436766,0.10707458123429706,0.1443749999999996,0.0900000000000003,0.22484631039295444,0.01919006039295438,0.006198770130984712,1.0,1.0,0.5055555555555555,0.0,0.0,0.022222222222222223,0.022222222222222223,0.2222222222222222,0.0,0.03384743850654918,6.092538931178857,0.1530463103929535,0.23179075483739892,1.0,0.26666666666666666,0.26666666666666666,0.26666666666666666,0.26666666666666666,0.0,0.26666666666666666,0.7054263565891473,0.19607843137254902,0.26666666666666666,0.7054263565891473,0.19607843137254902,0.26666666666666666,0.7054263565891473,0.19607843137254902,0.26666666666666666,0.7054263565891473,0.19607843137254902,0.26666666666666666,0.0,0.26666666666666666,0.26666666666666666,0.26666666666666666,0.26666666666666666,0.26666666666666666,0.0,0.0,0.0,0.0,0.26666666666666666,0.26666666666666666,1.0,1.0,1.0,0.26666666666666666,1.0,1.0,1.0,1.0,1.0,1.0,48,0,0.0,0.0,0.2111111111111111,0.05555555555555555,0.0,0.0,0.0,0.0,0.0,0.0,0.0,1.0,0.0,0.0,0.0,0.0,0.0,0.02313081838254071,0.0012638393224501893,0.0012638393224501893,0.0,0.4211111111111112,0.4211111111111112,0,0,0,0
0.25,0.05,0.05,180,qiskit_aer,1,3,0.8336490798611111,0.46843231843171296,0.3814814814814815,0.11111111111111113,0.0,0.37777777777777777,0.0,0.9,0.16126244791666652,0.10509465938310672,0.1387499999999997,0.0945296874999999,0.1947843750000001,0.04407406250000019,0.0100805555555555,1.0,0.7611111111111111,0.7166666666666667,0.0,0.0,0.0,0.0,0.1388888888888889,0.1719309805318433,0.1082297380082706,0.1508213103929545,0.06734631039295436,0.2359556853929543,0.019221310392954383,0.018880401302045238,1.0,1.0,0.0,0.0,0.0,0.0,0.0,0.37777777777777777,0.16247573317720565,0.10721531008353825,0.14437499999999964,0.09206015624999991,0.22484631039295444,0.02349231551964766,0.006198770130984712,1.0,1.0,0.5444444444444444,0.0,0.0,0.0,0.0,0.2,0.0,0.031065391573020143,5.59177048314363,0.1530463103929535,0.23179075483739892,0.16247573317720565,0.10721531008353825,0.14437499999999964,0.09206015624999991,0.22484631039295444,0.02349231551964766,0.006198770130984712,1.0,1.0,0.5444444444444444,0.0,0.0,0.0,0.0,0.2,0.0,0.031065391573020143,5.59177048314363,0.1530463103929535,0.23179075483739892,0.16247573317720565,0.10721531008353825,0.14437499999999964,0.09206015624999991,0.22484631039295444,0.02349231551964766,0.006198770130984712,1.0,1.0,0.5444444444444444,0.0,0.0,0.0,0.0,0.2,0.0,0.031065391573020143,5.59177048314363,0.1530463103929535,0.23179075483739892,0.16247573317720565,0.10721531008353825,0.14437499999999964,0.09206015624999991,0.22484631039295444,0.02349231551964766,0.006198770130984712,1.0,1.0,0.5444444444444444,0.0,0.0,0.0,0.0,0.2,0.0,0.031065391573020143,5.59177048314363,0.1530463103929535,0.23179075483739892,1.0,0.2388888888888889,0.2388888888888889,0.2388888888888889,0.2388888888888889,0.0,0.2388888888888889,0.7596899224806202,0.23529411764705882,0.2388888888888889,0.7596899224806202,0.23529411764705882,0.2388888888888889,0.7596899224806202,0.23529411764705882,0.2388888888888889,0.7596899224806202,0.23529411764705882,0.2388888888888889,0.0,0.2388888888888889,0.2388888888888889,0.2388888888888889,0.2388888888888889,0.2388888888888889,0.0,0.0,0.0,0.0,0.2388888888888889,0.2388888888888889,1.0,1.0,1.0,0.2388888888888889,1.0,1.0,1.0,1.0,1.0,1.0,43,0,0.0,0.0,0.17222222222222222,0.06666666666666667,0.0,0.0,0.0,0.0,0.0,0.0,0.0,1.0,0.0,0.0,0.0,0.0,0.0,0.00934545958675009,0.00235173695306904,0.00235173695306904,0.0,0.46111111111111114,0.46111111111111114,0,0,0,0
0.25,0.1,0.1,180,qiskit_aer,1,3,0.8336490798611111,0.3824098984857253,0.5111111111111111,0.11111111111111113,0.0,0.37777777777777777,0.0,0.9,0.1612624479166665,0.10509465938310675,0.1387499999999997,0.0945296874999999,0.1947843750000001,0.04407406250000019,0.0100805555555555,1.0,0.7777777777777778,0.7166666666666667,0.0,0.0,0.0,0.0,0.1388888888888889,0.1719309805318433,0.1082297380082706,0.1508213103929545,0.06734631039295436,0.2359556853929543,0.019221310392954383,0.018880401302045238,1.0,1.0,0.0,0.0,0.0,0.0,0.0,0.37777777777777777,0.15992273911510085,0.10758689725465417,0.1443749999999996,0.09000000000000027,0.22484631039295444,0.019221310392954383,0.007563524157181689,1.0,1.0,0.5388888888888889,0.0,0.0,0.0,0.0,0.20555555555555555,0.0,0.03361838563512494,6.051309414322493,0.1530463103929535,0.23179075483739892,0.15992273911510085,0.10758689725465417,0.1443749999999996,0.09000000000000027,0.22484631039295444,0.019221310392954383,0.007563524157181689,1.0,1.0,0.5388888888888889,0.0,0.0,0.0,0.0,0.20555555555555555,0.0,0.03361838563512494,6.051309414322493,0.1530463103929535,0.23179075483739892,0.15992273911510085,0.10758689725465417,0.1443749999999996,0.09000000000000027,0.22484631039295444,0.019221310392954383,0.007563524157181689,1.0,1.0,0.5388888888888889,0.0,0.0,0.0,0.0,0.20555555555555555,0.0,0.03361838563512494,6.051309414322493,0.1530463103929535,0.23179075483739892,0.15992273911510085,0.10758689725465417,0.1443749999999996,0.09000000000000027,0.22484631039295444,0.019221310392954383,0.007563524157181689,1.0,1.0,0.5388888888888889,0.0,0.0,0.0,0.0,0.20555555555555555,0.0,0.03361838563512494,6.051309414322493,0.1530463103929535,0.23179075483739892,1.0,0.2222222222222222,0.2222222222222222,0.2222222222222222,0.2222222222222222,0.0,0.2222222222222222,0.751937984496124,0.1568627450980392,0.2222222222222222,0.751937984496124,0.1568627450980392,0.2222222222222222,0.751937984496124,0.1568627450980392,0.2222222222222222,0.751937984496124,0.1568627450980392,0.2222222222222222,0.0,0.2222222222222222,0.2222222222222222,0.2222222222222222,0.2222222222222222,0.2222222222222222,0.0,0.0,0.0,0.0,0.2222222222222222,0.2222222222222222,1.0,1.0,1.0,0.2222222222222222,1.0,1.0,1.0,1.0,1.0,1.0,40,0,0.0,0.0,0.17777777777777778,0.044444444444444446,0.0,0.0,0.0,0.0,0.0,0.0,0.0,1.0,0.0,0.0,0.0,0.0,0.0,0.062034546202613026,0.002002229912076081,0.002002229912076081,0.0,0.5611111111111111,0.5611111111111111,0,0,0,0
0.5,0.0,0.0,180,qiskit_aer,1,3,0.8336490798611111,0.4624480128761574,0.42777777777777776,0.2138888888888889,0.0,0.37777777777777777,0.0,1.0,0.16126244791666652,0.10509465938310672,0.1387499999999997,0.0945296874999999,0.1947843750000001,0.04407406250000019,0.0100805555555555,1.0,0.7388888888888889,0.7166666666666667,0.0,0.0,0.0,0.0,0.1388888888888889,0.1719309805318433,0.1082297380082706,0.1508213103929545,0.06734631039295436,0.2359556853929543,0.019221310392954383,0.018880401302045238,1.0,1.0,0.0,0.0,0.0,0.0,0.0,0.37777777777777777,0.16083342896371577,0.10676717628253947,0.1443749999999996,0.0900000000000003,0.22484631039295444,0.02349231551964766,0.006198770130984712,1.0,1.0,0.5166666666666667,0.0,0.0,0.0,0.0,0.2111111111111111,0.0,0.03270769578651004,5.887385241571812,0.1530463103929535,0.23179075483739892,0.16083342896371577,0.10676717628253947,0.1443749999999996,0.0900000000000003,0.22484631039295444,0.02349231551964766,0.006198770130984712,1.0,1.0,0.5166666666666667,0.0,0.0,0.0,0.0,0.2111111111111111,0.0,0.03270769578651004,5.887385241571812,0.1530463103929535,0.23179075483739892,0.16083342896371577,0.10676717628253947,0.1443749999999996,0.0900000000000003,0.22484631039295444,0.02349231551964766,0.006198770130984712,1.0,1.0,0.5166666666666667,0.0,0.0,0.0,0.0,0.2111111111111111,0.0,0.03270769578651004,5.887385241571812,0.1530463103929535,0.23179075483739892,0.1604731716837549,0.106974444491538,0.1443749999999996,0.09000000000000027,0.22484631039295444,0.02349231551964766,0.006198770130984712,1.0,0.9944444444444445,0.5166666666666667,0.0,0.0,0.0,0.0,0.2111111111111111,5.186207926533367e-23,0.033067953066470895,5.952231551964767,0.1530463103929535,0.23179075483739892,1.0,0.2611111111111111,0.2611111111111111,0.2611111111111111,0.25555555555555554,0.005555555555555556,0.2611111111111111,0.7209302325581395,0.21568627450980393,0.2611111111111111,0.7209302325581395,0.21568627450980393,0.2611111111111111,0.7209302325581395,0.21568627450980393,0.25555555555555554,0.7209302325581395,0.19607843137254902,0.2611111111111111,0.0,0.2611111111111111,0.2611111111111111,0.25555555555555554,0.2611111111111111,0.2611111111111111,0.005555555555555556,0.0,0.0,0.0,0.2611111111111111,0.2611111111111111,1.0,1.0,0.9833333333333333,0.25555555555555554,1.0,1.0,1.0,1.0,0.9787234042553191,0.9787234042553191,47,1,0.005555555555555556,0.02127659574468085,0.2,0.06111111111111111,0.0,0.005555555555555556,0.0,1.0,0.0,0.0,0.09090909090909091,0.9090909090909091,0.0,0.06484631039295408,-0.06484631039295408,-0.000360257279960856,-0.06484631039295408,0.059774209585067004,0.001476317136105081,0.001476317136105081,0.0,0.7138888888888889,0.7138888888888889,0,0,0,1
0.5,0.03,0.03,180,qiskit_aer,1,3,0.8336490798611111,0.41436687475887346,0.4962962962962963,0.2138888888888889,0.0,0.37777777777777777,0.0,1.0,0.1612624479166665,0.10509465938310672,0.1387499999999997,0.0945296874999999,0.1947843750000001,0.04407406250000019,0.0100805555555555,1.0,0.7444444444444445,0.7166666666666667,0.0,0.0,0.0,0.0,0.1388888888888889,0.1719309805318433,0.1082297380082706,0.1508213103929545,0.06734631039295436,0.2359556853929543,0.019221310392954383,0.018880401302045238,1.0,1.0,0.0,0.0,0.0,0.0,0.0,0.37777777777777777,0.15891761612819935,0.10711275873453116,0.1443749999999996,0.09000000000000027,0.22484631039295444,0.01919006039295438,0.006198770130984712,1.0,1.0,0.5055555555555555,0.0,0.0,0.0,0.0,0.2222222222222222,0.0,0.03462350862202645,6.232231551964767,0.1530463103929535,0.23179075483739892,0.15891761612819935,0.10711275873453116,0.1443749999999996,0.09000000000000027,0.22484631039295444,0.01919006039295438,0.006198770130984712,1.0,1.0,0.5055555555555555,0.0,0.0,0.0,0.0,0.2222222222222222,0.0,0.03462350862202645,6.232231551964767,0.1530463103929535,0.23179075483739892,0.15891761612819935,0.10711275873453116,0.1443749999999996,0.09000000000000027,0.22484631039295444,0.01919006039295438,0.006198770130984712,1.0,1.0,0.5055555555555555,0.0,0.0,0.0,0.0,0.2222222222222222,0.0,0.03462350862202645,6.232231551964767,0.1530463103929535,0.23179075483739892,0.15891761612819935,0.10711275873453116,0.1443749999999996,0.09000000000000027,0.22484631039295444,0.01919006039295438,0.006198770130984712,1.0,1.0,0.5055555555555555,0.0,0.0,0.0,0.0,0.2222222222222222,0.0,0.03462350862202645,6.232231551964767,0.1530463103929535,0.23179075483739892,1.0,0.25555555555555554,0.25555555555555554,0.25555555555555554,0.25555555555555554,0.0,0.25555555555555554,0.7054263565891473,0.1568627450980392,0.25555555555555554,0.7054263565891473,0.1568627450980392,0.25555555555555554,0.7054263565891473,0.1568627450980392,0.25555555555555554,0.7054263565891473,0.1568627450980392,0.25555555555555554,0.0,0.25555555555555554,0.25555555555555554,0.25555555555555554,0.25555555555555554,0.25555555555555554,0.0,0.0,0.0,0.0,0.25555555555555554,0.25555555555555554,1.0,1.0,0.9833333333333333,0.25555555555555554,1.0,1.0,1.0,1.0,1.0,1.0,46,0,0.0,0.0,0.2111111111111111,0.044444444444444446,0.0,0.0,0.0,0.0,0.0,0.0,0.0,1.0,0.0,0.0,0.0,0.0,0.0,0.09674423659444711,0.0024411958467130956,0.0024411958467130956,0.0,0.772888888888889,0.773888888888889,0,0,0,0
0.5,0.05,0.05,180,qiskit_aer,1,3,0.8336490798611111,0.3730831565875772,0.5592592592592592,0.2138888888888889,0.0,0.37777777777777777,0.0,1.0,0.1612624479166665,0.10509465938310675,0.1387499999999997,0.0945296874999999,0.1947843750000001,0.04407406250000019,0.0100805555555555,1.0,0.7444444444444445,0.7166666666666667,0.0,0.0,0.0,0.0,0.1388888888888889,0.1719309805318433,0.1082297380082706,0.1508213103929545,0.06734631039295436,0.2359556853929543,0.019221310392954383,0.018880401302045238,1.0,1.0,0.0,0.0,0.0,0.0,0.0,0.37777777777777777,0.16002872723931044,0.10692706291046922,0.14437499999999964,0.09000000000000027,0.22484631039295444,0.018596310392954285,0.00743852415718167,1.0,1.0,0.5166666666666667,0.0,0.0,0.0,0.0,0.23333333333333334,0.0,0.033512397510915344,6.032231551964767,0.21439631039295404,0.2330129770596212,0.16002872723931044,0.10692706291046922,0.14437499999999964,0.09000000000000027,0.22484631039295444,0.018596310392954285,0.00743852415718167,1.0,1.0,0.5166666666666667,0.0,0.0,0.0,0.0,0.23333333333333334,0.0,0.033512397510915344,6.032231551964767,0.21439631039295404,0.2330129770596212,0.16002872723931044,0.10692706291046922,0.14437499999999964,0.09000000000000027,0.22484631039295444,0.018596310392954285,0.00743852415718167,1.0,1.0,0.5166666666666667,0.0,0.0,0.0,0.0,0.23333333333333334,0.0,0.033512397510915344,6.032231551964767,0.21439631039295404,0.2330129770596212,0.1588359904571665,0.10686233973401715,0.1443749999999996,0.08955937500000014,0.22484631039295444,0.018596310392954285,0.00743852415718167,1.0,0.9888888888888889,0.5166666666666667,0.0,0.0,0.0,0.0,0.23333333333333334,0.000544714145203391,0.034705134293059284,6.246924172750675,0.21439631039295404,0.2330129770596212,1.0,0.25555555555555554,0.25555555555555554,0.25555555555555554,0.24444444444444444,0.011111111111111112,0.25555555555555554,0.7209302325581395,0.19607843137254902,0.25555555555555554,0.7209302325581395,0.19607843137254902,0.25555555555555554,0.7209302325581395,0.19607843137254902,0.24444444444444444,0.7209302325581395,0.1568627450980392,0.25555555555555554,0.0,0.25555555555555554,0.25555555555555554,0.24444444444444444,0.25555555555555554,0.25555555555555554,0.011111111111111112,0.0,0.0,0.0,0.25555555555555554,0.25555555555555554,1.0,1.0,0.9833333333333333,0.24444444444444444,1.0,1.0,1.0,1.0,0.9565217391304348,0.9565217391304348,46,2,0.011111111111111112,0.043478260869565216,0.2,0.05555555555555555,0.0,0.011111111111111112,0.0,1.0,0.0,0.0,0.2,0.8,0.0,0.21469262078590845,-0.21469262078590845,-0.0011927367821439358,-0.21469262078590845,0.13802795477111945,0.0032281968826149998,0.0032281968826149998,0.0,0.8122222222222223,0.813888888888889,0,0,0,2
0.5,0.1,0.1,180,qiskit_aer,1,3,0.8336490798611111,0.3064506647858796,0.6537037037037037,0.2138888888888889,0.0,0.37777777777777777,0.0,1.0,0.1612624479166665,0.10509465938310672,0.1387499999999997,0.0945296874999999,0.19478437499999993,0.04407406250000019,0.0100805555555555,1.0,0.7444444444444445,0.7166666666666667,0.0,0.0,0.0,0.0,0.1388888888888889,0.1719309805318433,0.1082297380082706,0.1508213103929545,0.06734631039295436,0.2359556853929543,0.019221310392954383,0.018880401302045238,1.0,1.0,0.0,0.0,0.0,0.0,0.0,0.37777777777777777,0.15944539390597712,0.1063520120291117,0.14156249999999965,0.09000000000000027,0.22484631039295444,0.04225124999999987,0.00677140230954534,1.0,1.0,0.5111111111111111,0.0,0.0,0.0,0.0,0.20555555555555555,0.0,0.034095730844248676,6.137231551964767,0.1530463103929535,0.23179075483739892,0.15944539390597712,0.1063520120291117,0.14156249999999965,0.09000000000000027,0.22484631039295444,0.04225124999999987,0.00677140230954534,1.0,1.0,0.5111111111111111,0.0,0.0,0.0,0.0,0.20555555555555555,0.0,0.034095730844248676,6.137231551964767,0.1530463103929535,0.23179075483739892,0.15944539390597712,0.1063520120291117,0.14156249999999965,0.09000000000000027,0.22484631039295444,0.04225124999999987,0.00677140230954534,1.0,1.0,0.5111111111111111,0.0,0.0,0.0,0.0,0.20555555555555555,0.0,0.034095730844248676,6.137231551964767,0.1530463103929535,0.23179075483739892,0.15933513662601625,0.10645767090747282,0.14156249999999965,0.09000000000000027,0.22484631039295444,0.04225124999999987,0.00677140230954534,1.0,0.9944444444444445,0.5111111111111111,0.0,0.0,0.0,0.0,0.20555555555555555,3.695098938200831e-21,0.03420598812420953,6.157077862357721,0.1530463103929535,0.23179075483739892,1.0,0.25555555555555554,0.25555555555555554,0.25555555555555554,0.25,0.005555555555555556,0.25555555555555554,0.7131782945736435,0.17647058823529413,0.25555555555555554,0.7131782945736435,0.17647058823529413,0.25555555555555554,0.7131782945736435,0.17647058823529413,0.25,0.7131782945736435,0.1568627450980392,0.25555555555555554,0.0,0.25555555555555554,0.25555555555555554,0.25,0.25555555555555554,0.25555555555555554,0.005555555555555556,0.0,0.0,0.0,0.25555555555555554,0.25555555555555554,1.0,1.0,0.9333333333333333,0.25,1.0,1.0,1.0,1.0,0.9782608695652174,0.9782608695652174,46,1,0.005555555555555556,0.021739130434782608,0.20555555555555555,0.05,0.0,0.005555555555555556,0.0,1.0,0.0,0.0,0.1111111111111111,0.8888888888888888,0.0,0.01984631039295437,-0.01984631039295437,-0.00011025727996085761,-0.01984631039295437,0.204660446566206,0.0025328405823282682,0.0025328405823282682,0.0,0.9088888888888889,0.9138888888888889,0,0,0,1
0.75,0.0,0.0,180,qiskit_aer,1,3,0.8336490798611111,0.3334279460841049,0.7111111111111111,0.35555555555555557,0.0,0.37777777777777777,0.0,1.0,0.1612624479166665,0.10509465938310673,0.1387499999999997,0.0945296874999999,0.1947843750000001,0.04407406250000019,0.0100805555555555,1.0,0.7722222222222223,0.7166666666666667,0.0,0.0,0.0,0.0,0.1388888888888889,0.1719309805318433,0.1082297380082706,0.1508213103929545,0.06734631039295436,0.2359556853929543,0.019221310392954383,0.018880401302045238,1.0,1.0,0.0,0.0,0.0,0.0,0.0,0.37777777777777777,0.16058855195061728,0.10617011489903647,0.14437499999999964,0.09000000000000027,0.22484631039295444,0.019221310392954383,0.007563524157181689,1.0,1.0,0.5388888888888889,0.0,0.0,0.0,0.0,0.21666666666666667,0.0,0.032952572799608525,5.931463103929539,0.21439631039295404,0.2330129770596212,0.16058855195061728,0.10617011489903647,0.14437499999999964,0.09000000000000027,0.22484631039295444,0.019221310392954383,0.007563524157181689,1.0,1.0,0.5388888888888889,0.0,0.0,0.0,0.0,0.21666666666666667,0.0,0.032952572799608525,5.931463103929539,0.21439631039295404,0.2330129770596212,0.16058855195061728,0.10617011489903647,0.14437499999999964,0.09000000000000027,0.22484631039295444,0.019221310392954383,0.007563524157181689,1.0,1.0,0.5388888888888889,0.0,0.0,0.0,0.0,0.21666666666666667,0.0,0.032952572799608525,5.931463103929539,0.21439631039295404,0.2330129770596212,0.1620949274188496,0.10564016110724574,0.1387499999999997,0.0945296874999999,0.20849062499999976,0.04407406250000019,0.0100805555555555,1.0,0.7777777777777778,0.7166666666666667,0.0,0.0,0.0,0.0,0.1388888888888889,0.003062592149877798,0.03144619733137621,5.660315519647717,0.21439631039295404,0.2330129770596212,1.0,0.22777777777777777,0.22777777777777777,0.22777777777777777,0.005555555555555556,0.2222222222222222,0.22777777777777777,0.751937984496124,0.17647058823529413,0.22777777777777777,0.751937984496124,0.17647058823529413,0.22777777777777777,0.751937984496124,0.17647058823529413,0.005555555555555556,1.0,0.0196078431372549,0.22777777777777777,0.0,0.22777777777777777,0.22777777777777777,0.005555555555555556,0.22777777777777777,0.22777777777777777,0.2222222222222222,0.0,0.0,0.0,0.22777777777777777,0.22777777777777777,1.0,1.0,0.016666666666666666,0.005555555555555556,1.0,1.0,1.0,1.0,0.024390243902439025,0.024390243902439025,41,40,0.2222222222222222,0.975609756097561,0.17777777777777778,0.05,0.17777777777777778,0.044444444444444446,0.8,0.2,0.8,1.0,0.8888888888888888,0.11111111111111116,0.9649180674254509,0.6937704831436348,0.2711475842818162,0.0015063754682323122,0.2711475842818162,0.12212760971267103,0.003062592149877798,0.003062592149877798,0.0,0.999537037037037,1.1055555555555556,0,0,0,40
0.75,0.03,0.03,180,qiskit_aer,1,3,0.8336490798611111,0.2987513604359568,0.75,0.35555555555555557,0.0,0.37777777777777777,0.0,1.0,0.1612624479166665,0.10509465938310672,0.1387499999999997,0.0945296874999999,0.1947843750000001,0.04407406250000019,0.0100805555555555,1.0,0.7444444444444445,0.7166666666666667,0.0,0.0,0.0,0.0,0.1388888888888889,0.1719309805318433,0.1082297380082706,0.1508213103929545,0.06734631039295436,0.2359556853929543,0.019221310392954383,0.018880401302045238,1.0,1.0,0.0,0.0,0.0,0.0,0.0,0.37777777777777777,0.1607231716837549,0.10787775734339455,0.14156249999999965,0.0900000000000003,0.22484631039295444,0.019221310392954383,0.007563524157181689,1.0,1.0,0.5166666666666667,0.0,0.0,0.0,0.0,0.2111111111111111,0.0,0.032817953066470895,5.907231551964767,0.1530463103929535,0.23179075483739892,0.1607231716837549,0.10787775734339455,0.14156249999999965,0.0900000000000003,0.22484631039295444,0.019221310392954383,0.007563524157181689,1.0,1.0,0.5166666666666667,0.0,0.0,0.0,0.0,0.2111111111111111,0.0,0.032817953066470895,5.907231551964767,0.1530463103929535,0.23179075483739892,0.1607231716837549,0.10787775734339455,0.14156249999999965,0.0900000000000003,0.22484631039295444,0.019221310392954383,0.007563524157181689,1.0,1.0,0.5166666666666667,0.0,0.0,0.0,0.0,0.2111111111111111,0.0,0.032817953066470895,5.907231551964767,0.1530463103929535,0.23179075483739892,0.1612624479166665,0.10509465938310672,0.1387499999999997,0.0945296874999999,0.1947843750000001,0.04407406250000019,0.0100805555555555,1.0,0.7444444444444445,0.7166666666666667,0.0,0.0,0.0,0.0,0.1388888888888889,0.001884498956287537,0.03227867683355929,5.810161830040672,0.21439631039295404,0.2330129770596212,1.0,0.25555555555555554,0.25555555555555554,0.25555555555555554,0.0,0.25555555555555554,0.25555555555555554,0.7209302325581395,0.19607843137254902,0.25555555555555554,0.7209302325581395,0.19607843137254902,0.25555555555555554,0.7209302325581395,0.19607843137254902,0.0,1.0,0.0,0.25555555555555554,0.0,0.25555555555555554,0.25555555555555554,0.0,0.25555555555555554,0.25555555555555554,0.25555555555555554,0.0,0.0,0.0,0.25555555555555554,0.25555555555555554,1.0,1.0,0.0,0.0,1.0,1.0,1.0,1.0,0.0,0.0,46,46,0.25555555555555554,1.0,0.2,0.05555555555555555,0.2,0.05555555555555555,0.782608695652174,0.21739130434782608,0.782608695652174,1.0,1.0,0.0,1.0855328258536323,0.9884631039295432,0.09706972192408914,0.0005392762329116063,0.09706972192408914,0.21235975091934006,0.001884498956287537,0.001884498956287537,0.0,1.0,1.1655555555555557,0,0,0,46
0.75,0.05,0.05,180,qiskit_aer,1,3,0.8336490798611111,0.26814265576774693,0.7925925925925926,0.35555555555555557,0.0,0.37777777777777777,0.0,1.0,0.1612624479166665,0.10509465938310673,0.1387499999999997,0.0945296874999999,0.1947843750000001,0.04407406250000019,0.0100805555555555,1.0,0.75,0.7166666666666667,0.0,0.0,0.0,0.0,0.1388888888888889,0.1719309805318433,0.1082297380082706,0.1508213103929545,0.06734631039295436,0.2359556853929543,0.019221310392954383,0.018880401302045238,1.0,1.0,0.0,0.0,0.0,0.0,0.0,0.37777777777777777,0.15875180329268293,0.10615972751524748,0.13805937499999976,0.08955937500000019,0.22484631039295444,0.01919006039295438,0.006198770130984712,1.0,1.0,0.5166666666666667,0.0,0.0,0.0,0.0,0.21666666666666667,0.0,0.03478932145754286,6.262077862357721,0.21439631039295404,0.2330129770596212,0.15875180329268293,0.10615972751524748,0.13805937499999976,0.08955937500000019,0.22484631039295444,0.01919006039295438,0.006198770130984712,1.0,1.0,0.5166666666666667,0.0,0.0,0.0,0.0,0.21666666666666667,0.0,0.03478932145754286,6.262077862357721,0.21439631039295404,0.2330129770596212,0.15875180329268293,0.10615972751524748,0.13805937499999976,0.08955937500000019,0.22484631039295444,0.01919006039295438,0.006198770130984712,1.0,1.0,0.5166666666666667,0.0,0.0,0.0,0.0,0.21666666666666667,0.0,0.03478932145754286,6.262077862357721,0.21439631039295404,0.2330129770596212,0.1612624479166665,0.10509465938310673,0.1387499999999997,0.0945296874999999,0.1947843750000001,0.04407406250000019,0.0100805555555555,1.0,0.75,0.7166666666666667,0.0,0.0,0.0,0.0,0.1388888888888889,0.0017682632093964507,0.03227867683355929,5.810161830040672,0.21439631039295404,0.2330129770596212,1.0,0.25,0.25,0.25,0.0,0.25,0.25,0.7209302325581395,0.17647058823529413,0.25,0.7209302325581395,0.17647058823529413,0.25,0.7209302325581395,0.17647058823529413,0.0,1.0,0.0,0.25,0.0,0.25,0.25,0.0,0.25,0.25,0.25,0.0,0.0,0.0,0.25,0.25,1.0,1.0,0.0,0.0,1.0,1.0,1.0,1.0,0.0,0.0,45,45,0.25,1.0,0.2,0.05,0.2,0.05,0.8,0.2,0.8,1.0,1.0,0.0,1.0855328258536323,0.6336167935365891,0.45191603231704325,0.0025106446239835734,0.45191603231704325,0.23185734446788245,0.0017682632093964507,0.0017682632093964507,0.0,1.0,1.2055555555555557,0,0,0,45
0.75,0.1,0.1,180,qiskit_aer,1,3,0.8336490798611111,0.22317443479938273,0.8462962962962963,0.35555555555555557,0.0,0.37777777777777777,0.0,1.0,0.1612624479166665,0.10509465938310672,0.1387499999999997,0.0945296874999999,0.1947843750000001,0.04407406250000019,0.0100805555555555,1.0,0.7555555555555555,0.7166666666666667,0.0,0.0,0.0,0.0,0.1388888888888889,0.1719309805318433,0.1082297380082706,0.1508213103929545,0.06734631039295436,0.2359556853929543,0.019221310392954383,0.018880401302045238,1.0,1.0,0.0,0.0,0.0,0.0,0.0,0.37777777777777777,0.16089154601272207,0.10492015086968699,0.14437499999999964,0.0900000000000003,0.22484631039295444,0.04225124999999987,0.00677140230954534,1.0,1.0,0.5333333333333333,0.0,0.0,0.0,0.0,0.2,0.0,0.03264957873750373,5.876924172750676,0.21439631039295404,0.2330129770596212,0.16089154601272207,0.10492015086968699,0.14437499999999964,0.0900000000000003,0.22484631039295444,0.04225124999999987,0.00677140230954534,1.0,1.0,0.5333333333333333,0.0,0.0,0.0,0.0,0.2,0.0,0.03264957873750373,5.876924172750676,0.21439631039295404,0.2330129770596212,0.16089154601272207,0.10492015086968699,0.14437499999999964,0.0900000000000003,0.22484631039295444,0.04225124999999987,0.00677140230954534,1.0,1.0,0.5333333333333333,0.0,0.0,0.0,0.0,0.2,0.0,0.03264957873750373,5.876924172750676,0.21439631039295404,0.2330129770596212,0.1612624479166665,0.10509465938310672,0.1387499999999997,0.0945296874999999,0.1947843750000001,0.04407406250000019,0.0100805555555555,1.0,0.7555555555555555,0.7166666666666667,0.0,0.0,0.0,0.0,0.1388888888888889,0.0013403449818821553,0.03227867683355929,5.810161830040672,0.21439631039295404,0.2330129770596212,1.0,0.24444444444444444,0.24444444444444444,0.24444444444444444,0.0,0.24444444444444444,0.24444444444444444,0.7441860465116279,0.21568627450980393,0.24444444444444444,0.7441860465116279,0.21568627450980393,0.24444444444444444,0.7441860465116279,0.21568627450980393,0.0,1.0,0.0,0.24444444444444444,0.0,0.24444444444444444,0.24444444444444444,0.0,0.24444444444444444,0.24444444444444444,0.24444444444444444,0.0,0.0,0.0,0.24444444444444444,0.24444444444444444,1.0,1.0,0.0,0.0,1.0,1.0,1.0,1.0,0.0,0.0,44,44,0.24444444444444444,1.0,0.18333333333333332,0.06111111111111111,0.18333333333333332,0.06111111111111111,0.75,0.25,0.75,1.0,1.0,0.0,0.9950717570324963,0.9283094143224973,0.06676234270999903,0.0003709019039444391,0.06676234270999903,0.26571445433582197,0.0013403449818821553,0.0013403449818821553,0.0,1.0,1.3055555555555556,0,0,0,44
1.0,0.0,0.0,180,qiskit_aer,1,3,0.8336490798611111,0.18256566502700616,1.0,0.5,0.0,0.37777777777777777,0.0,1.0,0.16126244791666652,0.10509465938310672,0.1387499999999997,0.0945296874999999,0.1947843750000001,0.04407406250000019,0.0100805555555555,1.0,0.7444444444444445,0.7166666666666667,0.0,0.0,0.0,0.0,0.1388888888888889,0.1719309805318433,0.1082297380082706,0.1508213103929545,0.06734631039295436,0.2359556853929543,0.019221310392954383,0.018880401302045238,1.0,1.0,0.0,0.0,0.0,0.0,0.0,0.37777777777777777,0.16100094946153268,0.10745759990674734,0.14156249999999965,0.0900000000000003,0.22484631039295444,0.018596310392954285,0.00743852415718167,1.0,1.0,0.5222222222222223,0.0,0.0,0.0,0.0,0.21666666666666667,0.0,0.03254017528869312,5.857231551964767,0.1530463103929535,0.23179075483739892,0.16100094946153268,0.10745759990674734,0.14156249999999965,0.0900000000000003,0.22484631039295444,0.018596310392954285,0.00743852415718167,1.0,1.0,0.5222222222222223,0.0,0.0,0.0,0.0,0.21666666666666667,0.0,0.03254017528869312,5.857231551964767,0.1530463103929535,0.23179075483739892,0.16100094946153268,0.10745759990674734,0.14156249999999965,0.0900000000000003,0.22484631039295444,0.018596310392954285,0.00743852415718167,1.0,1.0,0.5222222222222223,0.0,0.0,0.0,0.0,0.21666666666666667,0.0,0.03254017528869312,5.857231551964767,0.1530463103929535,0.23179075483739892,0.16126244791666652,0.10509465938310672,0.1387499999999997,0.0945296874999999,0.1947843750000001,0.04407406250000019,0.0100805555555555,1.0,0.7444444444444445,0.7166666666666667,0.0,0.0,0.0,0.0,0.1388888888888889,0.002398530182989984,0.03227867683355929,5.810161830040672,0.21439631039295404,0.2330129770596212,1.0,0.25555555555555554,0.25555555555555554,0.25555555555555554,0.0,0.25555555555555554,0.25555555555555554,0.7286821705426356,0.21568627450980393,0.25555555555555554,0.7286821705426356,0.21568627450980393,0.25555555555555554,0.7286821705426356,0.21568627450980393,0.0,1.0,0.0,0.25555555555555554,0.0,0.25555555555555554,0.25555555555555554,0.0,0.25555555555555554,0.25555555555555554,0.25555555555555554,0.0,0.0,0.0,0.25555555555555554,0.25555555555555554,1.0,1.0,0.0,0.0,1.0,1.0,1.0,1.0,0.0,0.0,46,46,0.25555555555555554,1.0,0.19444444444444445,0.06111111111111111,0.19444444444444445,0.06111111111111111,0.7608695652173914,0.2391304347826087,0.7608695652173914,1.0,1.0,0.0,1.055379136246587,1.0083094143224973,0.04706972192408965,0.0002614984551338308,0.047069721924089536,0.3285454463269652,0.002398530182989984,0.002398530182989984,0.0,1.0,1.5,0,0,0,46
1.0,0.03,0.03,180,qiskit_aer,1,3,0.8336490798611111,0.16651018566743828,1.0,0.5,0.0,0.37777777777777777,0.0,1.0,0.1612624479166665,0.10509465938310673,0.1387499999999997,0.0945296874999999,0.1947843750000001,0.04407406250000019,0.0100805555555555,1.0,0.7444444444444445,0.7166666666666667,0.0,0.0,0.0,0.0,0.1388888888888889,0.1719309805318433,0.1082297380082706,0.1508213103929545,0.06734631039295436,0.2359556853929543,0.019221310392954383,0.018880401302045238,1.0,1.0,0.0,0.0,0.0,0.0,0.0,0.37777777777777777,0.15955650501708823,0.10561691099335598,0.1443749999999996,0.0900000000000003,0.22484631039295444,0.019221310392954383,0.007563524157181689,1.0,1.0,0.5166666666666667,0.0,0.0,0.0,0.0,0.2111111111111111,0.0,0.033984619733137565,6.1172315519647675,0.21439631039295404,0.2330129770596212,0.15955650501708823,0.10561691099335598,0.1443749999999996,0.0900000000000003,0.22484631039295444,0.019221310392954383,0.007563524157181689,1.0,1.0,0.5166666666666667,0.0,0.0,0.0,0.0,0.2111111111111111,0.0,0.033984619733137565,6.1172315519647675,0.21439631039295404,0.2330129770596212,0.15955650501708823,0.10561691099335598,0.1443749999999996,0.0900000000000003,0.22484631039295444,0.019221310392954383,0.007563524157181689,1.0,1.0,0.5166666666666667,0.0,0.0,0.0,0.0,0.2111111111111111,0.0,0.033984619733137565,6.1172315519647675,0.21439631039295404,0.2330129770596212,0.1612624479166665,0.10509465938310673,0.1387499999999997,0.0945296874999999,0.1947843750000001,0.04407406250000019,0.0100805555555555,1.0,0.7444444444444445,0.7166666666666667,0.0,0.0,0.0,0.0,0.1388888888888889,0.003906024929717461,0.03227867683355929,5.810161830040672,0.21439631039295404,0.2330129770596212,1.0,0.25555555555555554,0.25555555555555554,0.25555555555555554,0.0,0.25555555555555554,0.25555555555555554,0.7209302325581395,0.19607843137254902,0.25555555555555554,0.7209302325581395,0.19607843137254902,0.25555555555555554,0.7209302325581395,0.19607843137254902,0.0,1.0,0.0,0.25555555555555554,0.0,0.25555555555555554,0.25555555555555554,0.0,0.25555555555555554,0.25555555555555554,0.25555555555555554,0.0,0.0,0.0,0.25555555555555554,0.25555555555555554,1.0,1.0,0.0,0.0,1.0,1.0,1.0,1.0,0.0,0.0,46,46,0.25555555555555554,1.0,0.2,0.05555555555555555,0.2,0.05555555555555555,0.782608695652174,0.21739130434782608,0.782608695652174,1.0,1.0,0.0,1.0855328258536323,0.7784631039295431,0.3070697219240892,0.0017059428995782734,0.3070697219240892,0.3446009256880912,0.003906024929717461,0.003906024929717461,0.0,1.0,1.56,0,0,0,46
1.0,0.05,0.05,180,qiskit_aer,1,3,0.8336490798611111,0.15225886574074074,1.0,0.5,0.0,0.37777777777777777,0.0,1.0,0.1612624479166665,0.10509465938310672,0.1387499999999997,0.0945296874999999,0.1947843750000001,0.04407406250000019,0.0100805555555555,1.0,0.75,0.7166666666666667,0.0,0.0,0.0,0.0,0.1388888888888889,0.1719309805318433,0.1082297380082706,0.1508213103929545,0.06734631039295436,0.2359556853929543,0.019221310392954383,0.018880401302045238,1.0,1.0,0.0,0.0,0.0,0.0,0.0,0.37777777777777777,0.1596684699593496,0.10630575695207124,0.14437499999999964,0.09000000000000027,0.22484631039295444,0.02349231551964766,0.006198770130984712,1.0,1.0,0.5166666666666667,0.0,0.0,0.0,0.0,0.20555555555555555,0.0,0.0338726547908762,6.097077862357722,0.21439631039295404,0.2330129770596212,0.1596684699593496,0.10630575695207124,0.14437499999999964,0.09000000000000027,0.22484631039295444,0.02349231551964766,0.006198770130984712,1.0,1.0,0.5166666666666667,0.0,0.0,0.0,0.0,0.20555555555555555,0.0,0.0338726547908762,6.097077862357722,0.21439631039295404,0.2330129770596212,0.1596684699593496,0.10630575695207124,0.14437499999999964,0.09000000000000027,0.22484631039295444,0.02349231551964766,0.006198770130984712,1.0,1.0,0.5166666666666667,0.0,0.0,0.0,0.0,0.20555555555555555,0.0,0.0338726547908762,6.097077862357722,0.21439631039295404,0.2330129770596212,0.1612624479166665,0.10509465938310672,0.1387499999999997,0.0945296874999999,0.1947843750000001,0.04407406250000019,0.0100805555555555,1.0,0.75,0.7166666666666667,0.0,0.0,0.0,0.0,0.1388888888888889,0.002480297158514479,0.0322786768335593,5.810161830040672,0.21439631039295404,0.2330129770596212,1.0,0.25,0.25,0.25,0.0,0.25,0.25,0.7209302325581395,0.17647058823529413,0.25,0.7209302325581395,0.17647058823529413,0.25,0.7209302325581395,0.17647058823529413,0.0,1.0,0.0,0.25,0.0,0.25,0.25,0.0,0.25,0.25,0.25,0.0,0.0,0.0,0.25,0.25,1.0,1.0,0.0,0.0,1.0,1.0,1.0,1.0,0.0,0.0,45,45,0.25,1.0,0.2,0.05,0.2,0.05,0.8,0.2,0.8,1.0,1.0,0.0,1.0855328258536323,0.798616793536589,0.2869160323170433,0.0015939779573169073,0.2869160323170433,0.3477411344996416,0.002480297158514479,0.002480297158514479,0.0,1.0,1.6,0,0,0,45
1.0,0.1,0.1,180,qiskit_aer,1,3,0.8336490798611111,0.13519666811342593,1.0,0.5,0.0,0.37777777777777777,0.0,1.0,0.1612624479166665,0.10509465938310672,0.1387499999999997,0.0945296874999999,0.1947843750000001,0.04407406250000019,0.0100805555555555,1.0,0.7722222222222223,0.7166666666666667,0.0,0.0,0.0,0.0,0.1388888888888889,0.1719309805318433,0.1082297380082706,0.1508213103929545,0.06734631039295436,0.2359556853929543,0.019221310392954383,0.018880401302045238,1.0,1.0,0.0,0.0,0.0,0.0,0.0,0.37777777777777777,0.15933855195061727,0.10549672309535225,0.1443749999999996,0.0900000000000003,0.22484631039295444,0.01919006039295438,0.006198770130984712,1.0,1.0,0.5333333333333333,0.0,0.0,0.0,0.0,0.2111111111111111,0.0,0.034202572799608526,6.156463103929539,0.21439631039295404,0.2330129770596212,0.15933855195061727,0.10549672309535225,0.1443749999999996,0.0900000000000003,0.22484631039295444,0.01919006039295438,0.006198770130984712,1.0,1.0,0.5333333333333333,0.0,0.0,0.0,0.0,0.2111111111111111,0.0,0.034202572799608526,6.156463103929539,0.21439631039295404,0.2330129770596212,0.15933855195061727,0.10549672309535225,0.1443749999999996,0.0900000000000003,0.22484631039295444,0.01919006039295438,0.006198770130984712,1.0,1.0,0.5333333333333333,0.0,0.0,0.0,0.0,0.2111111111111111,0.0,0.034202572799608526,6.156463103929539,0.21439631039295404,0.2330129770596212,0.1612624479166665,0.10509465938310672,0.1387499999999997,0.0945296874999999,0.1947843750000001,0.04407406250000019,0.0100805555555555,1.0,0.7722222222222223,0.7166666666666667,0.0,0.0,0.0,0.0,0.1388888888888889,0.002111250309918621,0.03227867683355929,5.810161830040672,0.21439631039295404,0.2330129770596212,1.0,0.22777777777777777,0.22777777777777777,0.22777777777777777,0.0,0.22777777777777777,0.22777777777777777,0.7441860465116279,0.1568627450980392,0.22777777777777777,0.7441860465116279,0.1568627450980392,0.22777777777777777,0.7441860465116279,0.1568627450980392,0.0,1.0,0.0,0.22777777777777777,0.0,0.22777777777777777,0.22777777777777777,0.0,0.22777777777777777,0.22777777777777777,0.22777777777777777,0.0,0.0,0.0,0.22777777777777777,0.22777777777777777,1.0,1.0,0.0,0.0,1.0,1.0,1.0,1.0,0.0,0.0,41,41,0.22777777777777777,1.0,0.18333333333333332,0.044444444444444446,0.18333333333333332,0.044444444444444446,0.8048780487804879,0.1951219512195122,0.8048780487804879,1.0,1.0,0.0,0.9950717570324963,0.6487704831436345,0.3463012738888618,0.001923895966049232,0.3463012738888618,0.3203588876836915,0.002111250309918621,0.002111250309918621,0.0,1.0,1.7000000000000002,0,0,0,41
