code_family,noise_family,syndrome_observation_ratio,syndrome_noise_prob,cases,backend,code_count,noise_family_count,true_syndrome_mean_no_error_mean,observed_syndrome_mean_no_error_mean,syndrome_corruption_rate,syndrome_information_loss_mean,observed_syndrome_consistent_rate,true_syndrome_consistent_rate,partial_syndrome_case_rate,ambiguous_syndrome_case_rate,fid_gain_A_mean,fid_gain_A_std,fid_gain_A_median,fid_gain_A_p25,fid_gain_A_p75,fid_gain_q05_A,fid_gain_cvar05_A,nonworsen_rate_A,admissible_rate_A,logical_success_rate_A,false_safe_rate_A,false_safe_fidelity_rate_A,failure_boundary_rate_A,observed_failure_boundary_rate_A,true_failure_boundary_rate_A,fid_gain_B_mean,fid_gain_B_std,fid_gain_B_median,fid_gain_B_p25,fid_gain_B_p75,fid_gain_q05_B,fid_gain_cvar05_B,nonworsen_rate_B,admissible_rate_B,logical_success_rate_B,false_safe_rate_B,false_safe_fidelity_rate_B,failure_boundary_rate_B,observed_failure_boundary_rate_B,true_failure_boundary_rate_B,fid_gain_C1_mean,fid_gain_C1_std,fid_gain_C1_median,fid_gain_C1_p25,fid_gain_C1_p75,fid_gain_q05_C1,fid_gain_cvar05_C1,nonworsen_rate_C1,admissible_rate_C1,logical_success_rate_C1,false_safe_rate_C1,false_safe_fidelity_rate_C1,failure_boundary_rate_C1,observed_failure_boundary_rate_C1,true_failure_boundary_rate_C1,chosen_candidate_violation_mean_C1,oracle_regret_mean_C1,oracle_regret_sum_C1,oracle_regret_q95_C1,oracle_regret_cvar95_C1,fid_gain_C2_mean,fid_gain_C2_std,fid_gain_C2_median,fid_gain_C2_p25,fid_gain_C2_p75,fid_gain_q05_C2,fid_gain_cvar05_C2,nonworsen_rate_C2,admissible_rate_C2,logical_success_rate_C2,false_safe_rate_C2,false_safe_fidelity_rate_C2,failure_boundary_rate_C2,observed_failure_boundary_rate_C2,true_failure_boundary_rate_C2,chosen_candidate_violation_mean_C2,oracle_regret_mean_C2,oracle_regret_sum_C2,oracle_regret_q95_C2,oracle_regret_cvar95_C2,fid_gain_C3_mean,fid_gain_C3_std,fid_gain_C3_median,fid_gain_C3_p25,fid_gain_C3_p75,fid_gain_q05_C3,fid_gain_cvar05_C3,nonworsen_rate_C3,admissible_rate_C3,logical_success_rate_C3,false_safe_rate_C3,false_safe_fidelity_rate_C3,failure_boundary_rate_C3,observed_failure_boundary_rate_C3,true_failure_boundary_rate_C3,chosen_candidate_violation_mean_C3,oracle_regret_mean_C3,oracle_regret_sum_C3,oracle_regret_q95_C3,oracle_regret_cvar95_C3,fid_gain_C3R_mean,fid_gain_C3R_std,fid_gain_C3R_median,fid_gain_C3R_p25,fid_gain_C3R_p75,fid_gain_q05_C3R,fid_gain_cvar05_C3R,nonworsen_rate_C3R,admissible_rate_C3R,logical_success_rate_C3R,false_safe_rate_C3R,false_safe_fidelity_rate_C3R,failure_boundary_rate_C3R,observed_failure_boundary_rate_C3R,true_failure_boundary_rate_C3R,chosen_candidate_violation_mean_C3R,oracle_regret_mean_C3R,oracle_regret_sum_C3R,oracle_regret_q95_C3R,oracle_regret_cvar95_C3R,decision_disagreement_rate_AB,decision_disagreement_rate_C1A,decision_disagreement_rate_C2A,decision_disagreement_rate_C3A,decision_disagreement_rate_C3RA,decision_disagreement_rate_C3R_vs_C2,chosen_B_rate_C1,safe_case_retention_rate_C1,risky_case_capture_rate_C1,chosen_B_rate_C2,safe_case_retention_rate_C2,risky_case_capture_rate_C2,chosen_B_rate_C3,safe_case_retention_rate_C3,risky_case_capture_rate_C3,chosen_B_rate_C3R,safe_case_retention_rate_C3R,risky_case_capture_rate_C3R,veto_rate_C1,tie_break_rate_C1,weighted_score_switch_rate_C2,weighted_score_switch_rate_C3,weighted_score_switch_rate_C3R,veto_rate_C2,veto_rate_C3,veto_rate_C3R,tie_break_rate_C2,tie_break_rate_C3,tie_break_rate_C3R,c3r_gate_c2_switch_rate,c3r_gate_score_margin_rate,c3r_gate_leave_A_rate,c3r_gate_B_safe_rate,c3r_gate_uncertainty_rate,c3r_allow_B_rate,c3r_gate_c2_switch_rate_given_c2_B,c3r_gate_score_margin_rate_given_c2_B,c3r_gate_leave_A_rate_given_c2_B,c3r_gate_B_safe_rate_given_c2_B,c3r_gate_uncertainty_rate_given_c2_B,c3r_allow_B_rate_given_c2_B,c2_B_count,c3r_block_count,c3r_blocks_c2_switch_rate,c3r_block_rate_given_c2_B,c3r_harmful_c2_switch_rate,c3r_beneficial_c2_switch_rate,c3r_prevented_harmful_switch_rate,c3r_missed_beneficial_switch_rate,c3r_prevented_harmful_switch_rate_given_block,c3r_missed_beneficial_switch_rate_given_block,c3r_harmful_block_precision,c3r_harmful_switch_recall,c3r_beneficial_switch_block_rate,c3r_beneficial_switch_retention,c3r_prevented_loss_sum,c3r_missed_gain_sum,c3r_net_intervention_gain,c3r_intervention_gain_mean,c3r_intervention_gain_sum,c3r_score_margin_mean,c3r_structural_margin_mean,c3r_violation_A_mean,c3r_violation_B_mean,c3r_syndrome_uncertainty_mean,c3r_raw_syndrome_uncertainty_mean,c3r_blocked_by_score_margin_count,c3r_blocked_by_leave_A_count,c3r_blocked_by_B_safe_count,c3r_blocked_by_uncertainty_count
bitflip,bitflip,1.0,0.0,240,qiskit_aer,1,1,0.8156382206666667,0.8156382206666667,0.0,0.0,0.375,0.375,0.0,0.0,0.1843617793333332,0.14803858181474694,0.14624999999999982,0.056149999999999756,0.28192499999999987,0.01980000000000004,0.013674999999999882,1.0,0.020833333333333332,1.0,0.36666666666666664,0.0,0.0,0.0,0.0,0.1843617793333332,0.14803858181474694,0.14624999999999982,0.056149999999999756,0.28192499999999987,0.01980000000000004,0.013674999999999882,1.0,1.0,1.0,0.0,0.0,0.0,0.0,0.0,0.1843617793333332,0.14803858181474694,0.14624999999999982,0.056149999999999756,0.28192499999999987,0.01980000000000004,0.013674999999999882,1.0,1.0,1.0,0.0,0.0,0.0,0.0,0.0,0.0,0.0,0.0,0.0,0.0,0.1843617793333332,0.14803858181474694,0.14624999999999982,0.056149999999999756,0.28192499999999987,0.01980000000000004,0.013674999999999882,1.0,1.0,1.0,0.0,0.0,0.0,0.0,0.0,0.0,0.0,0.0,0.0,0.0,0.1843617793333332,0.14803858181474694,0.14624999999999982,0.056149999999999756,0.28192499999999987,0.01980000000000004,0.013674999999999882,1.0,1.0,1.0,0.0,0.0,0.0,0.0,0.0,0.0,0.0,0.0,0.0,0.0,0.1843617793333332,0.14803858181474694,0.14624999999999982,0.056149999999999756,0.28192499999999987,0.01980000000000004,0.013674999999999882,1.0,1.0,1.0,0.0,0.0,0.0,0.0,0.0,0.0,0.0,0.0,0.0,0.0,0.9791666666666666,0.9791666666666666,0.9791666666666666,0.9791666666666666,0.9791666666666666,0.0,0.9791666666666666,0.03289473684210526,1.0,0.9791666666666666,0.03289473684210526,1.0,0.9791666666666666,0.03289473684210526,1.0,0.9791666666666666,0.03289473684210526,1.0,0.9791666666666666,0.0,0.9791666666666666,0.9791666666666666,0.9791666666666666,0.9791666666666666,0.9791666666666666,0.0,0.0,0.0,0.0,0.9791666666666666,0.9791666666666666,1.0,1.0,1.0,0.9791666666666666,1.0,1.0,1.0,1.0,1.0,1.0,235,0,0.0,0.0,0.0,0.0,0.0,0.0,0.0,0.0,0.0,0.0,0.0,1.0,0.0,0.0,0.0,0.0,0.0,1.142695112730543,0.290625,0.290625,0.0,0.0,0.0,0,0,0,0
bitflip,dephasing,1.0,0.0,240,qiskit_aer,1,1,1.0,1.0,0.0,0.0,1.0,1.0,0.0,0.0,4.625929269271486e-17,2.1952459327576375e-16,5.551115123125783e-17,-1.1102230246251565e-16,2.220446049250313e-16,-2.220446049250313e-16,4.625929269271486e-17,1.0,0.0,0.08333333333333333,1.0,0.0,0.9166666666666666,0.9166666666666666,0.9166666666666666,0.09792555583333316,0.08198626855227562,0.0731562499999997,0.028412499999999785,0.14704999999999996,0.009949999999999903,0.007474999999999843,1.0,1.0,1.0,0.0,0.0,0.0,0.0,0.0,0.09792555583333316,0.08198626855227562,0.0731562499999997,0.028412499999999785,0.14704999999999996,0.009949999999999903,0.007474999999999843,1.0,1.0,1.0,0.0,0.0,0.0,0.0,0.0,0.0,0.0,0.0,0.0,0.0,0.09792555583333316,0.08198626855227562,0.0731562499999997,0.028412499999999785,0.14704999999999996,0.009949999999999903,0.007474999999999843,1.0,1.0,1.0,0.0,0.0,0.0,0.0,0.0,0.0,0.0,0.0,0.0,0.0,0.09792555583333316,0.08198626855227562,0.0731562499999997,0.028412499999999785,0.14704999999999996,0.009949999999999903,0.007474999999999843,1.0,1.0,1.0,0.0,0.0,0.0,0.0,0.0,0.0,0.0,0.0,0.0,0.0,0.09792555583333316,0.08198626855227562,0.0731562499999997,0.028412499999999785,0.14704999999999996,0.009949999999999903,0.007474999999999843,1.0,1.0,1.0,0.0,0.0,0.0,0.0,0.0,0.0,0.0,0.0,0.0,0.0,1.0,1.0,1.0,1.0,1.0,0.0,1.0,0.0,1.0,1.0,0.0,1.0,1.0,0.0,1.0,1.0,0.0,1.0,1.0,0.0,1.0,1.0,1.0,1.0,1.0,0.0,0.0,0.0,0.0,1.0,1.0,1.0,1.0,1.0,1.0,1.0,1.0,1.0,1.0,1.0,1.0,240,0,0.0,0.0,0.0,0.9166666666666666,0.0,0.0,0.0,0.0,0.0,0.0,0.0,1.0,0.0,0.0,0.0,0.0,0.0,1.0000000129948268,1.0,1.0,0.0,0.0,0.0,0,0,0,0
bitflip,depolarizing,1.0,0.0,240,qiskit_aer,1,1,0.8687710065514404,0.8687710065514404,0.0,0.0,0.5125,0.5125,0.0,0.0,0.06561148239203644,0.05554937046863128,0.04850100511032224,0.01900726758566465,0.09958422548197354,0.00618299218891194,0.003834274847264507,1.0,0.020833333333333332,0.041666666666666664,0.5,0.0,0.4708333333333333,0.4708333333333333,0.4708333333333333,0.19041394890534966,0.15594173861136656,0.14590740740740737,0.05659999999999982,0.2879685185185184,0.019866666666666477,0.013699999999999796,1.0,1.0,1.0,0.0,0.0,0.0,0.0,0.0,0.18825108855550912,0.15649687291888903,0.14181481481481484,0.050000000000000044,0.2749999999999999,0.019866666666666477,0.013710552814552317,1.0,1.0,0.9791666666666666,0.0,0.0,0.0125,0.0125,0.0125,0.0,0.002162860349840518,0.5190864839617243,0.0,0.002162860349840518,0.18825108855550912,0.15649687291888903,0.14181481481481484,0.050000000000000044,0.2749999999999999,0.019866666666666477,0.013710552814552317,1.0,1.0,0.9791666666666666,0.0,0.0,0.0125,0.0125,0.0125,0.0,0.002162860349840518,0.5190864839617243,0.0,0.002162860349840518,0.18825108855550912,0.15649687291888903,0.14181481481481484,0.050000000000000044,0.2749999999999999,0.019866666666666477,0.013710552814552317,1.0,1.0,0.9791666666666666,0.0,0.0,0.0125,0.0125,0.0125,0.0,0.002162860349840518,0.5190864839617243,0.0,0.002162860349840518,0.18825108855550912,0.15649687291888903,0.14181481481481484,0.050000000000000044,0.2749999999999999,0.019866666666666477,0.013710552814552317,1.0,1.0,0.9791666666666666,0.0,0.0,0.0125,0.0125,0.0125,0.0,0.002162860349840518,0.5190864839617243,0.0,0.002162860349840518,1.0,0.9791666666666666,0.9791666666666666,0.9791666666666666,0.9791666666666666,0.0,0.9791666666666666,0.0,0.9791666666666666,0.9791666666666666,0.0,0.9791666666666666,0.9791666666666666,0.0,0.9791666666666666,0.9791666666666666,0.0,0.9791666666666666,0.9791666666666666,0.0,0.9791666666666666,0.9791666666666666,0.9791666666666666,0.9791666666666666,0.9791666666666666,0.0,0.0,0.0,0.0,0.9791666666666666,0.9791666666666666,1.0,1.0,1.0,0.9791666666666666,1.0,1.0,1.0,1.0,1.0,1.0,235,0,0.0,0.0,0.0,0.9375,0.0,0.0,0.0,0.0,0.0,0.0,0.0,1.0,0.0,0.0,0.0,0.0,0.0,1.0895623267159626,0.225,0.225,0.0,0.0,0.0,0,0,0,0
bitflip,mixed_pauli,1.0,0.0,240,qiskit_aer,1,1,0.9044856245925926,0.9044856245925926,0.0,0.0,0.6166666666666667,0.6166666666666667,0.0,0.0,0.06676962367030996,0.06929777632861155,0.0452499999999999,0.009951050382652898,0.1117499999999998,-1.1657341758564132e-16,-1.3481279584734043e-16,1.0,0.016666666666666666,0.07083333333333333,0.6041666666666666,0.0,0.5708333333333333,0.5708333333333333,0.5708333333333333,0.1885016180864196,0.1530352997891113,0.14591666666666658,0.05614999999999978,0.28802499999999986,0.019863333333333143,0.011633333333333126,1.0,1.0,1.0,0.0,0.0,0.0,0.0,0.0,0.18697639024956883,0.15340818792749597,0.14183333333333337,0.050000000000000044,0.27749999999999986,0.019799999999999818,0.011783106213789743,1.0,1.0,0.9875,0.0,0.0,0.008333333333333333,0.008333333333333333,0.008333333333333333,0.0,0.0015252278368507884,0.36605468084418924,0.0,0.0015252278368507884,0.18697639024956883,0.15340818792749597,0.14183333333333337,0.050000000000000044,0.27749999999999986,0.019799999999999818,0.011783106213789743,1.0,1.0,0.9875,0.0,0.0,0.008333333333333333,0.008333333333333333,0.008333333333333333,0.0,0.0015252278368507884,0.36605468084418924,0.0,0.0015252278368507884,0.18697639024956883,0.15340818792749597,0.14183333333333337,0.050000000000000044,0.27749999999999986,0.019799999999999818,0.011783106213789743,1.0,1.0,0.9875,0.0,0.0,0.008333333333333333,0.008333333333333333,0.008333333333333333,0.0,0.0015252278368507884,0.36605468084418924,0.0,0.0015252278368507884,0.18697639024956883,0.15340818792749597,0.14183333333333337,0.050000000000000044,0.27749999999999986,0.019799999999999818,0.011783106213789743,1.0,1.0,0.9875,0.0,0.0,0.008333333333333333,0.008333333333333333,0.008333333333333333,0.0,0.0015252278368507884,0.36605468084418924,0.0,0.0015252278368507884,0.9958333333333333,0.9833333333333333,0.9833333333333333,0.9833333333333333,0.9833333333333333,0.0,0.9833333333333333,0.14285714285714285,0.9871244635193133,0.9833333333333333,0.14285714285714285,0.9871244635193133,0.9833333333333333,0.14285714285714285,0.9871244635193133,0.9833333333333333,0.14285714285714285,0.9871244635193133,0.9833333333333333,0.0,0.9833333333333333,0.9833333333333333,0.9833333333333333,0.9833333333333333,0.9833333333333333,0.0,0.0,0.0,0.0,0.9833333333333333,0.9833333333333333,1.0,1.0,1.0,0.9833333333333333,1.0,1.0,1.0,1.0,1.0,1.0,236,0,0.0,0.0,0.0,0.9166666666666666,0.0,0.0,0.0,0.0,0.0,0.0,0.0,1.0,0.0,0.0,0.0,0.0,0.0,1.062181044417711,0.50625,0.50625,0.0,0.0,0.0,0,0,0,0
bitflip,phaseflip,1.0,0.0,240,qiskit_aer,1,1,1.0,1.0,0.0,0.0,1.0,1.0,0.0,0.0,-4.163336342344337e-17,2.35104635011549e-16,0.0,-1.3877787807814457e-16,1.1102230246251565e-16,-4.440892098500626e-16,-4.163336342344337e-17,1.0,0.0,0.0,1.0,0.0,1.0,1.0,1.0,0.1713688933333332,0.12834231461630966,0.14274999999999988,0.056149999999999756,0.2650499999999998,0.019799999999999818,0.014899999999999802,1.0,1.0,1.0,0.0,0.0,0.0,0.0,0.0,0.1713688933333332,0.12834231461630966,0.14274999999999988,0.056149999999999756,0.2650499999999998,0.019799999999999818,0.014899999999999802,1.0,1.0,1.0,0.0,0.0,0.0,0.0,0.0,0.0,0.0,0.0,0.0,0.0,0.1713688933333332,0.12834231461630966,0.14274999999999988,0.056149999999999756,0.2650499999999998,0.019799999999999818,0.014899999999999802,1.0,1.0,1.0,0.0,0.0,0.0,0.0,0.0,0.0,0.0,0.0,0.0,0.0,0.1713688933333332,0.12834231461630966,0.14274999999999988,0.056149999999999756,0.2650499999999998,0.019799999999999818,0.014899999999999802,1.0,1.0,1.0,0.0,0.0,0.0,0.0,0.0,0.0,0.0,0.0,0.0,0.0,0.1713688933333332,0.12834231461630966,0.14274999999999988,0.056149999999999756,0.2650499999999998,0.019799999999999818,0.014899999999999802,1.0,1.0,1.0,0.0,0.0,0.0,0.0,0.0,0.0,0.0,0.0,0.0,0.0,1.0,1.0,1.0,1.0,1.0,0.0,1.0,0.0,1.0,1.0,0.0,1.0,1.0,0.0,1.0,1.0,0.0,1.0,1.0,0.0,1.0,1.0,1.0,1.0,1.0,0.0,0.0,0.0,0.0,1.0,1.0,1.0,1.0,1.0,1.0,1.0,1.0,1.0,1.0,1.0,1.0,240,0,0.0,0.0,0.0,1.0,0.0,0.0,0.0,0.0,0.0,0.0,0.0,1.0,0.0,0.0,0.0,0.0,0.0,1.0000000129948268,1.0,1.0,0.0,0.0,0.0,0,0,0,0
phaseflip,bitflip,1.0,0.0,240,qiskit_aer,1,1,1.0,1.0,0.0,0.0,1.0,1.0,0.0,0.0,1.896631000401309e-17,2.1427542062022807e-16,0.0,-1.1102230246251565e-16,2.220446049250313e-16,-2.2759572004815697e-16,1.896631000401309e-17,1.0,0.8333333333333334,0.041666666666666664,0.16666666666666666,0.0,0.9583333333333334,0.9583333333333334,0.9583333333333334,0.1412152037262877,0.1283423146163097,0.11259631039295442,0.02599631039295444,0.2348963103929544,-0.010353689607045524,-0.01525368960704565,0.8333333333333334,1.0,0.0,0.0,0.08333333333333333,1.0,1.0,1.0,0.04640153962296773,0.09866198562654573,2.220446049250313e-16,-2.220446049250313e-16,0.05455431039295433,-0.010353689607045524,-0.01525368960704565,0.8333333333333334,1.0,0.0,0.0,0.08333333333333333,1.0,1.0,1.0,0.0,0.09612244570449426,23.069386969078636,0.3618463103929541,0.37418916753581133,0.014897301732159085,0.07018545039835497,0.0,-2.220446049250313e-16,2.220446049250313e-16,-0.00015368960704553736,-0.010153689607045657,0.9166666666666666,1.0,0.0,0.0,0.041666666666666664,1.0,1.0,1.0,0.0,0.1276266835953029,30.630404062872714,0.3618463103929541,0.3834463103929543,0.014897301732159085,0.07018545039835497,0.0,-2.220446049250313e-16,2.220446049250313e-16,-0.00015368960704553736,-0.010153689607045657,0.9166666666666666,1.0,0.0,0.0,0.041666666666666664,1.0,1.0,1.0,0.0,0.1276266835953029,30.630404062872714,0.3618463103929541,0.3834463103929543,0.014897301732159085,0.07018545039835497,0.0,-2.220446049250313e-16,2.220446049250313e-16,-0.00015368960704553736,-0.010153689607045657,0.9166666666666666,1.0,0.0,0.0,0.041666666666666664,1.0,1.0,1.0,0.0,0.1276266835953029,30.630404062872714,0.3618463103929541,0.3834463103929543,0.9166666666666666,0.525,0.16666666666666666,0.16666666666666666,0.16666666666666666,0.0,0.525,0.0,0.45714285714285713,0.16666666666666666,1.0,0.19047619047619047,0.16666666666666666,1.0,0.19047619047619047,0.16666666666666666,1.0,0.19047619047619047,0.16666666666666666,0.35833333333333334,0.16666666666666666,0.16666666666666666,0.16666666666666666,0.16666666666666666,0.16666666666666666,0.0,0.0,0.0,0.0,0.16666666666666666,0.16666666666666666,1.0,1.0,1.0,0.16666666666666666,1.0,1.0,1.0,1.0,1.0,1.0,40,0,0.0,0.0,0.041666666666666664,0.08333333333333333,0.0,0.0,0.0,0.0,0.0,0.0,0.0,1.0,0.0,0.0,0.0,0.0,0.0,-0.6666666436601958,1.5994117973488588e-20,1.5994117973488588e-20,0.0,0.0,0.0,0,0,0,0
phaseflip,dephasing,1.0,0.0,240,qiskit_aer,1,1,0.8982636387916667,0.8982636387916667,0.0,0.0,0.6666666666666666,0.6666666666666666,0.0,0.0,0.10173636120833306,0.08815386164051663,0.07406249999999975,0.028412499999999674,0.15126874999999973,0.009949999999999903,0.0068562499999998,1.0,0.6208333333333333,1.0,0.2833333333333333,0.0,0.0,0.0,0.0,0.07158267160128771,0.08815386164051663,0.04390881039295441,-0.0017411896070456678,0.12111506039295439,-0.02020368960704544,-0.023297439607045542,0.7083333333333334,1.0,0.0,0.0,0.20833333333333334,0.6666666666666666,0.6666666666666666,0.6666666666666666,0.07937237474977442,0.09756808374107558,0.04484631039295439,-0.0006036896070457098,0.14542407759823842,-0.02020368960704544,-0.023297439607045542,0.725,1.0,0.25833333333333336,0.0,0.19166666666666668,0.6458333333333334,0.6458333333333334,0.6458333333333334,0.0,0.022363986458558627,5.367356750054095,0.030153689607045342,0.030153689607045345,0.09030308723232836,0.0920067077122126,0.06140724894647709,0.01906506039295436,0.14542407759823842,-0.020178689607045608,-0.02324599729935323,0.8708333333333333,1.0,0.6208333333333333,0.0,0.08333333333333333,0.2833333333333333,0.2833333333333333,0.2833333333333333,0.0,0.011433273976004693,2.7439857542411312,0.030153689607045342,0.03015368960704535,0.09030308723232836,0.0920067077122126,0.06140724894647709,0.01906506039295436,0.14542407759823842,-0.020178689607045608,-0.02324599729935323,0.8708333333333333,1.0,0.6208333333333333,0.0,0.08333333333333333,0.2833333333333333,0.2833333333333333,0.2833333333333333,0.0,0.011433273976004693,2.7439857542411312,0.030153689607045342,0.03015368960704535,0.09030308723232836,0.0920067077122126,0.06140724894647709,0.01906506039295436,0.14542407759823842,-0.020178689607045608,-0.02324599729935323,0.8708333333333333,1.0,0.6208333333333333,0.0,0.08333333333333333,0.2833333333333333,0.2833333333333333,0.2833333333333333,0.0,0.011433273976004693,2.7439857542411312,0.030153689607045342,0.03015368960704535,1.0,0.7416666666666667,0.37916666666666665,0.37916666666666665,0.37916666666666665,0.0,0.7416666666666667,0.36046511627906974,1.0,0.37916666666666665,0.8662790697674418,1.0,0.37916666666666665,0.8662790697674418,1.0,0.37916666666666665,0.8662790697674418,1.0,0.37916666666666665,0.3625,0.37916666666666665,0.37916666666666665,0.37916666666666665,0.37916666666666665,0.37916666666666665,0.0,0.0,0.0,0.0,0.37916666666666665,0.37916666666666665,1.0,1.0,1.0,0.37916666666666665,1.0,1.0,1.0,1.0,1.0,1.0,91,0,0.0,0.0,0.37916666666666665,0.0,0.0,0.0,0.0,0.0,0.0,0.0,0.0,1.0,0.0,0.0,0.0,0.0,0.0,-0.13993029750504532,0.015347361769299845,0.015347361769299845,0.0,0.0,0.0,0,0,0,0
phaseflip,depolarizing,1.0,0.0,240,qiskit_aer,1,1,0.8687710065514404,0.8687710065514404,0.0,0.0,0.5,0.5,0.0,0.0,0.06546025011373413,0.05541240526356868,0.04844996155563264,0.018374895154919496,0.09922631955415223,0.006301648672166521,0.003803170321533119,1.0,0.9,0.041666666666666664,0.04583333333333333,0.0,0.4583333333333333,0.4583333333333333,0.4583333333333333,0.16026025929830423,0.15594173861136665,0.11575371780036192,0.026446310392954392,0.2578148289114731,-0.010287022940378976,-0.016453689607045727,0.8333333333333334,1.0,0.0,0.0,0.08333333333333333,0.5,0.5,0.5,0.0835149411916972,0.08842440912334083,0.066512977059621,0.026446310392954392,0.11486380246406394,-0.010287022940378976,-0.01635881781217393,0.8625,1.0,0.008333333333333333,0.0,0.07083333333333333,0.49166666666666664,0.49166666666666664,0.49166666666666664,0.0,0.07945384061444313,19.06892174746636,0.2718253270122234,0.30794852843322507,0.07841163031473959,0.08837664057562035,0.05282600308641994,0.018374895154919496,0.11486380246406394,0.005219583721985906,0.0028168300692207695,0.9916666666666667,1.0,0.041666666666666664,0.0,0.0,0.4583333333333333,0.4583333333333333,0.4583333333333333,0.0,0.08455715149140074,20.293716357936187,0.2718253270122234,0.30794852843322507,0.07841163031473959,0.08837664057562035,0.05282600308641994,0.018374895154919496,0.11486380246406394,0.005219583721985906,0.0028168300692207695,0.9916666666666667,1.0,0.041666666666666664,0.0,0.0,0.4583333333333333,0.4583333333333333,0.4583333333333333,0.0,0.08455715149140074,20.293716357936187,0.2718253270122234,0.30794852843322507,0.07841163031473959,0.08837664057562035,0.05282600308641994,0.018374895154919496,0.11486380246406394,0.005219583721985906,0.0028168300692207695,0.9916666666666667,1.0,0.041666666666666664,0.0,0.0,0.4583333333333333,0.4583333333333333,0.4583333333333333,0.0,0.08455715149140074,20.293716357936187,0.2718253270122234,0.30794852843322507,0.8625,0.5166666666666667,0.1,0.1,0.1,0.0,0.5166666666666667,0.109375,0.3806818181818182,0.1,1.0,0.13636363636363635,0.1,1.0,0.13636363636363635,0.1,1.0,0.13636363636363635,0.1,0.4166666666666667,0.1,0.1,0.1,0.1,0.1,0.0,0.0,0.0,0.0,0.1,0.1,1.0,1.0,1.0,0.1,1.0,1.0,1.0,1.0,1.0,1.0,24,0,0.0,0.0,0.004166666666666667,0.0875,0.0,0.0,0.0,0.0,0.0,0.0,0.0,1.0,0.0,0.0,0.0,0.0,0.0,-0.668771003956392,0.005465779303831376,0.005465779303831376,0.0,0.0,0.0,0,0,0,0
phaseflip,mixed_pauli,1.0,0.0,240,qiskit_aer,1,1,0.9130771555,0.9130771555,0.0,0.0,0.6791666666666667,0.6791666666666667,0.0,0.0,0.07533277316666663,0.07915148074377841,0.04750000000000021,0.009999999999999565,0.11957500000000017,0.0,7.93016446160826e-18,1.0,0.6666666666666666,0.31666666666666665,0.25,0.0,0.44583333333333336,0.44583333333333336,0.44583333333333336,0.13650455022628774,0.14110769276330876,0.08809631039295451,0.01984631039295437,0.23184631039295434,-0.01520493960704566,-0.02099535627371239,0.8041666666666667,1.0,0.0,0.0,0.1,0.6791666666666667,0.6791666666666667,0.6791666666666667,0.10007628900214571,0.1161926241701585,0.0698463103929543,1.6653345369377348e-16,0.15462379529471582,-0.015203689607045656,-0.02016618960704571,0.8166666666666667,1.0,0.07916666666666666,0.0,0.09166666666666666,0.6625,0.6625,0.6625,0.0,0.04588445746725377,11.012269792140918,0.22484631039295455,0.25645157355084924,0.08960237663098479,0.11358523963335856,0.045250000000000234,0.00954303759823863,0.12749999999999984,-0.005692739607045583,-0.018924522940379024,0.9,1.0,0.17916666666666667,0.0,0.05,0.5625,0.5625,0.5625,0.0,0.056358369838414704,13.526008761219535,0.22484631039295455,0.2548713103929545,0.08960237663098479,0.11358523963335856,0.045250000000000234,0.00954303759823863,0.12749999999999984,-0.005692739607045583,-0.018924522940379024,0.9,1.0,0.17916666666666667,0.0,0.05,0.5625,0.5625,0.5625,0.0,0.056358369838414704,13.526008761219535,0.22484631039295455,0.2548713103929545,0.08960237663098479,0.11358523963335856,0.045250000000000234,0.00954303759823863,0.12749999999999984,-0.005692739607045583,-0.018924522940379024,0.9,1.0,0.17916666666666667,0.0,0.05,0.5625,0.5625,0.5625,0.0,0.056358369838414704,13.526008761219535,0.22484631039295455,0.2548713103929545,0.9791666666666666,0.6416666666666667,0.3333333333333333,0.3333333333333333,0.3333333333333333,0.0,0.6416666666666667,0.3387096774193548,0.6348314606741573,0.3333333333333333,0.9193548387096774,0.42134831460674155,0.3333333333333333,0.9193548387096774,0.42134831460674155,0.3333333333333333,0.9193548387096774,0.42134831460674155,0.3333333333333333,0.30833333333333335,0.3333333333333333,0.3333333333333333,0.3333333333333333,0.3333333333333333,0.3333333333333333,0.0,0.0,0.0,0.0,0.3333333333333333,0.3333333333333333,1.0,1.0,1.0,0.3333333333333333,1.0,1.0,1.0,1.0,1.0,1.0,80,0,0.0,0.0,0.15416666666666667,0.12916666666666668,0.0,0.0,0.0,0.0,0.0,0.0,0.0,1.0,0.0,0.0,0.0,0.0,0.0,-0.2464104786761912,0.007053640198034429,0.007053640198034429,0.0,0.0,0.0,0,0,0,0
phaseflip,phaseflip,1.0,0.0,240,qiskit_aer,1,1,0.8156382206666667,0.8156382206666667,0.0,0.0,0.4166666666666667,0.4166666666666667,0.0,0.0,0.1843617793333331,0.14803858181474697,0.14624999999999977,0.05614999999999978,0.28192499999999976,0.019799999999999596,0.013674999999999576,1.0,0.55,1.0,0.24583333333333332,0.0,0.0,0.0,0.0,0.15420808972628774,0.14803858181474697,0.11609631039295443,0.02599631039295444,0.2517713103929544,-0.010353689607045746,-0.016478689607045766,0.8333333333333334,1.0,0.0,0.0,0.08333333333333333,0.4166666666666667,0.4166666666666667,0.4166666666666667,0.16576700407565512,0.15731840468570546,0.13549999999999973,0.02599631039295444,0.27749999999999975,-0.010353689607045746,-0.016478689607045766,0.8333333333333334,1.0,0.38333333333333336,0.0,0.08333333333333333,0.4125,0.4125,0.4125,0.0,0.01859477525767796,4.462746061842728,0.030153689607045342,0.03015368960704535,0.17079261901016268,0.15346368428447663,0.13549999999999973,0.03910994999999981,0.27749999999999975,-0.010353689607045746,-0.01563061268396884,0.875,1.0,0.55,0.0,0.0625,0.24583333333333332,0.24583333333333332,0.24583333333333332,0.0,0.013569160323170404,3.256598477560906,0.030153689607045342,0.03015368960704535,0.17079261901016268,0.15346368428447663,0.13549999999999973,0.03910994999999981,0.27749999999999975,-0.010353689607045746,-0.01563061268396884,0.875,1.0,0.55,0.0,0.0625,0.24583333333333332,0.24583333333333332,0.24583333333333332,0.0,0.013569160323170404,3.256598477560906,0.030153689607045342,0.03015368960704535,0.17079261901016268,0.15346368428447663,0.13549999999999973,0.03910994999999981,0.27749999999999975,-0.010353689607045746,-0.01563061268396884,0.875,1.0,0.55,0.0,0.0625,0.24583333333333332,0.24583333333333332,0.24583333333333332,0.0,0.013569160323170404,3.256598477560906,0.030153689607045342,0.03015368960704535,1.0,0.6166666666666667,0.45,0.45,0.45,0.0,0.6166666666666667,0.5082872928176796,1.0,0.45,0.7292817679558011,1.0,0.45,0.7292817679558011,1.0,0.45,0.7292817679558011,1.0,0.45,0.16666666666666666,0.45,0.45,0.45,0.45,0.45,0.0,0.0,0.0,0.0,0.45,0.45,1.0,1.0,1.0,0.45,1.0,1.0,1.0,1.0,1.0,1.0,108,0,0.0,0.0,0.45,0.0,0.0,0.0,0.0,0.0,0.0,0.0,0.0,1.0,0.0,0.0,0.0,0.0,0.0,0.08436178230309235,0.020875798990070516,0.020875798990070516,0.0,0.0,0.0,0,0,0,0
