code_family,noise_family,syndrome_noise_prob,cases,backend,code_count,noise_family_count,true_syndrome_mean_no_error_mean,observed_syndrome_mean_no_error_mean,syndrome_corruption_rate,syndrome_information_loss_mean,observed_syndrome_consistent_rate,true_syndrome_consistent_rate,partial_syndrome_case_rate,ambiguous_syndrome_case_rate,fid_gain_A_mean,fid_gain_A_std,fid_gain_A_median,fid_gain_A_p25,fid_gain_A_p75,fid_gain_q05_A,fid_gain_cvar05_A,nonworsen_rate_A,admissible_rate_A,logical_success_rate_A,false_safe_rate_A,false_safe_fidelity_rate_A,failure_boundary_rate_A,observed_failure_boundary_rate_A,true_failure_boundary_rate_A,fid_gain_B_mean,fid_gain_B_std,fid_gain_B_median,fid_gain_B_p25,fid_gain_B_p75,fid_gain_q05_B,fid_gain_cvar05_B,nonworsen_rate_B,admissible_rate_B,logical_success_rate_B,false_safe_rate_B,false_safe_fidelity_rate_B,failure_boundary_rate_B,observed_failure_boundary_rate_B,true_failure_boundary_rate_B,fid_gain_C1_mean,fid_gain_C1_std,fid_gain_C1_median,fid_gain_C1_p25,fid_gain_C1_p75,fid_gain_q05_C1,fid_gain_cvar05_C1,nonworsen_rate_C1,admissible_rate_C1,logical_success_rate_C1,false_safe_rate_C1,false_safe_fidelity_rate_C1,failure_boundary_rate_C1,observed_failure_boundary_rate_C1,true_failure_boundary_rate_C1,chosen_candidate_violation_mean_C1,oracle_regret_mean_C1,oracle_regret_sum_C1,oracle_regret_q95_C1,oracle_regret_cvar95_C1,fid_gain_C2_mean,fid_gain_C2_std,fid_gain_C2_median,fid_gain_C2_p25,fid_gain_C2_p75,fid_gain_q05_C2,fid_gain_cvar05_C2,nonworsen_rate_C2,admissible_rate_C2,logical_success_rate_C2,false_safe_rate_C2,false_safe_fidelity_rate_C2,failure_boundary_rate_C2,observed_failure_boundary_rate_C2,true_failure_boundary_rate_C2,chosen_candidate_violation_mean_C2,oracle_regret_mean_C2,oracle_regret_sum_C2,oracle_regret_q95_C2,oracle_regret_cvar95_C2,fid_gain_C3_mean,fid_gain_C3_std,fid_gain_C3_median,fid_gain_C3_p25,fid_gain_C3_p75,fid_gain_q05_C3,fid_gain_cvar05_C3,nonworsen_rate_C3,admissible_rate_C3,logical_success_rate_C3,false_safe_rate_C3,false_safe_fidelity_rate_C3,failure_boundary_rate_C3,observed_failure_boundary_rate_C3,true_failure_boundary_rate_C3,chosen_candidate_violation_mean_C3,oracle_regret_mean_C3,oracle_regret_sum_C3,oracle_regret_q95_C3,oracle_regret_cvar95_C3,fid_gain_C3R_mean,fid_gain_C3R_std,fid_gain_C3R_median,fid_gain_C3R_p25,fid_gain_C3R_p75,fid_gain_q05_C3R,fid_gain_cvar05_C3R,nonworsen_rate_C3R,admissible_rate_C3R,logical_success_rate_C3R,false_safe_rate_C3R,false_safe_fidelity_rate_C3R,failure_boundary_rate_C3R,observed_failure_boundary_rate_C3R,true_failure_boundary_rate_C3R,chosen_candidate_violation_mean_C3R,oracle_regret_mean_C3R,oracle_regret_sum_C3R,oracle_regret_q95_C3R,oracle_regret_cvar95_C3R,decision_disagreement_rate_AB,decision_disagreement_rate_C1A,decision_disagreement_rate_C2A,decision_disagreement_rate_C3A,decision_disagreement_rate_C3RA,decision_disagreement_rate_C3R_vs_C2,chosen_B_rate_C1,safe_case_retention_rate_C1,risky_case_capture_rate_C1,chosen_B_rate_C2,safe_case_retention_rate_C2,risky_case_capture_rate_C2,chosen_B_rate_C3,safe_case_retention_rate_C3,risky_case_capture_rate_C3,chosen_B_rate_C3R,safe_case_retention_rate_C3R,risky_case_capture_rate_C3R,veto_rate_C1,tie_break_rate_C1,weighted_score_switch_rate_C2,weighted_score_switch_rate_C3,weighted_score_switch_rate_C3R,veto_rate_C2,veto_rate_C3,veto_rate_C3R,tie_break_rate_C2,tie_break_rate_C3,tie_break_rate_C3R,c3r_gate_c2_switch_rate,c3r_gate_score_margin_rate,c3r_gate_leave_A_rate,c3r_gate_B_safe_rate,c3r_gate_uncertainty_rate,c3r_allow_B_rate,c3r_gate_c2_switch_rate_given_c2_B,c3r_gate_score_margin_rate_given_c2_B,c3r_gate_leave_A_rate_given_c2_B,c3r_gate_B_safe_rate_given_c2_B,c3r_gate_uncertainty_rate_given_c2_B,c3r_allow_B_rate_given_c2_B,c2_B_count,c3r_block_count,c3r_blocks_c2_switch_rate,c3r_block_rate_given_c2_B,c3r_harmful_c2_switch_rate,c3r_beneficial_c2_switch_rate,c3r_prevented_harmful_switch_rate,c3r_missed_beneficial_switch_rate,c3r_prevented_harmful_switch_rate_given_block,c3r_missed_beneficial_switch_rate_given_block,c3r_harmful_block_precision,c3r_harmful_switch_recall,c3r_beneficial_switch_block_rate,c3r_beneficial_switch_retention,c3r_prevented_loss_sum,c3r_missed_gain_sum,c3r_net_intervention_gain,c3r_intervention_gain_mean,c3r_intervention_gain_sum,c3r_score_margin_mean,c3r_structural_margin_mean,c3r_violation_A_mean,c3r_violation_B_mean,c3r_syndrome_uncertainty_mean,c3r_raw_syndrome_uncertainty_mean,c3r_blocked_by_score_margin_count,c3r_blocked_by_leave_A_count,c3r_blocked_by_B_safe_count,c3r_blocked_by_uncertainty_count
phaseflip,dephasing,0.0,240,qiskit_aer,1,1,0.8982636387916667,0.8982636387916667,0.0,0.0,0.6666666666666666,0.6666666666666666,0.0,0.0,0.10173636120833306,0.08815386164051663,0.07406249999999975,0.028412499999999674,0.15126874999999973,0.009949999999999903,0.0068562499999998,1.0,0.6083333333333333,1.0,0.30416666666666664,0.0,0.0,0.0,0.0,0.07158267160128771,0.08815386164051663,0.04390881039295441,-0.0017411896070456678,0.12111506039295439,-0.02020368960704544,-0.023297439607045542,0.7083333333333334,1.0,0.0,0.0,0.20833333333333334,0.6666666666666666,0.6666666666666666,0.6666666666666666,0.07924673437641173,0.09829670490993153,0.04484631039295439,-0.0006036896070457098,0.14542407759823842,-0.02020368960704544,-0.023297439607045542,0.7125,1.0,0.25416666666666665,0.0,0.20416666666666666,0.6583333333333333,0.6583333333333333,0.6583333333333333,0.0,0.02248962683192132,5.397510439661141,0.030153689607045342,0.030153689607045345,0.08992616611224029,0.0928277199387891,0.058117672499999495,0.018596310392954285,0.14542407759823842,-0.0201799396070456,-0.023916189607045547,0.8583333333333333,1.0,0.6083333333333333,0.0,0.09166666666666666,0.30416666666666664,0.30416666666666664,0.30416666666666664,0.0,0.01181019509609276,2.834446823062268,0.030153689607045342,0.030153689607045356,0.08992616611224029,0.0928277199387891,0.058117672499999495,0.018596310392954285,0.14542407759823842,-0.0201799396070456,-0.023916189607045547,0.8583333333333333,1.0,0.6083333333333333,0.0,0.09166666666666666,0.30416666666666664,0.30416666666666664,0.30416666666666664,0.0,0.01181019509609276,2.834446823062268,0.030153689607045342,0.030153689607045356,0.08992616611224029,0.0928277199387891,0.058117672499999495,0.018596310392954285,0.14542407759823842,-0.0201799396070456,-0.023916189607045547,0.8583333333333333,1.0,0.6083333333333333,0.0,0.09166666666666666,0.30416666666666664,0.30416666666666664,0.30416666666666664,0.0,0.01181019509609276,2.834446823062268,0.030153689607045342,0.030153689607045356,1.0,0.7458333333333333,0.39166666666666666,0.39166666666666666,0.39166666666666666,0.0,0.7458333333333333,0.3652694610778443,1.0,0.39166666666666666,0.874251497005988,1.0,0.39166666666666666,0.874251497005988,1.0,0.39166666666666666,0.874251497005988,1.0,0.39166666666666666,0.3541666666666667,0.39166666666666666,0.39166666666666666,0.39166666666666666,0.39166666666666666,0.39166666666666666,0.0,0.0,0.0,0.0,0.39166666666666666,0.39166666666666666,1.0,1.0,1.0,0.39166666666666666,1.0,1.0,1.0,1.0,1.0,1.0,94,0,0.0,0.0,0.39166666666666666,0.0,0.0,0.0,0.0,0.0,0.0,0.0,0.0,1.0,0.0,0.0,0.0,0.0,0.0,-0.11493029727885798,0.017416931708250552,0.017416931708250552,0.0,0.0,0.0,0,0,0,0
phaseflip,dephasing,0.01,240,qiskit_aer,1,1,0.8982636387916667,0.759449702724537,0.027777777777777776,0.0,0.19583333333333333,0.6666666666666666,0.0,0.0,0.10173636120833306,0.08815386164051663,0.07406249999999975,0.028412499999999674,0.15126874999999973,0.009949999999999903,0.0068562499999998,1.0,0.6458333333333334,1.0,0.0875,0.0,0.0,0.0,0.0,0.07158267160128771,0.08815386164051663,0.04390881039295441,-0.0017411896070456678,0.12111506039295439,-0.02020368960704544,-0.023297439607045542,0.7083333333333334,1.0,0.0,0.0,0.20833333333333334,0.19583333333333333,0.19583333333333333,0.6666666666666666,0.08804156051179995,0.09393753667226466,0.06051584269647703,0.014999999999999791,0.14542407759823842,-0.015546964607045678,-0.0235016062737122,0.8291666666666667,1.0,0.5458333333333333,0.0,0.12916666666666668,0.1875,0.1875,0.35833333333333334,0.0,0.013694800696533093,3.2867521671679514,0.030153689607045342,0.030153689607045352,0.09105692947250449,0.09172545736246465,0.06437599789295456,0.019581823848238367,0.14542407759823842,-0.015253439607045727,-0.02196970746418844,0.8833333333333333,1.0,0.6458333333333334,0.0,0.07916666666666666,0.0875,0.0875,0.25833333333333336,0.0,0.01067943173582856,2.563063616598858,0.030153689607045342,0.030153689607045356,0.09105692947250449,0.09172545736246465,0.06437599789295456,0.019581823848238367,0.14542407759823842,-0.015253439607045727,-0.02196970746418844,0.8833333333333333,1.0,0.6458333333333334,0.0,0.07916666666666666,0.0875,0.0875,0.25833333333333336,0.0,0.01067943173582856,2.563063616598858,0.030153689607045342,0.030153689607045356,0.09105692947250449,0.09172545736246465,0.06437599789295456,0.019581823848238367,0.14542407759823842,-0.015253439607045727,-0.02196970746418844,0.8833333333333333,1.0,0.6458333333333334,0.0,0.07916666666666666,0.0875,0.0875,0.25833333333333336,0.0,0.01067943173582856,2.563063616598858,0.030153689607045342,0.030153689607045356,1.0,0.45416666666666666,0.3541666666666667,0.3541666666666667,0.3541666666666667,0.0,0.45416666666666666,0.5981735159817352,1.0,0.3541666666666667,0.7077625570776256,1.0,0.3541666666666667,0.7077625570776256,1.0,0.3541666666666667,0.7077625570776256,1.0,0.3541666666666667,0.1,0.3541666666666667,0.3541666666666667,0.3541666666666667,0.3541666666666667,0.3541666666666667,0.0,0.0,0.0,0.0,0.3541666666666667,0.3541666666666667,1.0,1.0,1.0,0.3541666666666667,1.0,1.0,1.0,1.0,1.0,1.0,85,0,0.0,0.0,0.3541666666666667,0.0,0.0,0.0,0.0,0.0,0.0,0.0,0.0,1.0,0.0,0.0,0.0,0.0,0.0,-0.05111636127929064,0.015933538272209377,0.015933538272209377,0.0,0.01,0.01,0,0,0,0
phaseflip,dephasing,0.03,240,qiskit_aer,1,1,0.8982636387916667,0.7162452940856482,0.07777777777777778,0.0,0.17083333333333334,0.6666666666666666,0.0,0.0,0.10173636120833306,0.08815386164051663,0.07406249999999975,0.028412499999999674,0.15126874999999973,0.009949999999999903,0.0068562499999998,1.0,0.6333333333333333,1.0,0.08333333333333333,0.0,0.0,0.0,0.0,0.07158267160128771,0.08815386164051663,0.04390881039295441,-0.0017411896070456678,0.12111506039295439,-0.02020368960704544,-0.023297439607045542,0.7083333333333334,1.0,0.0,0.0,0.20833333333333334,0.17083333333333334,0.17083333333333334,0.6666666666666666,0.08829284125852534,0.09380730527633675,0.058438499999999616,0.01769723279471566,0.14542407759823842,-0.020178689607045608,-0.02302690389275983,0.8291666666666667,1.0,0.5541666666666667,0.0,0.13333333333333333,0.1625,0.1625,0.35,0.0,0.013443519949807714,3.2264447879538602,0.030153689607045342,0.03015368960704535,0.09068000835241642,0.09190121975778273,0.058438499999999616,0.019825499999999607,0.14542407759823842,-0.020178689607045608,-0.02324599729935323,0.8791666666666667,1.0,0.6333333333333333,0.0,0.0875,0.08333333333333333,0.08333333333333333,0.2708333333333333,0.0,0.011056352855916626,2.6535246854199945,0.030153689607045342,0.030153689607045342,0.09068000835241642,0.09190121975778273,0.058438499999999616,0.019825499999999607,0.14542407759823842,-0.020178689607045608,-0.02324599729935323,0.8791666666666667,1.0,0.6333333333333333,0.0,0.0875,0.08333333333333333,0.08333333333333333,0.2708333333333333,0.0,0.011056352855916626,2.6535246854199945,0.030153689607045342,0.030153689607045342,0.09068000835241642,0.09190121975778273,0.058438499999999616,0.019825499999999607,0.14542407759823842,-0.020178689607045608,-0.02324599729935323,0.8791666666666667,1.0,0.6333333333333333,0.0,0.0875,0.08333333333333333,0.08333333333333333,0.2708333333333333,0.0,0.011056352855916626,2.6535246854199945,0.030153689607045342,0.030153689607045342,1.0,0.44583333333333336,0.36666666666666664,0.36666666666666664,0.36666666666666664,0.0,0.44583333333333336,0.6045454545454545,1.0,0.36666666666666664,0.6909090909090909,1.0,0.36666666666666664,0.6909090909090909,1.0,0.36666666666666664,0.6909090909090909,1.0,0.36666666666666664,0.07916666666666666,0.36666666666666664,0.36666666666666664,0.36666666666666664,0.36666666666666664,0.36666666666666664,0.0,0.0,0.0,0.0,0.36666666666666664,0.36666666666666664,1.0,1.0,1.0,0.36666666666666664,1.0,1.0,1.0,1.0,1.0,1.0,88,0,0.0,0.0,0.36666666666666664,0.0,0.0,0.0,0.0,0.0,0.0,0.0,0.0,1.0,0.0,0.0,0.0,0.0,0.0,0.01708804768171037,0.018943446824442847,0.018943446824442847,0.0,0.03,0.03,0,0,0,0
phaseflip,dephasing,0.05,240,qiskit_aer,1,1,0.8982636387916667,0.6981331382986111,0.11666666666666665,0.0,0.09166666666666666,0.6666666666666666,0.0,0.0,0.10173636120833306,0.08815386164051663,0.07406249999999975,0.028412499999999674,0.15126874999999973,0.009949999999999903,0.0068562499999998,1.0,0.6125,1.0,0.0375,0.0,0.0,0.0,0.0,0.07158267160128771,0.08815386164051663,0.04390881039295441,-0.0017411896070456678,0.12111506039295439,-0.02020368960704544,-0.023297439607045542,0.7083333333333334,1.0,0.0,0.0,0.20833333333333334,0.09166666666666666,0.09166666666666666,0.6666666666666666,0.08854412200525072,0.09351813266884505,0.058438499999999616,0.014999999999999791,0.14542407759823842,-0.020178689607045608,-0.023167022940378906,0.8166666666666667,1.0,0.5625,0.0,0.13333333333333333,0.0875,0.0875,0.3416666666666667,0.0,0.013192239203082337,3.166137408739769,0.030153689607045342,0.030153689607045345,0.09005180648560299,0.09228190342718529,0.058438499999999616,0.018596310392954285,0.14542407759823842,-0.020178689607045608,-0.023167022940378906,0.85,1.0,0.6125,0.0,0.10416666666666667,0.0375,0.0375,0.2916666666666667,0.0,0.01168455472273007,2.8042931334552224,0.030153689607045342,0.030153689607045352,0.09005180648560299,0.09228190342718529,0.058438499999999616,0.018596310392954285,0.14542407759823842,-0.020178689607045608,-0.023167022940378906,0.85,1.0,0.6125,0.0,0.10416666666666667,0.0375,0.0375,0.2916666666666667,0.0,0.01168455472273007,2.8042931334552224,0.030153689607045342,0.030153689607045352,0.09005180648560299,0.09228190342718529,0.058438499999999616,0.018596310392954285,0.14542407759823842,-0.020178689607045608,-0.023167022940378906,0.85,1.0,0.6125,0.0,0.10416666666666667,0.0375,0.0375,0.2916666666666667,0.0,0.01168455472273007,2.8042931334552224,0.030153689607045342,0.030153689607045352,1.0,0.4375,0.3875,0.3875,0.3875,0.0,0.4375,0.5844155844155844,1.0,0.3875,0.6363636363636364,1.0,0.3875,0.6363636363636364,1.0,0.3875,0.6363636363636364,1.0,0.3875,0.05,0.3875,0.3875,0.3875,0.3875,0.3875,0.0,0.0,0.0,0.0,0.3875,0.3875,1.0,1.0,1.0,0.3875,1.0,1.0,1.0,1.0,1.0,1.0,93,0,0.0,0.0,0.3875,0.0,0.0,0.0,0.0,0.0,0.0,0.0,0.0,1.0,0.0,0.0,0.0,0.0,0.0,0.076866869842798,0.015178182549811552,0.015178182549811552,0.0,0.05,0.05,0,0,0,0
phaseflip,dephasing,0.1,240,qiskit_aer,1,1,0.8982636387916667,0.612762133025463,0.22777777777777777,0.0,0.029166666666666667,0.6666666666666666,0.0,0.0,0.10173636120833306,0.08815386164051663,0.07406249999999975,0.028412499999999674,0.15126874999999973,0.009949999999999903,0.0068562499999998,1.0,0.6291666666666667,1.0,0.0125,0.0,0.0,0.0,0.0,0.07158267160128771,0.08815386164051663,0.04390881039295441,-0.0017411896070456678,0.12111506039295439,-0.02020368960704544,-0.023297439607045542,0.7083333333333334,1.0,0.0,0.0,0.20833333333333334,0.029166666666666667,0.029166666666666667,0.6666666666666666,0.09005180648560299,0.0924088067299785,0.058438499999999616,0.018596310392954285,0.14542407759823842,-0.020178689607045608,-0.023244074222430168,0.8625,1.0,0.6125,0.0,0.09166666666666666,0.029166666666666667,0.029166666666666667,0.2916666666666667,0.0,0.01168455472273007,2.8042931334552224,0.030153689607045342,0.030153689607045352,0.09055436797905374,0.09197625985526889,0.058438499999999616,0.018596310392954285,0.14542407759823842,-0.015499702107045715,-0.02349952294037888,0.875,1.0,0.6291666666666667,0.0,0.08333333333333333,0.0125,0.0125,0.275,0.0,0.011181993229279314,2.68367837502704,0.030153689607045342,0.030153689607045345,0.09055436797905374,0.09197625985526889,0.058438499999999616,0.018596310392954285,0.14542407759823842,-0.015499702107045715,-0.02349952294037888,0.875,1.0,0.6291666666666667,0.0,0.08333333333333333,0.0125,0.0125,0.275,0.0,0.011181993229279314,2.68367837502704,0.030153689607045342,0.030153689607045345,0.09055436797905374,0.09197625985526889,0.058438499999999616,0.018596310392954285,0.14542407759823842,-0.015499702107045715,-0.02349952294037888,0.875,1.0,0.6291666666666667,0.0,0.08333333333333333,0.0125,0.0125,0.275,0.0,0.011181993229279314,2.68367837502704,0.030153689607045342,0.030153689607045345,1.0,0.3875,0.37083333333333335,0.37083333333333335,0.37083333333333335,0.0,0.3875,0.620253164556962,1.0,0.37083333333333335,0.6371308016877637,1.0,0.37083333333333335,0.6371308016877637,1.0,0.37083333333333335,0.6371308016877637,1.0,0.37083333333333335,0.016666666666666666,0.37083333333333335,0.37083333333333335,0.37083333333333335,0.37083333333333335,0.37083333333333335,0.0,0.0,0.0,0.0,0.37083333333333335,0.37083333333333335,1.0,1.0,1.0,0.37083333333333335,1.0,1.0,1.0,1.0,1.0,1.0,89,0,0.0,0.0,0.37083333333333335,0.0,0.0,0.0,0.0,0.0,0.0,0.0,0.0,1.0,0.0,0.0,0.0,0.0,0.0,0.12890454170804497,0.017236366963801587,0.017236366963801587,0.0,0.1,0.1,0,0,0,0
phaseflip,mixed_pauli,0.0,240,qiskit_aer,1,1,0.9130771555,0.9130771555,0.0,0.0,0.6791666666666667,0.6791666666666667,0.0,0.0,0.07533277316666663,0.07915148074377841,0.04750000000000021,0.009999999999999565,0.11957500000000017,0.0,7.93016446160826e-18,1.0,0.6791666666666667,0.31666666666666665,0.24166666666666667,0.0,0.44583333333333336,0.44583333333333336,0.44583333333333336,0.13650455022628774,0.14110769276330876,0.08809631039295451,0.01984631039295437,0.23184631039295434,-0.01520493960704566,-0.02099535627371239,0.8041666666666667,1.0,0.0,0.0,0.1,0.6791666666666667,0.6791666666666667,0.6791666666666667,0.10008571012223379,0.1158723992665324,0.0698463103929543,0.0,0.15462379529471582,-0.015203689607045656,-0.02016618960704571,0.8125,1.0,0.08333333333333333,0.0,0.09166666666666666,0.6625,0.6625,0.6625,0.0,0.04587503634716569,11.01000872331978,0.22484631039295455,0.25645157355084924,0.0887851310844062,0.11290646201048384,0.045250000000000234,0.009741232499999891,0.12749999999999984,-0.010253689607045535,-0.019020997299353377,0.9,1.0,0.18333333333333332,0.0,0.05416666666666667,0.5625,0.5625,0.5625,0.0,0.05717561538499329,13.7221476923984,0.22484631039295455,0.2548713103929545,0.0887851310844062,0.11290646201048384,0.045250000000000234,0.009741232499999891,0.12749999999999984,-0.010253689607045535,-0.019020997299353377,0.9,1.0,0.18333333333333332,0.0,0.05416666666666667,0.5625,0.5625,0.5625,0.0,0.05717561538499329,13.7221476923984,0.22484631039295455,0.2548713103929545,0.0887851310844062,0.11290646201048384,0.045250000000000234,0.009741232499999891,0.12749999999999984,-0.010253689607045535,-0.019020997299353377,0.9,1.0,0.18333333333333332,0.0,0.05416666666666667,0.5625,0.5625,0.5625,0.0,0.05717561538499329,13.7221476923984,0.22484631039295455,0.2548713103929545,0.9791666666666666,0.6291666666666667,0.32083333333333336,0.32083333333333336,0.32083333333333336,0.0,0.6291666666666667,0.36507936507936506,0.6271186440677966,0.32083333333333336,0.9365079365079365,0.4124293785310734,0.32083333333333336,0.9365079365079365,0.4124293785310734,0.32083333333333336,0.9365079365079365,0.4124293785310734,0.32083333333333336,0.30833333333333335,0.32083333333333336,0.32083333333333336,0.32083333333333336,0.32083333333333336,0.32083333333333336,0.0,0.0,0.0,0.0,0.32083333333333336,0.32083333333333336,1.0,1.0,1.0,0.32083333333333336,1.0,1.0,1.0,1.0,1.0,1.0,77,0,0.0,0.0,0.14583333333333334,0.125,0.0,0.0,0.0,0.0,0.0,0.0,0.0,1.0,0.0,0.0,0.0,0.0,0.0,-0.27141047865254475,0.006982335345800231,0.006982335345800231,0.0,0.0,0.0,0,0,0,0
phaseflip,mixed_pauli,0.01,240,qiskit_aer,1,1,0.9130771555,0.8180512705185186,0.024999999999999998,0.0,0.3625,0.6791666666666667,0.0,0.0,0.07533277316666663,0.07915148074377841,0.04750000000000021,0.009999999999999565,0.11957500000000017,0.0,7.93016446160826e-18,1.0,0.6541666666666667,0.31666666666666665,0.12083333333333333,0.0,0.2375,0.2375,0.44583333333333336,0.13650455022628774,0.14110769276330876,0.08809631039295451,0.01984631039295437,0.23184631039295434,-0.01520493960704566,-0.02099535627371239,0.8041666666666667,1.0,0.0,0.0,0.1,0.3625,0.3625,0.6791666666666667,0.09303799761641847,0.11555149802346089,0.055875750196477,2.220446049250313e-16,0.13634218750000004,-0.01520493960704566,-0.02099535627371239,0.8291666666666667,1.0,0.1125,0.0,0.0875,0.3541666666666667,0.3541666666666667,0.6333333333333333,0.0,0.05292274885298101,12.701459724715454,0.22484631039295455,0.2548713103929545,0.09055795551089671,0.11488320733769815,0.04512500000000019,0.009127785392954418,0.13050000000000006,-0.010501189607045536,-0.02099327294037905,0.8958333333333334,1.0,0.175,0.0,0.058333333333333334,0.2916666666666667,0.2916666666666667,0.5708333333333333,0.0,0.05540279095850277,13.296669830040676,0.22484631039295455,0.2548713103929545,0.09055795551089671,0.11488320733769815,0.04512500000000019,0.009127785392954418,0.13050000000000006,-0.010501189607045536,-0.02099327294037905,0.8958333333333334,1.0,0.175,0.0,0.058333333333333334,0.2916666666666667,0.2916666666666667,0.5708333333333333,0.0,0.05540279095850277,13.296669830040676,0.22484631039295455,0.2548713103929545,0.09055795551089671,0.11488320733769815,0.04512500000000019,0.009127785392954418,0.13050000000000006,-0.010501189607045536,-0.02099327294037905,0.8958333333333334,1.0,0.175,0.0,0.058333333333333334,0.2916666666666667,0.2916666666666667,0.5708333333333333,0.0,0.05540279095850277,13.296669830040676,0.22484631039295455,0.2548713103929545,0.975,0.5083333333333333,0.3458333333333333,0.3458333333333333,0.3458333333333333,0.0,0.5083333333333333,0.36904761904761907,0.4423076923076923,0.3458333333333333,0.6666666666666666,0.3525641025641026,0.3458333333333333,0.6666666666666666,0.3525641025641026,0.3458333333333333,0.6666666666666666,0.3525641025641026,0.3458333333333333,0.1625,0.3458333333333333,0.3458333333333333,0.3458333333333333,0.3458333333333333,0.3458333333333333,0.0,0.0,0.0,0.0,0.3458333333333333,0.3458333333333333,1.0,1.0,1.0,0.3458333333333333,1.0,1.0,1.0,1.0,1.0,1.0,83,0,0.0,0.0,0.1625,0.1375,0.0,0.0,0.0,0.0,0.0,0.0,0.0,1.0,0.0,0.0,0.0,0.0,0.0,-0.12638459326341592,0.008428675855753215,0.008428675855753215,0.0,0.01,0.01,0,0,0,0
phaseflip,mixed_pauli,0.03,240,qiskit_aer,1,1,0.9130771555,0.7745255570925926,0.075,0.0,0.2625,0.6791666666666667,0.0,0.0,0.07533277316666663,0.07915148074377841,0.04750000000000021,0.009999999999999565,0.11957500000000017,0.0,7.93016446160826e-18,1.0,0.6708333333333333,0.31666666666666665,0.09166666666666666,0.0,0.15833333333333333,0.15833333333333333,0.44583333333333336,0.13650455022628774,0.14110769276330876,0.08809631039295451,0.01984631039295437,0.23184631039295434,-0.01520493960704566,-0.02099535627371239,0.8041666666666667,1.0,0.0,0.0,0.1,0.2625,0.2625,0.6791666666666667,0.09041176988352549,0.11297982545595668,0.05283019,0.00322522529471575,0.13077251509823862,-0.01515368960704555,-0.020159458837814916,0.8541666666666666,1.0,0.12916666666666668,0.0,0.07083333333333333,0.25,0.25,0.6166666666666667,0.0,0.055548976585874,13.331754380609768,0.22484631039295455,0.2548713103929545,0.08874051700434747,0.11230435158682889,0.045250000000000234,0.00956754259823861,0.12749999999999986,-0.0053556646070457795,-0.018524439607045695,0.9,1.0,0.17916666666666667,0.0,0.04583333333333333,0.2,0.2,0.5666666666666667,0.0,0.057220229465052015,13.732855071612493,0.22484631039295455,0.2548713103929545,0.08874051700434747,0.11230435158682889,0.045250000000000234,0.00956754259823861,0.12749999999999986,-0.0053556646070457795,-0.018524439607045695,0.9,1.0,0.17916666666666667,0.0,0.04583333333333333,0.2,0.2,0.5666666666666667,0.0,0.057220229465052015,13.732855071612493,0.22484631039295455,0.2548713103929545,0.08874051700434747,0.11230435158682889,0.045250000000000234,0.00956754259823861,0.12749999999999986,-0.0053556646070457795,-0.018524439607045695,0.9,1.0,0.17916666666666667,0.0,0.04583333333333333,0.2,0.2,0.5666666666666667,0.0,0.057220229465052015,13.732855071612493,0.22484631039295455,0.2548713103929545,0.975,0.44583333333333336,0.32916666666666666,0.32916666666666666,0.32916666666666666,0.0,0.44583333333333336,0.4431818181818182,0.3815789473684211,0.32916666666666666,0.6477272727272727,0.3157894736842105,0.32916666666666666,0.6477272727272727,0.3157894736842105,0.32916666666666666,0.6477272727272727,0.3157894736842105,0.32916666666666666,0.11666666666666667,0.32916666666666666,0.32916666666666666,0.32916666666666666,0.32916666666666666,0.32916666666666666,0.0,0.0,0.0,0.0,0.32916666666666666,0.32916666666666666,1.0,1.0,1.0,0.32916666666666666,1.0,1.0,1.0,1.0,1.0,1.0,79,0,0.0,0.0,0.15833333333333333,0.125,0.0,0.0,0.0,0.0,0.0,0.0,0.0,1.0,0.0,0.0,0.0,0.0,0.0,-0.11619221332413676,0.006832212524035758,0.006832212524035758,0.0,0.03,0.03,0,0,0,0
phaseflip,mixed_pauli,0.05,240,qiskit_aer,1,1,0.9130771555,0.7542935098703704,0.1111111111111111,0.0,0.175,0.6791666666666667,0.0,0.0,0.07533277316666663,0.07915148074377841,0.04750000000000021,0.009999999999999565,0.11957500000000017,0.0,7.93016446160826e-18,1.0,0.6916666666666667,0.31666666666666665,0.04583333333333333,0.0,0.10833333333333334,0.10833333333333334,0.44583333333333336,0.13650455022628774,0.14110769276330876,0.08809631039295451,0.01984631039295437,0.23184631039295434,-0.01520493960704566,-0.02099535627371239,0.8041666666666667,1.0,0.0,0.0,0.1,0.175,0.175,0.6791666666666667,0.08928258065718175,0.11350306831763095,0.045250000000000234,0.004750825098238348,0.1288125000000004,-0.015156189607045557,-0.02058077294037904,0.8708333333333333,1.0,0.14166666666666666,0.0,0.06666666666666667,0.16666666666666666,0.16666666666666666,0.6041666666666666,0.0,0.05667816581221774,13.602759794932267,0.22484631039295455,0.2548713103929545,0.08901621887116093,0.11276976718359065,0.04512500000000019,0.009801999999999977,0.12749999999999986,-0.005166139607045549,-0.01769527294037902,0.9083333333333333,1.0,0.1875,0.0,0.04583333333333333,0.12083333333333333,0.12083333333333333,0.5583333333333333,0.0,0.056944527598238565,13.666686623577261,0.22484631039295455,0.2548713103929545,0.08901621887116093,0.11276976718359065,0.04512500000000019,0.009801999999999977,0.12749999999999986,-0.005166139607045549,-0.01769527294037902,0.9083333333333333,1.0,0.1875,0.0,0.04583333333333333,0.12083333333333333,0.12083333333333333,0.5583333333333333,0.0,0.056944527598238565,13.666686623577261,0.22484631039295455,0.2548713103929545,0.08901621887116093,0.11276976718359065,0.04512500000000019,0.009801999999999977,0.12749999999999986,-0.005166139607045549,-0.01769527294037902,0.9083333333333333,1.0,0.1875,0.0,0.04583333333333333,0.12083333333333333,0.12083333333333333,0.5583333333333333,0.0,0.056944527598238565,13.666686623577261,0.22484631039295455,0.2548713103929545,0.975,0.4,0.30833333333333335,0.30833333333333335,0.30833333333333335,0.0,0.4,0.45918367346938777,0.3028169014084507,0.30833333333333335,0.6224489795918368,0.2605633802816901,0.30833333333333335,0.6224489795918368,0.2605633802816901,0.30833333333333335,0.6224489795918368,0.2605633802816901,0.30833333333333335,0.09166666666666666,0.30833333333333335,0.30833333333333335,0.30833333333333335,0.30833333333333335,0.30833333333333335,0.0,0.0,0.0,0.0,0.30833333333333335,0.30833333333333335,1.0,1.0,1.0,0.30833333333333335,1.0,1.0,1.0,1.0,1.0,1.0,74,0,0.0,0.0,0.14166666666666666,0.12083333333333333,0.0,0.0,0.0,0.0,0.0,0.0,0.0,1.0,0.0,0.0,0.0,0.0,0.0,-0.13762683302192888,0.006427484612837413,0.006427484612837413,0.0,0.05,0.05,0,0,0,0
phaseflip,mixed_pauli,0.1,240,qiskit_aer,1,1,0.9130771555,0.6473522981481482,0.2361111111111111,0.0,0.0375,0.6791666666666667,0.0,0.0,0.07533277316666663,0.07915148074377841,0.04750000000000021,0.009999999999999565,0.11957500000000017,0.0,7.93016446160826e-18,1.0,0.6625,0.31666666666666665,0.0125,0.0,0.0125,0.0125,0.44583333333333336,0.13650455022628774,0.14110769276330876,0.08809631039295451,0.01984631039295437,0.23184631039295434,-0.01520493960704566,-0.02099535627371239,0.8041666666666667,1.0,0.0,0.0,0.1,0.0375,0.0375,0.6791666666666667,0.08852706068411263,0.11321929951867958,0.044999999999999984,0.00322522529471575,0.1288125000000004,-0.015156189607045557,-0.02058285627371238,0.875,1.0,0.15416666666666667,0.0,0.0625,0.0375,0.0375,0.5916666666666667,0.0,0.05743368578528686,13.784084588468856,0.22484631039295455,0.2534415484881926,0.08903090292428877,0.1128070520557872,0.04512500000000019,0.0049874999999997005,0.1288125000000004,-0.010253689607045535,-0.018642151145507217,0.8916666666666667,1.0,0.175,0.0,0.05416666666666667,0.016666666666666666,0.016666666666666666,0.5708333333333333,0.0,0.05692984354511072,13.663162450826585,0.22484631039295455,0.2534415484881926,0.08903090292428877,0.1128070520557872,0.04512500000000019,0.0049874999999997005,0.1288125000000004,-0.010253689607045535,-0.018642151145507217,0.8916666666666667,1.0,0.175,0.0,0.05416666666666667,0.016666666666666666,0.016666666666666666,0.5708333333333333,0.0,0.05692984354511072,13.663162450826585,0.22484631039295455,0.2534415484881926,0.08903090292428877,0.1128070520557872,0.04512500000000019,0.0049874999999997005,0.1288125000000004,-0.010253689607045535,-0.018642151145507217,0.8916666666666667,1.0,0.175,0.0,0.05416666666666667,0.016666666666666666,0.016666666666666666,0.5708333333333333,0.0,0.05692984354511072,13.663162450826585,0.22484631039295455,0.2534415484881926,0.975,0.3625,0.3375,0.3375,0.3375,0.0,0.3625,0.49514563106796117,0.25547445255474455,0.3375,0.5436893203883495,0.24817518248175183,0.3375,0.5436893203883495,0.24817518248175183,0.3375,0.5436893203883495,0.24817518248175183,0.3375,0.025,0.3375,0.3375,0.3375,0.3375,0.3375,0.0,0.0,0.0,0.0,0.3375,0.3375,1.0,1.0,1.0,0.3375,1.0,1.0,1.0,1.0,1.0,1.0,81,0,0.0,0.0,0.1625,0.12916666666666668,0.0,0.0,0.0,0.0,0.0,0.0,0.0,1.0,0.0,0.0,0.0,0.0,0.0,0.02764771230761076,0.009514696341575165,0.009514696341575165,0.0,0.1,0.1,0,0,0,0
phaseflip,phaseflip,0.0,240,qiskit_aer,1,1,0.8156382206666667,0.8156382206666667,0.0,0.0,0.4166666666666667,0.4166666666666667,0.0,0.0,0.1843617793333331,0.14803858181474697,0.14624999999999977,0.05614999999999978,0.28192499999999976,0.019799999999999596,0.013674999999999576,1.0,0.5458333333333333,1.0,0.2375,0.0,0.0,0.0,0.0,0.15420808972628774,0.14803858181474697,0.11609631039295443,0.02599631039295444,0.2517713103929544,-0.010353689607045746,-0.016478689607045766,0.8333333333333334,1.0,0.0,0.0,0.08333333333333333,0.4166666666666667,0.4166666666666667,0.4166666666666667,0.16539008295556706,0.1572781607042027,0.13549999999999973,0.02599631039295444,0.27749999999999975,-0.010353689607045746,-0.016478689607045766,0.8333333333333334,1.0,0.37083333333333335,0.0,0.08333333333333333,0.4125,0.4125,0.4125,0.0,0.018971696377766026,4.553207130663865,0.030153689607045342,0.030153689607045352,0.1706669786368,0.15332122865114334,0.13549999999999973,0.03918345999999981,0.27749999999999975,-0.010353689607045746,-0.016233689607045763,0.8666666666666667,1.0,0.5458333333333333,0.0,0.07083333333333333,0.2375,0.2375,0.2375,0.0,0.013694800696533093,3.2867521671679514,0.030153689607045342,0.030153689607045352,0.1706669786368,0.15332122865114334,0.13549999999999973,0.03918345999999981,0.27749999999999975,-0.010353689607045746,-0.016233689607045763,0.8666666666666667,1.0,0.5458333333333333,0.0,0.07083333333333333,0.2375,0.2375,0.2375,0.0,0.013694800696533093,3.2867521671679514,0.030153689607045342,0.030153689607045352,0.1706669786368,0.15332122865114334,0.13549999999999973,0.03918345999999981,0.27749999999999975,-0.010353689607045746,-0.016233689607045763,0.8666666666666667,1.0,0.5458333333333333,0.0,0.07083333333333333,0.2375,0.2375,0.2375,0.0,0.013694800696533093,3.2867521671679514,0.030153689607045342,0.030153689607045352,1.0,0.6291666666666667,0.45416666666666666,0.45416666666666666,0.45416666666666666,0.0,0.6291666666666667,0.48633879781420764,1.0,0.45416666666666666,0.7158469945355191,1.0,0.45416666666666666,0.7158469945355191,1.0,0.45416666666666666,0.7158469945355191,1.0,0.45416666666666666,0.175,0.45416666666666666,0.45416666666666666,0.45416666666666666,0.45416666666666666,0.45416666666666666,0.0,0.0,0.0,0.0,0.45416666666666666,0.45416666666666666,1.0,1.0,1.0,0.45416666666666666,1.0,1.0,1.0,1.0,1.0,1.0,109,0,0.0,0.0,0.45416666666666666,0.0,0.0,0.0,0.0,0.0,0.0,0.0,0.0,1.0,0.0,0.0,0.0,0.0,0.0,0.09269511551258443,0.01885454876349639,0.01885454876349639,0.0,0.0,0.0,0,0,0,0
phaseflip,phaseflip,0.01,240,qiskit_aer,1,1,0.8156382206666667,0.631478904462963,0.027777777777777776,0.0,0.10416666666666667,0.4166666666666667,0.0,0.0,0.1843617793333331,0.14803858181474697,0.14624999999999977,0.05614999999999978,0.28192499999999976,0.019799999999999596,0.013674999999999576,1.0,0.5583333333333333,1.0,0.07083333333333333,0.0,0.0,0.0,0.0,0.15420808972628774,0.14803858181474697,0.11609631039295443,0.02599631039295444,0.2517713103929544,-0.010353689607045746,-0.016478689607045766,0.8333333333333334,1.0,0.0,0.0,0.08333333333333333,0.10416666666666667,0.10416666666666667,0.4166666666666667,0.17003877676998655,0.15424715027499453,0.12767315519647704,0.036832469999999784,0.27749999999999975,-0.010353689607045746,-0.015953689607045764,0.8625,1.0,0.525,0.0,0.07083333333333333,0.10416666666666667,0.10416666666666667,0.2625,0.0,0.014323002563346537,3.437520615203179,0.030153689607045342,0.030153689607045345,0.17104389975688805,0.153332246027952,0.12767315519647704,0.03918345999999981,0.27749999999999975,-0.010353689607045746,-0.015953689607045764,0.875,1.0,0.5583333333333333,0.0,0.06666666666666667,0.07083333333333333,0.07083333333333333,0.22916666666666666,0.0,0.013317879576445027,3.1962910983468147,0.030153689607045342,0.030153689607045345,0.17104389975688805,0.153332246027952,0.12767315519647704,0.03918345999999981,0.27749999999999975,-0.010353689607045746,-0.015953689607045764,0.875,1.0,0.5583333333333333,0.0,0.06666666666666667,0.07083333333333333,0.07083333333333333,0.22916666666666666,0.0,0.013317879576445027,3.1962910983468147,0.030153689607045342,0.030153689607045345,0.17104389975688805,0.153332246027952,0.12767315519647704,0.03918345999999981,0.27749999999999975,-0.010353689607045746,-0.015953689607045764,0.875,1.0,0.5583333333333333,0.0,0.06666666666666667,0.07083333333333333,0.07083333333333333,0.22916666666666666,0.0,0.013317879576445027,3.1962910983468147,0.030153689607045342,0.030153689607045345,1.0,0.475,0.44166666666666665,0.44166666666666665,0.44166666666666665,0.0,0.475,0.5650224215246636,1.0,0.44166666666666665,0.600896860986547,1.0,0.44166666666666665,0.600896860986547,1.0,0.44166666666666665,0.600896860986547,1.0,0.44166666666666665,0.03333333333333333,0.44166666666666665,0.44166666666666665,0.44166666666666665,0.44166666666666665,0.44166666666666665,0.0,0.0,0.0,0.0,0.44166666666666665,0.44166666666666665,1.0,1.0,1.0,0.44166666666666665,1.0,1.0,1.0,1.0,1.0,1.0,106,0,0.0,0.0,0.44166666666666665,0.0,0.0,0.0,0.0,0.0,0.0,0.0,0.0,1.0,0.0,0.0,0.0,0.0,0.0,0.2518544317703545,0.018237466810653937,0.018237466810653937,0.0,0.01,0.01,0,0,0,0
phaseflip,phaseflip,0.03,240,qiskit_aer,1,1,0.8156382206666667,0.5938658560555555,0.07777777777777778,0.0,0.09166666666666666,0.4166666666666667,0.0,0.0,0.1843617793333331,0.14803858181474697,0.14624999999999977,0.05614999999999978,0.28192499999999976,0.019799999999999596,0.013674999999999576,1.0,0.5708333333333333,1.0,0.0625,0.0,0.0,0.0,0.0,0.15420808972628774,0.14803858181474697,0.11609631039295443,0.02599631039295444,0.2517713103929544,-0.010353689607045746,-0.016478689607045766,0.8333333333333334,1.0,0.0,0.0,0.08333333333333333,0.09166666666666666,0.09166666666666666,0.4166666666666667,0.17054133826343731,0.15407969055683748,0.13549999999999973,0.03661193999999979,0.27749999999999975,-0.010353689607045746,-0.01563061268396884,0.8625,1.0,0.5416666666666666,0.0,0.06666666666666667,0.09166666666666666,0.09166666666666666,0.25833333333333336,0.0,0.013820441069895781,3.316905856774997,0.030153689607045342,0.030153689607045352,0.17142082087697613,0.15323654259807454,0.13549999999999973,0.03903644999999978,0.27749999999999975,-0.010353689607045746,-0.01563061268396884,0.8791666666666667,1.0,0.5708333333333333,0.0,0.0625,0.0625,0.0625,0.22916666666666666,0.0,0.01294095845635696,3.105830029525678,0.030153689607045342,0.030153689607045356,0.17142082087697613,0.15323654259807454,0.13549999999999973,0.03903644999999978,0.27749999999999975,-0.010353689607045746,-0.01563061268396884,0.8791666666666667,1.0,0.5708333333333333,0.0,0.0625,0.0625,0.0625,0.22916666666666666,0.0,0.01294095845635696,3.105830029525678,0.030153689607045342,0.030153689607045356,0.17142082087697613,0.15323654259807454,0.13549999999999973,0.03903644999999978,0.27749999999999975,-0.010353689607045746,-0.01563061268396884,0.8791666666666667,1.0,0.5708333333333333,0.0,0.0625,0.0625,0.0625,0.22916666666666666,0.0,0.01294095845635696,3.105830029525678,0.030153689607045342,0.030153689607045356,1.0,0.4583333333333333,0.42916666666666664,0.42916666666666664,0.42916666666666664,0.0,0.4583333333333333,0.5777777777777777,1.0,0.42916666666666664,0.6088888888888889,1.0,0.42916666666666664,0.6088888888888889,1.0,0.42916666666666664,0.6088888888888889,1.0,0.42916666666666664,0.029166666666666667,0.42916666666666664,0.42916666666666664,0.42916666666666664,0.42916666666666664,0.42916666666666664,0.0,0.0,0.0,0.0,0.42916666666666664,0.42916666666666664,1.0,1.0,1.0,0.42916666666666664,1.0,1.0,1.0,1.0,1.0,1.0,103,0,0.0,0.0,0.42916666666666664,0.0,0.0,0.0,0.0,0.0,0.0,0.0,0.0,1.0,0.0,0.0,0.0,0.0,0.0,0.2644674802535144,0.018870857961319768,0.018870857961319768,0.0,0.03,0.03,0,0,0,0
phaseflip,phaseflip,0.05,240,qiskit_aer,1,1,0.8156382206666667,0.5800509903148149,0.11666666666666665,0.0,0.05,0.4166666666666667,0.0,0.0,0.1843617793333331,0.14803858181474697,0.14624999999999977,0.05614999999999978,0.28192499999999976,0.019799999999999596,0.013674999999999576,1.0,0.5458333333333333,1.0,0.025,0.0,0.0,0.0,0.0,0.15420808972628774,0.14803858181474697,0.11609631039295443,0.02599631039295444,0.2517713103929544,-0.010353689607045746,-0.016478689607045766,0.8333333333333334,1.0,0.0,0.0,0.08333333333333333,0.05,0.05,0.4166666666666667,0.16991313639662387,0.15470154677392986,0.12767315519647704,0.03918345999999981,0.27749999999999975,-0.010353689607045746,-0.01563061268396884,0.85,1.0,0.5208333333333334,0.0,0.06666666666666667,0.05,0.05,0.275,0.0,0.014448642936709227,3.4676743048102248,0.030153689607045342,0.03015368960704535,0.1706669786368,0.15399289827576707,0.12767315519647704,0.03918345999999981,0.27749999999999975,-0.010353689607045746,-0.01563061268396884,0.8625,1.0,0.5458333333333333,0.0,0.0625,0.025,0.025,0.25,0.0,0.013694800696533093,3.2867521671679514,0.030153689607045342,0.030153689607045352,0.1706669786368,0.15399289827576707,0.12767315519647704,0.03918345999999981,0.27749999999999975,-0.010353689607045746,-0.01563061268396884,0.8625,1.0,0.5458333333333333,0.0,0.0625,0.025,0.025,0.25,0.0,0.013694800696533093,3.2867521671679514,0.030153689607045342,0.030153689607045352,0.1706669786368,0.15399289827576707,0.12767315519647704,0.03918345999999981,0.27749999999999975,-0.010353689607045746,-0.01563061268396884,0.8625,1.0,0.5458333333333333,0.0,0.0625,0.025,0.025,0.25,0.0,0.013694800696533093,3.2867521671679514,0.030153689607045342,0.030153689607045352,1.0,0.4791666666666667,0.45416666666666666,0.45416666666666666,0.45416666666666666,0.0,0.4791666666666667,0.5341880341880342,1.0,0.45416666666666666,0.5598290598290598,1.0,0.45416666666666666,0.5598290598290598,1.0,0.45416666666666666,0.5598290598290598,1.0,0.45416666666666666,0.025,0.45416666666666666,0.45416666666666666,0.45416666666666666,0.45416666666666666,0.45416666666666666,0.0,0.0,0.0,0.0,0.45416666666666666,0.45416666666666666,1.0,1.0,1.0,0.45416666666666666,1.0,1.0,1.0,1.0,1.0,1.0,109,0,0.0,0.0,0.45416666666666666,0.0,0.0,0.0,0.0,0.0,0.0,0.0,0.0,1.0,0.0,0.0,0.0,0.0,0.0,0.32828234617610147,0.019284016408283245,0.019284016408283245,0.0,0.05,0.05,0,0,0,0
phaseflip,phaseflip,0.1,240,qiskit_aer,1,1,0.8156382206666667,0.5192380225925927,0.22777777777777777,0.0,0.016666666666666666,0.4166666666666667,0.0,0.0,0.1843617793333331,0.14803858181474697,0.14624999999999977,0.05614999999999978,0.28192499999999976,0.019799999999999596,0.013674999999999576,1.0,0.5833333333333334,1.0,0.0125,0.0,0.0,0.0,0.0,0.15420808972628774,0.14803858181474697,0.11609631039295443,0.02599631039295444,0.2517713103929544,-0.010353689607045746,-0.016478689607045766,0.8333333333333334,1.0,0.0,0.0,0.08333333333333333,0.016666666666666666,0.016666666666666666,0.4166666666666667,0.1716721016237015,0.1523924153387627,0.13549999999999973,0.03918345999999981,0.27749999999999975,-0.010253689607045535,-0.014861381914738035,0.8916666666666667,1.0,0.5791666666666667,0.0,0.05416666666666667,0.016666666666666666,0.016666666666666666,0.2125,0.0,0.01268967770963158,3.045522650311587,0.030153689607045342,0.030153689607045352,0.17179774199706419,0.15225474225596378,0.13549999999999973,0.03918345999999981,0.27749999999999975,-0.001036789607045536,-0.01524535627371241,0.8958333333333334,1.0,0.5833333333333334,0.0,0.05,0.0125,0.0125,0.20833333333333334,0.0,0.012564037336268893,3.0153689607045413,0.030153689607045342,0.030153689607045352,0.17179774199706419,0.15225474225596378,0.13549999999999973,0.03918345999999981,0.27749999999999975,-0.001036789607045536,-0.01524535627371241,0.8958333333333334,1.0,0.5833333333333334,0.0,0.05,0.0125,0.0125,0.20833333333333334,0.0,0.012564037336268893,3.0153689607045413,0.030153689607045342,0.030153689607045352,0.17179774199706419,0.15225474225596378,0.13549999999999973,0.03918345999999981,0.27749999999999975,-0.001036789607045536,-0.01524535627371241,0.8958333333333334,1.0,0.5833333333333334,0.0,0.05,0.0125,0.0125,0.20833333333333334,0.0,0.012564037336268893,3.0153689607045413,0.030153689607045342,0.030153689607045352,1.0,0.42083333333333334,0.4166666666666667,0.4166666666666667,0.4166666666666667,0.0,0.42083333333333334,0.5864978902953587,1.0,0.4166666666666667,0.5907172995780591,1.0,0.4166666666666667,0.5907172995780591,1.0,0.4166666666666667,0.5907172995780591,1.0,0.4166666666666667,0.004166666666666667,0.4166666666666667,0.4166666666666667,0.4166666666666667,0.4166666666666667,0.4166666666666667,0.0,0.0,0.0,0.0,0.4166666666666667,0.4166666666666667,1.0,1.0,1.0,0.4166666666666667,1.0,1.0,1.0,1.0,1.0,1.0,100,0,0.0,0.0,0.4166666666666667,0.0,0.0,0.0,0.0,0.0,0.0,0.0,0.0,1.0,0.0,0.0,0.0,0.0,0.0,0.3140953137969061,0.019595969815605227,0.019595969815605227,0.0,0.1,0.1,0,0,0,0
