code_family,noise_family,syndrome_observation_ratio,cases,backend,code_count,noise_family_count,true_syndrome_mean_no_error_mean,observed_syndrome_mean_no_error_mean,syndrome_corruption_rate,syndrome_information_loss_mean,observed_syndrome_consistent_rate,true_syndrome_consistent_rate,partial_syndrome_case_rate,ambiguous_syndrome_case_rate,fid_gain_A_mean,fid_gain_A_std,fid_gain_A_median,fid_gain_A_p25,fid_gain_A_p75,fid_gain_q05_A,fid_gain_cvar05_A,nonworsen_rate_A,admissible_rate_A,logical_success_rate_A,false_safe_rate_A,false_safe_fidelity_rate_A,failure_boundary_rate_A,observed_failure_boundary_rate_A,true_failure_boundary_rate_A,fid_gain_B_mean,fid_gain_B_std,fid_gain_B_median,fid_gain_B_p25,fid_gain_B_p75,fid_gain_q05_B,fid_gain_cvar05_B,nonworsen_rate_B,admissible_rate_B,logical_success_rate_B,false_safe_rate_B,false_safe_fidelity_rate_B,failure_boundary_rate_B,observed_failure_boundary_rate_B,true_failure_boundary_rate_B,fid_gain_C1_mean,fid_gain_C1_std,fid_gain_C1_median,fid_gain_C1_p25,fid_gain_C1_p75,fid_gain_q05_C1,fid_gain_cvar05_C1,nonworsen_rate_C1,admissible_rate_C1,logical_success_rate_C1,false_safe_rate_C1,false_safe_fidelity_rate_C1,failure_boundary_rate_C1,observed_failure_boundary_rate_C1,true_failure_boundary_rate_C1,chosen_candidate_violation_mean_C1,oracle_regret_mean_C1,oracle_regret_sum_C1,oracle_regret_q95_C1,oracle_regret_cvar95_C1,fid_gain_C2_mean,fid_gain_C2_std,fid_gain_C2_median,fid_gain_C2_p25,fid_gain_C2_p75,fid_gain_q05_C2,fid_gain_cvar05_C2,nonworsen_rate_C2,admissible_rate_C2,logical_success_rate_C2,false_safe_rate_C2,false_safe_fidelity_rate_C2,failure_boundary_rate_C2,observed_failure_boundary_rate_C2,true_failure_boundary_rate_C2,chosen_candidate_violation_mean_C2,oracle_regret_mean_C2,oracle_regret_sum_C2,oracle_regret_q95_C2,oracle_regret_cvar95_C2,fid_gain_C3_mean,fid_gain_C3_std,fid_gain_C3_median,fid_gain_C3_p25,fid_gain_C3_p75,fid_gain_q05_C3,fid_gain_cvar05_C3,nonworsen_rate_C3,admissible_rate_C3,logical_success_rate_C3,false_safe_rate_C3,false_safe_fidelity_rate_C3,failure_boundary_rate_C3,observed_failure_boundary_rate_C3,true_failure_boundary_rate_C3,chosen_candidate_violation_mean_C3,oracle_regret_mean_C3,oracle_regret_sum_C3,oracle_regret_q95_C3,oracle_regret_cvar95_C3,fid_gain_C3R_mean,fid_gain_C3R_std,fid_gain_C3R_median,fid_gain_C3R_p25,fid_gain_C3R_p75,fid_gain_q05_C3R,fid_gain_cvar05_C3R,nonworsen_rate_C3R,admissible_rate_C3R,logical_success_rate_C3R,false_safe_rate_C3R,false_safe_fidelity_rate_C3R,failure_boundary_rate_C3R,observed_failure_boundary_rate_C3R,true_failure_boundary_rate_C3R,chosen_candidate_violation_mean_C3R,oracle_regret_mean_C3R,oracle_regret_sum_C3R,oracle_regret_q95_C3R,oracle_regret_cvar95_C3R,decision_disagreement_rate_AB,decision_disagreement_rate_C1A,decision_disagreement_rate_C2A,decision_disagreement_rate_C3A,decision_disagreement_rate_C3RA,decision_disagreement_rate_C3R_vs_C2,chosen_B_rate_C1,safe_case_retention_rate_C1,risky_case_capture_rate_C1,chosen_B_rate_C2,safe_case_retention_rate_C2,risky_case_capture_rate_C2,chosen_B_rate_C3,safe_case_retention_rate_C3,risky_case_capture_rate_C3,chosen_B_rate_C3R,safe_case_retention_rate_C3R,risky_case_capture_rate_C3R,veto_rate_C1,tie_break_rate_C1,weighted_score_switch_rate_C2,weighted_score_switch_rate_C3,weighted_score_switch_rate_C3R,veto_rate_C2,veto_rate_C3,veto_rate_C3R,tie_break_rate_C2,tie_break_rate_C3,tie_break_rate_C3R,c3r_gate_c2_switch_rate,c3r_gate_score_margin_rate,c3r_gate_leave_A_rate,c3r_gate_B_safe_rate,c3r_gate_uncertainty_rate,c3r_allow_B_rate,c3r_gate_c2_switch_rate_given_c2_B,c3r_gate_score_margin_rate_given_c2_B,c3r_gate_leave_A_rate_given_c2_B,c3r_gate_B_safe_rate_given_c2_B,c3r_gate_uncertainty_rate_given_c2_B,c3r_allow_B_rate_given_c2_B,c2_B_count,c3r_block_count,c3r_blocks_c2_switch_rate,c3r_block_rate_given_c2_B,c3r_harmful_c2_switch_rate,c3r_beneficial_c2_switch_rate,c3r_prevented_harmful_switch_rate,c3r_missed_beneficial_switch_rate,c3r_prevented_harmful_switch_rate_given_block,c3r_missed_beneficial_switch_rate_given_block,c3r_harmful_block_precision,c3r_harmful_switch_recall,c3r_beneficial_switch_block_rate,c3r_beneficial_switch_retention,c3r_prevented_loss_sum,c3r_missed_gain_sum,c3r_net_intervention_gain,c3r_intervention_gain_mean,c3r_intervention_gain_sum,c3r_score_margin_mean,c3r_structural_margin_mean,c3r_violation_A_mean,c3r_violation_B_mean,c3r_syndrome_uncertainty_mean,c3r_raw_syndrome_uncertainty_mean,c3r_blocked_by_score_margin_count,c3r_blocked_by_leave_A_count,c3r_blocked_by_B_safe_count,c3r_blocked_by_uncertainty_count
phaseflip,dephasing,0.25,240,qiskit_aer,1,1,0.8982636387916667,0.19078828350289354,0.9611111111111111,0.7694444444444445,0.0,0.6666666666666666,1.0,0.0,0.10173636120833306,0.08815386164051663,0.07406249999999975,0.028412499999999674,0.15126874999999973,0.009949999999999903,0.0068562499999998,1.0,0.6458333333333334,1.0,0.0,0.0,0.0,0.0,0.0,0.07158267160128771,0.08815386164051663,0.04390881039295441,-0.0017411896070456678,0.12111506039295439,-0.02020368960704544,-0.023297439607045542,0.7083333333333334,1.0,0.0,0.0,0.20833333333333334,0.0,0.0,0.6666666666666666,0.09105692947250449,0.09225577577683064,0.058438499999999616,0.01981937437499967,0.14542407759823842,-0.020178689607045608,-0.023167022940378906,0.8666666666666667,1.0,0.6458333333333334,0.0,0.0875,0.0,0.0,0.2708333333333333,0.0,0.01067943173582856,2.563063616598858,0.030153689607045342,0.030153689607045356,0.09105692947250449,0.09225577577683064,0.058438499999999616,0.01981937437499967,0.14542407759823842,-0.020178689607045608,-0.023167022940378906,0.8666666666666667,1.0,0.6458333333333334,0.0,0.0875,0.0,0.0,0.2708333333333333,0.0,0.01067943173582856,2.563063616598858,0.030153689607045342,0.030153689607045356,0.09105692947250449,0.09225577577683064,0.058438499999999616,0.01981937437499967,0.14542407759823842,-0.020178689607045608,-0.023167022940378906,0.8666666666666667,1.0,0.6458333333333334,0.0,0.0875,0.0,0.0,0.2708333333333333,0.0,0.01067943173582856,2.563063616598858,0.030153689607045342,0.030153689607045356,0.10173636120833306,0.08815386164051663,0.07406249999999975,0.028412499999999674,0.15126874999999973,0.009949999999999903,0.0068562499999998,1.0,0.6458333333333334,1.0,0.0,0.0,0.0,0.0,0.0,0.014808193355013965,0.0,0.0,0.0,0.0,1.0,0.3541666666666667,0.3541666666666667,0.3541666666666667,0.0,0.3541666666666667,0.3541666666666667,0.6458333333333334,0.0,0.3541666666666667,0.6458333333333334,0.0,0.3541666666666667,0.6458333333333334,0.0,0.0,1.0,0.0,0.3541666666666667,0.0,0.3541666666666667,0.3541666666666667,0.0,0.3541666666666667,0.3541666666666667,0.3541666666666667,0.0,0.0,0.0,0.3541666666666667,0.3541666666666667,1.0,1.0,0.0,0.0,1.0,1.0,1.0,1.0,0.0,0.0,85,85,0.3541666666666667,1.0,0.3541666666666667,0.0,0.3541666666666667,0.0,1.0,0.0,1.0,1.0,0.0,1.0,2.563063616598858,0.0,2.563063616598858,0.01067943173582856,2.563063616598858,0.5175450578225156,0.014808193355013965,0.014808193355013965,0.0,1.0,1.5194444444444444,0,0,0,85
phaseflip,dephasing,0.5,240,qiskit_aer,1,1,0.8982636387916667,0.3767147079357639,0.8111111111111111,0.5416666666666666,0.0,0.6666666666666666,1.0,0.0,0.10173636120833306,0.08815386164051663,0.07406249999999975,0.028412499999999674,0.15126874999999973,0.009949999999999903,0.0068562499999998,1.0,0.6541666666666667,1.0,0.0,0.0,0.0,0.0,0.0,0.07158267160128771,0.08815386164051663,0.04390881039295441,-0.0017411896070456678,0.12111506039295439,-0.02020368960704544,-0.023297439607045542,0.7083333333333334,1.0,0.0,0.0,0.20833333333333334,0.0,0.0,0.6666666666666666,0.09130821021922987,0.09245345822982515,0.06437599789295456,0.019637513223238312,0.14542407759823842,-0.0201799396070456,-0.023916189607045547,0.8666666666666667,1.0,0.6541666666666667,0.0,0.09583333333333334,0.0,0.0,0.2708333333333333,0.0,0.01042815098910318,2.5027562373847667,0.030153689607045342,0.03015368960704535,0.09130821021922987,0.09245345822982515,0.06437599789295456,0.019637513223238312,0.14542407759823842,-0.0201799396070456,-0.023916189607045547,0.8666666666666667,1.0,0.6541666666666667,0.0,0.09583333333333334,0.0,0.0,0.2708333333333333,0.0,0.01042815098910318,2.5027562373847667,0.030153689607045342,0.03015368960704535,0.09130821021922987,0.09245345822982515,0.06437599789295456,0.019637513223238312,0.14542407759823842,-0.0201799396070456,-0.023916189607045547,0.8666666666666667,1.0,0.6541666666666667,0.0,0.09583333333333334,0.0,0.0,0.2708333333333333,0.0,0.01042815098910318,2.5027562373847667,0.030153689607045342,0.03015368960704535,0.09934919411444196,0.0888951929748189,0.07312499999999977,0.0249999999999998,0.15126874999999973,0.004999999999999782,-0.004506329647272933,0.9666666666666667,0.7333333333333333,0.9208333333333333,0.0,0.025,0.0,0.0,0.05416666666666667,0.009057321971765576,0.0023871670938910897,0.5729201025338615,0.030153689607045342,0.030153689607045342,1.0,0.3458333333333333,0.3458333333333333,0.3458333333333333,0.07916666666666666,0.26666666666666666,0.3458333333333333,0.6541666666666667,0.0,0.3458333333333333,0.6541666666666667,0.0,0.3458333333333333,0.6541666666666667,0.0,0.07916666666666666,0.9208333333333333,0.0,0.3458333333333333,0.0,0.3458333333333333,0.3458333333333333,0.07916666666666666,0.3458333333333333,0.3458333333333333,0.26666666666666666,0.0,0.0,0.0,0.3458333333333333,0.3458333333333333,1.0,1.0,0.25,0.07916666666666666,1.0,1.0,1.0,1.0,0.2289156626506024,0.2289156626506024,83,64,0.26666666666666666,0.7710843373493976,0.3458333333333333,0.0,0.26666666666666666,0.0,1.0,0.0,1.0,0.7710843373493976,0.0,1.0,1.9298361348509019,0.0,1.9298361348509019,0.008040983895212092,1.9298361348509019,0.3149519668735622,0.016037713533991447,0.016037713533991447,0.0,0.975,1.0416666666666667,0,0,0,64
phaseflip,dephasing,0.75,240,qiskit_aer,1,1,0.8982636387916667,0.6364608816278936,0.3833333333333333,0.23333333333333334,0.0,0.6666666666666666,1.0,0.0,0.10173636120833306,0.08815386164051663,0.07406249999999975,0.028412499999999674,0.15126874999999973,0.009949999999999903,0.0068562499999998,1.0,0.6333333333333333,1.0,0.0,0.0,0.0,0.0,0.0,0.07158267160128771,0.08815386164051663,0.04390881039295441,-0.0017411896070456678,0.12111506039295439,-0.02020368960704544,-0.023297439607045542,0.7083333333333334,1.0,0.0,0.0,0.20833333333333334,0.0,0.0,0.6666666666666666,0.09068000835241642,0.0924936902840791,0.058438499999999616,0.01975768437499964,0.14574282759823837,-0.020178689607045608,-0.02302690389275983,0.8625,1.0,0.6333333333333333,0.0,0.09583333333333334,0.0,0.0,0.2791666666666667,0.0,0.011056352855916626,2.6535246854199945,0.030153689607045342,0.030153689607045342,0.09068000835241642,0.0924936902840791,0.058438499999999616,0.01975768437499964,0.14574282759823837,-0.020178689607045608,-0.02302690389275983,0.8625,1.0,0.6333333333333333,0.0,0.09583333333333334,0.0,0.0,0.2791666666666667,0.0,0.011056352855916626,2.6535246854199945,0.030153689607045342,0.030153689607045342,0.09068000835241642,0.0924936902840791,0.058438499999999616,0.01975768437499964,0.14574282759823837,-0.020178689607045608,-0.02302690389275983,0.8625,1.0,0.6333333333333333,0.0,0.09583333333333334,0.0,0.0,0.2791666666666667,0.0,0.011056352855916626,2.6535246854199945,0.030153689607045342,0.030153689607045342,0.09068000835241642,0.0924936902840791,0.058438499999999616,0.01975768437499964,0.14574282759823837,-0.020178689607045608,-0.02302690389275983,0.8625,1.0,0.6333333333333333,0.0,0.09583333333333334,0.0,0.0,0.2791666666666667,0.0,0.011056352855916626,2.6535246854199945,0.030153689607045342,0.030153689607045342,1.0,0.36666666666666664,0.36666666666666664,0.36666666666666664,0.36666666666666664,0.0,0.36666666666666664,0.6333333333333333,0.0,0.36666666666666664,0.6333333333333333,0.0,0.36666666666666664,0.6333333333333333,0.0,0.36666666666666664,0.6333333333333333,0.0,0.36666666666666664,0.0,0.36666666666666664,0.36666666666666664,0.36666666666666664,0.36666666666666664,0.36666666666666664,0.0,0.0,0.0,0.0,0.36666666666666664,0.36666666666666664,1.0,1.0,1.0,0.36666666666666664,1.0,1.0,1.0,1.0,1.0,1.0,88,0,0.0,0.0,0.36666666666666664,0.0,0.0,0.0,0.0,0.0,0.0,0.0,0.0,1.0,0.0,0.0,0.0,0.0,0.0,0.09687246014157361,0.01753401515332445,0.01753401515332445,0.0,0.48333333333333334,0.48333333333333334,0,0,0,0
phaseflip,dephasing,1.0,240,qiskit_aer,1,1,0.8982636387916667,0.8982636387916667,0.0,0.0,0.6666666666666666,0.6666666666666666,0.0,0.0,0.10173636120833306,0.08815386164051663,0.07406249999999975,0.028412499999999674,0.15126874999999973,0.009949999999999903,0.0068562499999998,1.0,0.6416666666666667,1.0,0.2791666666666667,0.0,0.0,0.0,0.0,0.07158267160128771,0.08815386164051663,0.04390881039295441,-0.0017411896070456678,0.12111506039295439,-0.02020368960704544,-0.023297439607045542,0.7083333333333334,1.0,0.0,0.0,0.20833333333333334,0.6666666666666666,0.6666666666666666,0.6666666666666666,0.07987493624322518,0.09800992697273561,0.04484631039295439,-0.0006036896070457098,0.14542407759823842,-0.02020368960704544,-0.023297439607045542,0.725,1.0,0.275,0.0,0.19166666666666668,0.6458333333333334,0.6458333333333334,0.6458333333333334,0.0,0.021861424965107873,5.246741991625913,0.030153689607045342,0.03015368960704535,0.0909312890991418,0.09237189324036357,0.058438499999999616,0.019481263223238288,0.14542407759823842,-0.020178689607045608,-0.023244074222430168,0.8625,1.0,0.6416666666666667,0.0,0.09166666666666666,0.2791666666666667,0.2791666666666667,0.2791666666666667,0.0,0.010805072109191247,2.5932173062059034,0.030153689607045342,0.030153689607045356,0.0909312890991418,0.09237189324036357,0.058438499999999616,0.019481263223238288,0.14542407759823842,-0.020178689607045608,-0.023244074222430168,0.8625,1.0,0.6416666666666667,0.0,0.09166666666666666,0.2791666666666667,0.2791666666666667,0.2791666666666667,0.0,0.010805072109191247,2.5932173062059034,0.030153689607045342,0.030153689607045356,0.0909312890991418,0.09237189324036357,0.058438499999999616,0.019481263223238288,0.14542407759823842,-0.020178689607045608,-0.023244074222430168,0.8625,1.0,0.6416666666666667,0.0,0.09166666666666666,0.2791666666666667,0.2791666666666667,0.2791666666666667,0.0,0.010805072109191247,2.5932173062059034,0.030153689607045342,0.030153689607045356,1.0,0.725,0.35833333333333334,0.35833333333333334,0.35833333333333334,0.0,0.725,0.3815028901734104,1.0,0.35833333333333334,0.8901734104046243,1.0,0.35833333333333334,0.8901734104046243,1.0,0.35833333333333334,0.8901734104046243,1.0,0.35833333333333334,0.36666666666666664,0.35833333333333334,0.35833333333333334,0.35833333333333334,0.35833333333333334,0.35833333333333334,0.0,0.0,0.0,0.0,0.35833333333333334,0.35833333333333334,1.0,1.0,1.0,0.35833333333333334,1.0,1.0,1.0,1.0,1.0,1.0,86,0,0.0,0.0,0.35833333333333334,0.0,0.0,0.0,0.0,0.0,0.0,0.0,0.0,1.0,0.0,0.0,0.0,0.0,0.0,-0.18159696399702174,0.016357952608076213,0.016357952608076213,0.0,0.0,0.0,0,0,0,0
phaseflip,mixed_pauli,0.25,240,qiskit_aer,1,1,0.9130771555,0.20045222182407407,0.9611111111111111,0.7680555555555556,0.0,0.6791666666666667,1.0,0.0,0.07533277316666663,0.07915148074377841,0.04750000000000021,0.009999999999999565,0.11957500000000017,0.0,7.93016446160826e-18,1.0,0.6791666666666667,0.31666666666666665,0.0,0.0,0.0,0.0,0.44583333333333336,0.13650455022628774,0.14110769276330876,0.08809631039295451,0.01984631039295437,0.23184631039295434,-0.01520493960704566,-0.02099535627371239,0.8041666666666667,1.0,0.0,0.0,0.1,0.0,0.0,0.6791666666666667,0.09043096441773953,0.11459911789515188,0.045250000000000234,0.009789747499999946,0.12749999999999986,-0.010253689607045535,-0.018638304991661074,0.9,1.0,0.18333333333333332,0.0,0.05416666666666667,0.0,0.0,0.5625,0.0,0.05552978205165997,13.327147692398404,0.22484631039295455,0.2548713103929545,0.09043096441773953,0.11459911789515188,0.045250000000000234,0.009789747499999946,0.12749999999999986,-0.010253689607045535,-0.018638304991661074,0.9,1.0,0.18333333333333332,0.0,0.05416666666666667,0.0,0.0,0.5625,0.0,0.05552978205165997,13.327147692398404,0.22484631039295455,0.2548713103929545,0.09043096441773953,0.11459911789515188,0.045250000000000234,0.009789747499999946,0.12749999999999986,-0.010253689607045535,-0.018638304991661074,0.9,1.0,0.18333333333333332,0.0,0.05416666666666667,0.0,0.0,0.5625,0.0,0.05552978205165997,13.327147692398404,0.22484631039295455,0.2548713103929545,0.07533277316666663,0.07915148074377841,0.04750000000000021,0.009999999999999565,0.11957500000000017,0.0,7.93016446160826e-18,1.0,0.6791666666666667,0.31666666666666665,0.0,0.0,0.0,0.0,0.44583333333333336,0.006853942047744872,0.07062797330273285,16.950713592655887,0.2898463103929545,0.2952129770596212,0.975,0.32083333333333336,0.32083333333333336,0.32083333333333336,0.0,0.32083333333333336,0.32083333333333336,0.5660377358490566,0.23134328358208955,0.32083333333333336,0.5660377358490566,0.23134328358208955,0.32083333333333336,0.5660377358490566,0.23134328358208955,0.0,1.0,0.0,0.32083333333333336,0.0,0.32083333333333336,0.32083333333333336,0.0,0.32083333333333336,0.32083333333333336,0.32083333333333336,0.0,0.0,0.0,0.32083333333333336,0.32083333333333336,1.0,1.0,0.0,0.0,1.0,1.0,1.0,1.0,0.0,0.0,77,77,0.32083333333333336,1.0,0.14583333333333334,0.12916666666666668,0.14583333333333334,0.12916666666666668,0.45454545454545453,0.4025974025974026,0.45454545454545453,1.0,1.0,0.0,0.9076697219240937,4.531235622181588,-3.623565900257494,-0.015098191251072889,-3.6235659002574936,0.44121445488779454,0.006853942047744872,0.006853942047744872,0.0,1.0,1.5180555555555555,0,0,0,77
phaseflip,mixed_pauli,0.5,240,qiskit_aer,1,1,0.9130771555,0.40351278078472225,0.7944444444444444,0.5333333333333333,0.0,0.6791666666666667,1.0,0.0,0.07533277316666663,0.07915148074377841,0.04750000000000021,0.009999999999999565,0.11957500000000017,0.0,7.93016446160826e-18,1.0,0.6625,0.31666666666666665,0.0,0.0,0.0,0.0,0.44583333333333336,0.13650455022628774,0.14110769276330876,0.08809631039295451,0.01984631039295437,0.23184631039295434,-0.01520493960704566,-0.02099535627371239,0.8041666666666667,1.0,0.0,0.0,0.1,0.0,0.0,0.6791666666666667,0.08784506959095542,0.11177006510938126,0.045250000000000234,0.008040702794715748,0.12749999999999984,-0.010501189607045536,-0.020164106273712373,0.8875,1.0,0.16666666666666666,0.0,0.058333333333333334,0.0,0.0,0.5791666666666667,0.0,0.05811567687844406,13.947762450826579,0.22484631039295455,0.2548713103929545,0.08784506959095542,0.11177006510938126,0.045250000000000234,0.008040702794715748,0.12749999999999984,-0.010501189607045536,-0.020164106273712373,0.8875,1.0,0.16666666666666666,0.0,0.058333333333333334,0.0,0.0,0.5791666666666667,0.0,0.05811567687844406,13.947762450826579,0.22484631039295455,0.2548713103929545,0.08784506959095542,0.11177006510938126,0.045250000000000234,0.008040702794715748,0.12749999999999984,-0.010501189607045536,-0.020164106273712373,0.8875,1.0,0.16666666666666666,0.0,0.058333333333333334,0.0,0.0,0.5791666666666667,0.0,0.05811567687844406,13.947762450826579,0.22484631039295455,0.2548713103929545,0.08306150937917797,0.09428811949105939,0.04999999999999971,0.013095250000000058,0.12749999999999984,-1.1657341758564132e-16,-0.0014927892634747735,0.9666666666666667,0.7791666666666667,0.3,0.0,0.016666666666666666,0.0,0.0,0.4625,0.007077065438821341,0.06289923709022151,15.09581690165317,0.2898463103929545,0.2960386180852622,0.9791666666666666,0.3375,0.3375,0.3375,0.11666666666666667,0.22083333333333333,0.3375,0.5188679245283019,0.22388059701492538,0.3375,0.5188679245283019,0.22388059701492538,0.3375,0.5188679245283019,0.22388059701492538,0.11666666666666667,0.8867924528301887,0.11940298507462686,0.3375,0.0,0.3375,0.3375,0.11666666666666667,0.3375,0.3375,0.22083333333333333,0.0,0.0,0.0,0.3375,0.3375,1.0,1.0,0.325,0.11666666666666667,1.0,1.0,1.0,1.0,0.345679012345679,0.345679012345679,81,53,0.22083333333333333,0.654320987654321,0.1625,0.125,0.1375,0.058333333333333334,0.6226415094339622,0.2641509433962264,0.6226415094339622,0.8461538461538461,0.4666666666666667,0.5333333333333333,0.9261938946747725,2.074248345501362,-1.1480544508265895,-0.004783560211777457,-1.1480544508265895,0.2714872298358287,0.008152897774348947,0.008152897774348947,0.0,0.9638888888888889,1.0333333333333334,0,0,0,53
phaseflip,mixed_pauli,0.75,240,qiskit_aer,1,1,0.9130771555,0.65820902025,0.39999999999999997,0.23472222222222222,0.0,0.6791666666666667,1.0,0.0,0.07533277316666663,0.07915148074377841,0.04750000000000021,0.009999999999999565,0.11957500000000017,0.0,7.93016446160826e-18,1.0,0.6791666666666667,0.31666666666666665,0.0,0.0,0.0,0.0,0.44583333333333336,0.13650455022628774,0.14110769276330876,0.08809631039295451,0.01984631039295437,0.23184631039295434,-0.01520493960704566,-0.02099535627371239,0.8041666666666667,1.0,0.0,0.0,0.1,0.0,0.0,0.6791666666666667,0.08806179775107285,0.11148926411810309,0.045250000000000234,0.0049874999999997005,0.12749999999999984,-0.005692739607045583,-0.018924522940379024,0.8958333333333334,1.0,0.175,0.0,0.05,0.0,0.0,0.5666666666666667,0.0,0.05789894871832663,13.8957476923984,0.22484631039295455,0.2534415484881926,0.08806179775107285,0.11148926411810309,0.045250000000000234,0.0049874999999997005,0.12749999999999984,-0.005692739607045583,-0.018924522940379024,0.8958333333333334,1.0,0.175,0.0,0.05,0.0,0.0,0.5666666666666667,0.0,0.05789894871832663,13.8957476923984,0.22484631039295455,0.2534415484881926,0.08806179775107285,0.11148926411810309,0.045250000000000234,0.0049874999999997005,0.12749999999999984,-0.005692739607045583,-0.018924522940379024,0.8958333333333334,1.0,0.175,0.0,0.05,0.0,0.0,0.5666666666666667,0.0,0.05789894871832663,13.8957476923984,0.22484631039295455,0.2534415484881926,0.08806179775107285,0.11148926411810309,0.045250000000000234,0.0049874999999997005,0.12749999999999984,-0.005692739607045583,-0.018924522940379024,0.8958333333333334,1.0,0.175,0.0,0.05,0.0,0.0,0.5666666666666667,0.0,0.05789894871832663,13.8957476923984,0.22484631039295455,0.2534415484881926,0.975,0.32083333333333336,0.32083333333333336,0.32083333333333336,0.32083333333333336,0.0,0.32083333333333336,0.5283018867924528,0.20149253731343283,0.32083333333333336,0.5283018867924528,0.20149253731343283,0.32083333333333336,0.5283018867924528,0.20149253731343283,0.32083333333333336,0.5283018867924528,0.20149253731343283,0.32083333333333336,0.0,0.32083333333333336,0.32083333333333336,0.32083333333333336,0.32083333333333336,0.32083333333333336,0.0,0.0,0.0,0.0,0.32083333333333336,0.32083333333333336,1.0,1.0,1.0,0.32083333333333336,1.0,1.0,1.0,1.0,1.0,1.0,77,0,0.0,0.0,0.1625,0.1125,0.0,0.0,0.0,0.0,0.0,0.0,0.0,1.0,0.0,0.0,0.0,0.0,0.0,-0.016542343349061427,0.008032707776255933,0.008032707776255933,0.0,0.4847222222222222,0.4847222222222222,0,0,0,0
phaseflip,mixed_pauli,1.0,240,qiskit_aer,1,1,0.9130771555,0.9130771555,0.0,0.0,0.6791666666666667,0.6791666666666667,0.0,0.0,0.07533277316666663,0.07915148074377841,0.04750000000000021,0.009999999999999565,0.11957500000000017,0.0,7.93016446160826e-18,1.0,0.675,0.31666666666666665,0.2375,0.0,0.44583333333333336,0.44583333333333336,0.44583333333333336,0.13650455022628774,0.14110769276330876,0.08809631039295451,0.01984631039295437,0.23184631039295434,-0.01520493960704566,-0.02099535627371239,0.8041666666666667,1.0,0.0,0.0,0.1,0.6791666666666667,0.6791666666666667,0.6791666666666667,0.10098872750869496,0.1175791869693704,0.0698463103929543,0.0,0.15462379529471582,-0.01520493960704566,-0.02099535627371239,0.8083333333333333,1.0,0.07916666666666666,0.0,0.09583333333333334,0.6666666666666666,0.6666666666666666,0.6666666666666666,0.0,0.044972018960704525,10.793284550569096,0.22484631039295455,0.25645157355084924,0.09072115737771017,0.11490016141053579,0.045250000000000234,0.009741232499999725,0.1276875000000001,-0.005405189607045701,-0.017699439607045675,0.9041666666666667,1.0,0.19166666666666668,0.0,0.04583333333333333,0.5541666666666667,0.5541666666666667,0.5541666666666667,0.0,0.05523958909168933,13.257501382005442,0.22484631039295455,0.2548713103929545,0.09072115737771017,0.11490016141053579,0.045250000000000234,0.009741232499999725,0.1276875000000001,-0.005405189607045701,-0.017699439607045675,0.9041666666666667,1.0,0.19166666666666668,0.0,0.04583333333333333,0.5541666666666667,0.5541666666666667,0.5541666666666667,0.0,0.05523958909168933,13.257501382005442,0.22484631039295455,0.2548713103929545,0.09072115737771017,0.11490016141053579,0.045250000000000234,0.009741232499999725,0.1276875000000001,-0.005405189607045701,-0.017699439607045675,0.9041666666666667,1.0,0.19166666666666668,0.0,0.04583333333333333,0.5541666666666667,0.5541666666666667,0.5541666666666667,0.0,0.05523958909168933,13.257501382005442,0.22484631039295455,0.2548713103929545,0.9791666666666666,0.6583333333333333,0.325,0.325,0.325,0.0,0.6583333333333333,0.296875,0.6420454545454546,0.325,0.9375,0.42045454545454547,0.325,0.9375,0.42045454545454547,0.325,0.9375,0.42045454545454547,0.325,0.3333333333333333,0.325,0.325,0.325,0.325,0.325,0.0,0.0,0.0,0.0,0.325,0.325,1.0,1.0,1.0,0.325,1.0,1.0,1.0,1.0,1.0,1.0,78,0,0.0,0.0,0.14166666666666666,0.13333333333333333,0.0,0.0,0.0,0.0,0.0,0.0,0.0,1.0,0.0,0.0,0.0,0.0,0.0,-0.2630771452770531,0.006771449029089937,0.006771449029089937,0.0,0.0,0.0,0,0,0,0
phaseflip,phaseflip,0.25,240,qiskit_aer,1,1,0.8156382206666667,0.16073366405555556,0.9611111111111111,0.7694444444444445,0.0,0.4166666666666667,1.0,0.0,0.1843617793333331,0.14803858181474697,0.14624999999999977,0.05614999999999978,0.28192499999999976,0.019799999999999596,0.013674999999999576,1.0,0.5291666666666667,1.0,0.0,0.0,0.0,0.0,0.0,0.15420808972628774,0.14803858181474697,0.11609631039295443,0.02599631039295444,0.2517713103929544,-0.010353689607045746,-0.016478689607045766,0.8333333333333334,1.0,0.0,0.0,0.08333333333333333,0.0,0.0,0.4166666666666667,0.17016441714334923,0.15341173879308387,0.12767315519647704,0.03910994999999981,0.27749999999999975,-0.010353689607045746,-0.016653689607045767,0.8708333333333333,1.0,0.5291666666666667,0.0,0.06666666666666667,0.0,0.0,0.25,0.0,0.014197362189983848,3.4073669255961336,0.030153689607045342,0.030153689607045345,0.17016441714334923,0.15341173879308387,0.12767315519647704,0.03910994999999981,0.27749999999999975,-0.010353689607045746,-0.016653689607045767,0.8708333333333333,1.0,0.5291666666666667,0.0,0.06666666666666667,0.0,0.0,0.25,0.0,0.014197362189983848,3.4073669255961336,0.030153689607045342,0.030153689607045345,0.17016441714334923,0.15341173879308387,0.12767315519647704,0.03910994999999981,0.27749999999999975,-0.010353689607045746,-0.016653689607045767,0.8708333333333333,1.0,0.5291666666666667,0.0,0.06666666666666667,0.0,0.0,0.25,0.0,0.014197362189983848,3.4073669255961336,0.030153689607045342,0.030153689607045345,0.1843617793333331,0.14803858181474697,0.14624999999999977,0.05614999999999978,0.28192499999999976,0.019799999999999596,0.013674999999999576,1.0,0.5291666666666667,1.0,0.0,0.0,0.0,0.0,0.0,0.02311679145631862,0.0,0.0,0.0,0.0,1.0,0.4708333333333333,0.4708333333333333,0.4708333333333333,0.0,0.4708333333333333,0.4708333333333333,0.5291666666666667,0.0,0.4708333333333333,0.5291666666666667,0.0,0.4708333333333333,0.5291666666666667,0.0,0.0,1.0,0.0,0.4708333333333333,0.0,0.4708333333333333,0.4708333333333333,0.0,0.4708333333333333,0.4708333333333333,0.4708333333333333,0.0,0.0,0.0,0.4708333333333333,0.4708333333333333,1.0,1.0,0.0,0.0,1.0,1.0,1.0,1.0,0.0,0.0,113,113,0.4708333333333333,1.0,0.4708333333333333,0.0,0.4708333333333333,0.0,1.0,0.0,1.0,1.0,0.0,1.0,3.4073669255961336,0.0,3.4073669255961336,0.014197362189983848,3.4073669255961336,0.7809330056664121,0.02311679145631862,0.02311679145631862,0.0,1.0,1.5194444444444444,0,0,0,113
phaseflip,phaseflip,0.5,240,qiskit_aer,1,1,0.8156382206666667,0.31936620162962964,0.8111111111111111,0.5416666666666666,0.0,0.4166666666666667,1.0,0.0,0.1843617793333331,0.14803858181474697,0.14624999999999977,0.05614999999999978,0.28192499999999976,0.019799999999999596,0.013674999999999576,1.0,0.5541666666666667,1.0,0.0,0.0,0.0,0.0,0.0,0.15420808972628774,0.14803858181474697,0.11609631039295443,0.02599631039295444,0.2517713103929544,-0.010353689607045746,-0.016478689607045766,0.8333333333333334,1.0,0.0,0.0,0.08333333333333333,0.0,0.0,0.4166666666666667,0.17091825938352537,0.15289607704965516,0.13549999999999973,0.03918345999999981,0.27749999999999975,-0.010353689607045746,-0.016384458837814996,0.875,1.0,0.5541666666666667,0.0,0.0625,0.0,0.0,0.22916666666666666,0.0,0.013443519949807714,3.2264447879538602,0.030153689607045342,0.03015368960704535,0.17091825938352537,0.15289607704965516,0.13549999999999973,0.03918345999999981,0.27749999999999975,-0.010353689607045746,-0.016384458837814996,0.875,1.0,0.5541666666666667,0.0,0.0625,0.0,0.0,0.22916666666666666,0.0,0.013443519949807714,3.2264447879538602,0.030153689607045342,0.03015368960704535,0.17091825938352537,0.15289607704965516,0.13549999999999973,0.03918345999999981,0.27749999999999975,-0.010353689607045746,-0.016384458837814996,0.875,1.0,0.5541666666666667,0.0,0.0625,0.0,0.0,0.22916666666666666,0.0,0.013443519949807714,3.2264447879538602,0.030153689607045342,0.03015368960704535,0.18147205074599124,0.14918282107363767,0.14624999999999977,0.04999999999999971,0.27749999999999975,0.009999999999999565,0.001698655196476967,0.9708333333333333,0.65,0.9041666666666667,0.0,0.016666666666666666,0.0,0.0,0.05,0.012031303646362795,0.002889728587341845,0.6935348609620429,0.030153689607045342,0.030153689607045342,1.0,0.44583333333333336,0.44583333333333336,0.44583333333333336,0.09583333333333334,0.35,0.44583333333333336,0.5541666666666667,0.0,0.44583333333333336,0.5541666666666667,0.0,0.44583333333333336,0.5541666666666667,0.0,0.09583333333333334,0.9041666666666667,0.0,0.44583333333333336,0.0,0.44583333333333336,0.44583333333333336,0.09583333333333334,0.44583333333333336,0.44583333333333336,0.35,0.0,0.0,0.0,0.44583333333333336,0.44583333333333336,1.0,1.0,0.25,0.09583333333333334,1.0,1.0,1.0,1.0,0.21495327102803738,0.21495327102803738,107,84,0.35,0.7850467289719626,0.44583333333333336,0.0,0.35,0.0,1.0,0.0,1.0,0.7850467289719626,0.0,1.0,2.5329099269918123,0.0,2.5329099269918123,0.01055379136246587,2.5329099269918123,0.572300468022164,0.020758428914394746,0.020758428914394746,0.0,0.975,1.0416666666666667,0,0,0,84
phaseflip,phaseflip,0.75,240,qiskit_aer,1,1,0.8156382206666667,0.5411559289166666,0.3833333333333333,0.23333333333333334,0.0,0.4166666666666667,1.0,0.0,0.1843617793333331,0.14803858181474697,0.14624999999999977,0.05614999999999978,0.28192499999999976,0.019799999999999596,0.013674999999999576,1.0,0.5416666666666666,1.0,0.0,0.0,0.0,0.0,0.0,0.15420808972628774,0.14803858181474697,0.11609631039295443,0.02599631039295444,0.2517713103929544,-0.010353689607045746,-0.016478689607045766,0.8333333333333334,1.0,0.0,0.0,0.08333333333333333,0.0,0.0,0.4166666666666667,0.17054133826343731,0.15420451910849595,0.13549999999999973,0.03918345999999981,0.27749999999999975,-0.010353689607045746,-0.015953689607045764,0.8583333333333333,1.0,0.5416666666666666,0.0,0.06666666666666667,0.0,0.0,0.25416666666666665,0.0,0.013820441069895781,3.316905856774997,0.030153689607045342,0.030153689607045352,0.17054133826343731,0.15420451910849595,0.13549999999999973,0.03918345999999981,0.27749999999999975,-0.010353689607045746,-0.015953689607045764,0.8583333333333333,1.0,0.5416666666666666,0.0,0.06666666666666667,0.0,0.0,0.25416666666666665,0.0,0.013820441069895781,3.316905856774997,0.030153689607045342,0.030153689607045352,0.17054133826343731,0.15420451910849595,0.13549999999999973,0.03918345999999981,0.27749999999999975,-0.010353689607045746,-0.015953689607045764,0.8583333333333333,1.0,0.5416666666666666,0.0,0.06666666666666667,0.0,0.0,0.25416666666666665,0.0,0.013820441069895781,3.316905856774997,0.030153689607045342,0.030153689607045352,0.17054133826343731,0.15420451910849595,0.13549999999999973,0.03918345999999981,0.27749999999999975,-0.010353689607045746,-0.015953689607045764,0.8583333333333333,1.0,0.5416666666666666,0.0,0.06666666666666667,0.0,0.0,0.25416666666666665,0.0,0.013820441069895781,3.316905856774997,0.030153689607045342,0.030153689607045352,1.0,0.4583333333333333,0.4583333333333333,0.4583333333333333,0.4583333333333333,0.0,0.4583333333333333,0.5416666666666666,0.0,0.4583333333333333,0.5416666666666666,0.0,0.4583333333333333,0.5416666666666666,0.0,0.4583333333333333,0.5416666666666666,0.0,0.4583333333333333,0.0,0.4583333333333333,0.4583333333333333,0.4583333333333333,0.4583333333333333,0.4583333333333333,0.0,0.0,0.0,0.0,0.4583333333333333,0.4583333333333333,1.0,1.0,1.0,0.4583333333333333,1.0,1.0,1.0,1.0,1.0,1.0,110,0,0.0,0.0,0.4583333333333333,0.0,0.0,0.0,0.0,0.0,0.0,0.0,0.0,1.0,0.0,0.0,0.0,0.0,0.0,0.37551074089551156,0.02203688338740646,0.02203688338740646,0.0,0.48333333333333334,0.48333333333333334,0,0,0,0
phaseflip,phaseflip,1.0,240,qiskit_aer,1,1,0.8156382206666667,0.8156382206666667,0.0,0.0,0.4166666666666667,0.4166666666666667,0.0,0.0,0.1843617793333331,0.14803858181474697,0.14624999999999977,0.05614999999999978,0.28192499999999976,0.019799999999999596,0.013674999999999576,1.0,0.5458333333333333,1.0,0.2375,0.0,0.0,0.0,0.0,0.15420808972628774,0.14803858181474697,0.11609631039295443,0.02599631039295444,0.2517713103929544,-0.010353689607045746,-0.016478689607045766,0.8333333333333334,1.0,0.0,0.0,0.08333333333333333,0.4166666666666667,0.4166666666666667,0.4166666666666667,0.16539008295556706,0.1573406376970349,0.13549999999999973,0.02599631039295444,0.27749999999999975,-0.010353689607045746,-0.016478689607045766,0.8333333333333334,1.0,0.37083333333333335,0.0,0.08333333333333333,0.4125,0.4125,0.4125,0.0,0.018971696377766026,4.553207130663865,0.030153689607045342,0.030153689607045352,0.1706669786368,0.1532508316964492,0.13549999999999973,0.03918345999999981,0.27749999999999975,-0.010353689607045746,-0.016384458837814996,0.8791666666666667,1.0,0.5458333333333333,0.0,0.058333333333333334,0.2375,0.2375,0.2375,0.0,0.013694800696533093,3.2867521671679514,0.030153689607045342,0.030153689607045352,0.1706669786368,0.1532508316964492,0.13549999999999973,0.03918345999999981,0.27749999999999975,-0.010353689607045746,-0.016384458837814996,0.8791666666666667,1.0,0.5458333333333333,0.0,0.058333333333333334,0.2375,0.2375,0.2375,0.0,0.013694800696533093,3.2867521671679514,0.030153689607045342,0.030153689607045352,0.1706669786368,0.1532508316964492,0.13549999999999973,0.03918345999999981,0.27749999999999975,-0.010353689607045746,-0.016384458837814996,0.8791666666666667,1.0,0.5458333333333333,0.0,0.058333333333333334,0.2375,0.2375,0.2375,0.0,0.013694800696533093,3.2867521671679514,0.030153689607045342,0.030153689607045352,1.0,0.6291666666666667,0.45416666666666666,0.45416666666666666,0.45416666666666666,0.0,0.6291666666666667,0.48633879781420764,1.0,0.45416666666666666,0.7158469945355191,1.0,0.45416666666666666,0.7158469945355191,1.0,0.45416666666666666,0.7158469945355191,1.0,0.45416666666666666,0.175,0.45416666666666666,0.45416666666666666,0.45416666666666666,0.45416666666666666,0.45416666666666666,0.0,0.0,0.0,0.0,0.45416666666666666,0.45416666666666666,1.0,1.0,1.0,0.45416666666666666,1.0,1.0,1.0,1.0,1.0,1.0,109,0,0.0,0.0,0.45416666666666666,0.0,0.0,0.0,0.0,0.0,0.0,0.0,0.0,1.0,0.0,0.0,0.0,0.0,0.0,0.09269511558459363,0.018602366098782654,0.018602366098782654,0.0,0.0,0.0,0,0,0,0
