noise_kind,stage2_candidate_taxonomy,cases,rate
bitflip,objective_improves_clean_improves,6,0.13333333333333333
bitflip,objective_improves_clean_worsens,29,0.6444444444444445
bitflip,objective_worsens_clean_improves,9,0.2
bitflip,objective_worsens_clean_worsens,1,0.022222222222222223
dephasing,objective_improves_clean_improves,6,0.13333333333333333
dephasing,objective_improves_clean_worsens,25,0.5555555555555556
dephasing,objective_worsens_clean_improves,3,0.06666666666666667
dephasing,objective_worsens_clean_worsens,11,0.24444444444444444
phaseflip,objective_improves_clean_improves,3,0.06666666666666667
phaseflip,objective_improves_clean_worsens,16,0.35555555555555557
phaseflip,objective_worsens_clean_worsens,26,0.5777777777777777
