noise_kind,noise_strength,admissibility_kappa,bank_width_deg,stage1_best_label,reference_anchor_label,stage2_applied,final_stage,recovered_objective,stage1_objective,objective_gain_vs_reference_anchor,observed_admissible,stage1_recovered_admissible,recovered_admissible,clean_to_stage1_distance,clean_to_reference_anchor_distance,clean_to_observed_distance,clean_to_recovered_distance,stage2_clean_distance_delta_vs_stage1,observed_to_stage1_distance,observed_to_recovered_distance,clean_distance_gain,stage2_feasible_count,stage2_interior_feasible_count,stage2_best_admissible_weights,stage2_best_admissible_objective,stage2_candidate_objective_gain_vs_stage1,stage2_applied_objective_gain_vs_stage1,stage2_has_interior_best_admissible_point,stage2_candidate_location,stage2_candidate_taxonomy,stage2_candidate_dominant_weighted_term,stage2_candidate_clean_distance_delta_vs_stage1,stage2_candidate_observed_distance_delta_vs_stage1,stage2_candidate_obs_fit_delta,stage2_candidate_lap_delta,stage2_candidate_smooth_delta,stage2_candidate_ref_anchor_delta,stage2_candidate_phi_ref_delta,stage2_candidate_clock_delta,stage2_candidate_weighted_obs_fit_delta,stage2_candidate_weighted_lap_delta,stage2_candidate_weighted_smooth_delta,stage2_candidate_weighted_ref_anchor_delta,stage2_candidate_weighted_phi_ref_delta,stage2_candidate_weighted_clock_delta
bitflip,0.02,1.0,5.0,phase_plus_5deg,phase_pi_over_2,False,stage1,23.82419087263564,23.82419087263564,1.5011428948442216,False,True,True,0.11839530190510651,0.0,0.11988960378661376,0.11839530190510651,-1.3877787807814457e-17,0.17309595741173667,0.17309595741173667,0.0014943018815072456,63,61,"[0.7, 0.3, 0.0]",23.824190872635636,3.552713678800501e-15,0.0,True,interior,objective_worsens_clean_improves,obs_fit,-1.3877787807814457e-17,-8.326672684688674e-17,-2.42861286636753e-17,0.0,0.0,-3.469446951953614e-18,1.3147681753683532e-31,0.0,-1.5543122344752192e-15,0.0,0.0,-5.551115123125783e-17,0.0,0.0
bitflip,0.02,1.0,10.0,phase_pi_over_2,phase_pi_over_2,False,stage1,25.32533376747986,25.32533376747986,0.0,True,False,False,0.0,0.0,0.11988960378661376,0.0,0.13908340917903284,0.11988960378661376,0.11988960378661376,0.11988960378661376,63,61,"[0.5, 0.5, 0.0]",23.909977550507275,1.4153562169725866,0.0,True,interior,objective_improves_clean_worsens,smooth,0.13908340917903284,0.07090262545516593,0.02202815764293658,0.0,-23.60297968192937,0.019344194708862273,0.019344194708862273,-7.743674532693888,1.409802089147941,0.0,-2.3602979681929366,0.30950711534179637,0.0,-0.7743674532693898
bitflip,0.02,1.0,20.0,phase_pi_over_2,phase_pi_over_2,False,stage1,25.32533376747986,25.32533376747986,0.0,False,False,False,0.0,0.0,0.11988960378661376,0.0,0.1201796577830069,0.11988960378661376,0.11988960378661376,0.11988960378661376,63,61,"[0.8, 0.1, 0.1]",24.08137275889157,1.2439610085882933,0.0,True,interior,objective_improves_clean_worsens,smooth,0.1201796577830069,0.06037210141160673,0.018120765264858917,0.0,-19.725679868503207,0.014443150144840652,0.014443150144840652,-6.622124010063942,1.1597289769509707,0.0,-1.9725679868503203,0.23109040231745043,0.0,-0.6622124010063946
bitflip,0.02,1.5,5.0,phase_plus_5deg,phase_pi_over_2,False,stage1,23.82419087263564,23.82419087263564,1.5011428948442216,True,True,True,0.11839530190510651,0.0,0.11988960378661376,0.11839530190510651,-1.3877787807814457e-17,0.17309595741173667,0.17309595741173667,0.0014943018815072456,66,63,"[0.7, 0.3, 0.0]",23.824190872635636,3.552713678800501e-15,0.0,True,interior,objective_worsens_clean_improves,obs_fit,-1.3877787807814457e-17,-8.326672684688674e-17,-2.42861286636753e-17,0.0,0.0,-3.469446951953614e-18,1.3147681753683532e-31,0.0,-1.5543122344752192e-15,0.0,0.0,-5.551115123125783e-17,0.0,0.0
bitflip,0.02,1.5,10.0,phase_pi_over_2,phase_pi_over_2,False,stage1,25.32533376747986,25.32533376747986,0.0,True,True,True,0.0,0.0,0.11988960378661376,0.0,0.13908340917903284,0.11988960378661376,0.11988960378661376,0.11988960378661376,66,63,"[0.5, 0.5, 0.0]",23.909977550507275,1.4153562169725866,0.0,True,interior,objective_improves_clean_worsens,smooth,0.13908340917903284,0.07090262545516593,0.02202815764293658,0.0,-23.60297968192937,0.019344194708862273,0.019344194708862273,-7.743674532693888,1.409802089147941,0.0,-2.3602979681929366,0.30950711534179637,0.0,-0.7743674532693898
bitflip,0.02,1.5,20.0,phase_pi_over_2,phase_pi_over_2,False,stage1,25.32533376747986,25.32533376747986,0.0,True,True,True,0.0,0.0,0.11988960378661376,0.0,0.1201796577830069,0.11988960378661376,0.11988960378661376,0.11988960378661376,66,63,"[0.8, 0.1, 0.1]",24.08137275889157,1.2439610085882933,0.0,True,interior,objective_improves_clean_worsens,smooth,0.1201796577830069,0.06037210141160673,0.018120765264858917,0.0,-19.725679868503207,0.014443150144840652,0.014443150144840652,-6.622124010063942,1.1597289769509707,0.0,-1.9725679868503203,0.23109040231745043,0.0,-0.6622124010063946
bitflip,0.02,2.0,5.0,phase_plus_5deg,phase_pi_over_2,False,stage1,23.82419087263564,23.82419087263564,1.5011428948442216,True,True,True,0.11839530190510651,0.0,0.11988960378661376,0.11839530190510651,-1.3877787807814457e-17,0.17309595741173667,0.17309595741173667,0.0014943018815072456,66,63,"[0.7, 0.3, 0.0]",23.824190872635636,3.552713678800501e-15,0.0,True,interior,objective_worsens_clean_improves,obs_fit,-1.3877787807814457e-17,-8.326672684688674e-17,-2.42861286636753e-17,0.0,0.0,-3.469446951953614e-18,1.3147681753683532e-31,0.0,-1.5543122344752192e-15,0.0,0.0,-5.551115123125783e-17,0.0,0.0
bitflip,0.02,2.0,10.0,phase_pi_over_2,phase_pi_over_2,False,stage1,25.32533376747986,25.32533376747986,0.0,True,True,True,0.0,0.0,0.11988960378661376,0.0,0.13908340917903284,0.11988960378661376,0.11988960378661376,0.11988960378661376,66,63,"[0.5, 0.5, 0.0]",23.909977550507275,1.4153562169725866,0.0,True,interior,objective_improves_clean_worsens,smooth,0.13908340917903284,0.07090262545516593,0.02202815764293658,0.0,-23.60297968192937,0.019344194708862273,0.019344194708862273,-7.743674532693888,1.409802089147941,0.0,-2.3602979681929366,0.30950711534179637,0.0,-0.7743674532693898
bitflip,0.02,2.0,20.0,phase_pi_over_2,phase_pi_over_2,False,stage1,25.32533376747986,25.32533376747986,0.0,True,True,True,0.0,0.0,0.11988960378661376,0.0,0.1201796577830069,0.11988960378661376,0.11988960378661376,0.11988960378661376,66,63,"[0.8, 0.1, 0.1]",24.08137275889157,1.2439610085882933,0.0,True,interior,objective_improves_clean_worsens,smooth,0.1201796577830069,0.06037210141160673,0.018120765264858917,0.0,-19.725679868503207,0.014443150144840652,0.014443150144840652,-6.622124010063942,1.1597289769509707,0.0,-1.9725679868503203,0.23109040231745043,0.0,-0.6622124010063946
bitflip,0.05,1.0,5.0,phase_plus_5deg,phase_pi_over_2,False,stage1,28.80453221977443,28.80453221977443,1.3503032919987952,False,True,True,0.11839530190510651,0.0,0.29972400946653405,0.11839530190510651,-1.3877787807814457e-17,0.32829871157427554,0.32829871157427554,0.18132870756142755,63,61,"[0.7, 0.3, 0.0]",28.804532219774423,7.105427357601002e-15,0.0,True,interior,objective_worsens_clean_improves,obs_fit,-1.3877787807814457e-17,-5.551115123125783e-17,-5.551115123125783e-17,0.0,0.0,-3.469446951953614e-18,1.3147681753683532e-31,0.0,-3.552713678800501e-15,0.0,0.0,-5.551115123125783e-17,0.0,0.0
bitflip,0.05,1.0,10.0,phase_pi_over_2,phase_pi_over_2,False,stage1,30.154835511773225,30.154835511773225,0.0,False,False,False,0.0,0.0,0.29972400946653405,0.0,0.11126672734322644,0.29972400946653405,0.29972400946653405,0.29972400946653405,63,61,"[0.6, 0.2, 0.2]",28.9618438304764,1.1929916812968244,0.0,True,interior,objective_improves_clean_worsens,smooth,0.11126672734322644,0.028273997131852857,0.017748210481820473,0.0,-19.074677433365707,0.012380284613671896,0.012380284613671896,-6.194939626155133,1.1358854708365103,0.0,-1.9074677433365697,0.19808455381875034,0.0,-0.6194939626155147
bitflip,0.05,1.0,20.0,phase_pi_over_2,phase_pi_over_2,False,stage1,30.154835511773225,30.154835511773225,0.0,True,False,False,0.0,0.0,0.29972400946653405,0.0,0.1201796577830069,0.29972400946653405,0.29972400946653405,0.29972400946653405,63,61,"[0.8, 0.1, 0.1]",29.263925554706688,0.8909099570665369,0.0,True,interior,objective_improves_clean_worsens,smooth,0.1201796577830069,0.03713155274905616,0.023637187944886354,0.0,-19.725679868503207,0.014443150144840652,0.014443150144840652,-6.622124010063942,1.5127800284727266,0.0,-1.9725679868503203,0.23109040231745043,0.0,-0.6622124010063946
bitflip,0.05,1.5,5.0,phase_plus_5deg,phase_pi_over_2,False,stage1,28.80453221977443,28.80453221977443,1.3503032919987952,False,True,True,0.11839530190510651,0.0,0.29972400946653405,0.11839530190510651,-1.3877787807814457e-17,0.32829871157427554,0.32829871157427554,0.18132870756142755,66,63,"[0.7, 0.3, 0.0]",28.804532219774423,7.105427357601002e-15,0.0,True,interior,objective_worsens_clean_improves,obs_fit,-1.3877787807814457e-17,-5.551115123125783e-17,-5.551115123125783e-17,0.0,0.0,-3.469446951953614e-18,1.3147681753683532e-31,0.0,-3.552713678800501e-15,0.0,0.0,-5.551115123125783e-17,0.0,0.0
bitflip,0.05,1.5,10.0,phase_pi_over_2,phase_pi_over_2,False,stage1,30.154835511773225,30.154835511773225,0.0,False,True,True,0.0,0.0,0.29972400946653405,0.0,0.11126672734322644,0.29972400946653405,0.29972400946653405,0.29972400946653405,66,63,"[0.6, 0.2, 0.2]",28.9618438304764,1.1929916812968244,0.0,True,interior,objective_improves_clean_worsens,smooth,0.11126672734322644,0.028273997131852857,0.017748210481820473,0.0,-19.074677433365707,0.012380284613671896,0.012380284613671896,-6.194939626155133,1.1358854708365103,0.0,-1.9074677433365697,0.19808455381875034,0.0,-0.6194939626155147
bitflip,0.05,1.5,20.0,phase_pi_over_2,phase_pi_over_2,False,stage1,30.154835511773225,30.154835511773225,0.0,True,True,True,0.0,0.0,0.29972400946653405,0.0,0.1201796577830069,0.29972400946653405,0.29972400946653405,0.29972400946653405,66,63,"[0.8, 0.1, 0.1]",29.263925554706688,0.8909099570665369,0.0,True,interior,objective_improves_clean_worsens,smooth,0.1201796577830069,0.03713155274905616,0.023637187944886354,0.0,-19.725679868503207,0.014443150144840652,0.014443150144840652,-6.622124010063942,1.5127800284727266,0.0,-1.9725679868503203,0.23109040231745043,0.0,-0.6622124010063946
bitflip,0.05,2.0,5.0,phase_plus_5deg,phase_pi_over_2,False,stage1,28.80453221977443,28.80453221977443,1.3503032919987952,False,True,True,0.11839530190510651,0.0,0.29972400946653405,0.11839530190510651,-1.3877787807814457e-17,0.32829871157427554,0.32829871157427554,0.18132870756142755,66,63,"[0.7, 0.3, 0.0]",28.804532219774423,7.105427357601002e-15,0.0,True,interior,objective_worsens_clean_improves,obs_fit,-1.3877787807814457e-17,-5.551115123125783e-17,-5.551115123125783e-17,0.0,0.0,-3.469446951953614e-18,1.3147681753683532e-31,0.0,-3.552713678800501e-15,0.0,0.0,-5.551115123125783e-17,0.0,0.0
bitflip,0.05,2.0,10.0,phase_pi_over_2,phase_pi_over_2,False,stage1,30.154835511773225,30.154835511773225,0.0,True,True,True,0.0,0.0,0.29972400946653405,0.0,0.11126672734322644,0.29972400946653405,0.29972400946653405,0.29972400946653405,66,63,"[0.6, 0.2, 0.2]",28.9618438304764,1.1929916812968244,0.0,True,interior,objective_improves_clean_worsens,smooth,0.11126672734322644,0.028273997131852857,0.017748210481820473,0.0,-19.074677433365707,0.012380284613671896,0.012380284613671896,-6.194939626155133,1.1358854708365103,0.0,-1.9074677433365697,0.19808455381875034,0.0,-0.6194939626155147
bitflip,0.05,2.0,20.0,phase_pi_over_2,phase_pi_over_2,False,stage1,30.154835511773225,30.154835511773225,0.0,True,True,True,0.0,0.0,0.29972400946653405,0.0,0.1201796577830069,0.29972400946653405,0.29972400946653405,0.29972400946653405,66,63,"[0.8, 0.1, 0.1]",29.263925554706688,0.8909099570665369,0.0,True,interior,objective_improves_clean_worsens,smooth,0.1201796577830069,0.03713155274905616,0.023637187944886354,0.0,-19.725679868503207,0.014443150144840652,0.014443150144840652,-6.622124010063942,1.5127800284727266,0.0,-1.9725679868503203,0.23109040231745043,0.0,-0.6622124010063946
bitflip,0.08,1.0,5.0,phase_plus_5deg,phase_pi_over_2,False,stage1,37.92444649059323,37.92444649059323,1.1994636891533688,False,True,True,0.11839530190510651,0.0,0.47955841514645425,0.11839530190510651,-1.3877787807814457e-17,0.5002786268699405,0.5002786268699405,0.36116311324134776,63,61,"[0.7, 0.3, 0.0]",37.924446490593226,7.105427357601002e-15,0.0,True,interior,objective_worsens_clean_improves,obs_fit,-1.3877787807814457e-17,-1.1102230246251565e-16,-1.1102230246251565e-16,0.0,0.0,-3.469446951953614e-18,1.3147681753683532e-31,0.0,-7.105427357601002e-15,0.0,0.0,-5.551115123125783e-17,0.0,0.0
bitflip,0.08,1.0,10.0,phase_pi_over_2,phase_pi_over_2,False,stage1,39.1239101797466,39.1239101797466,0.0,False,False,False,0.0,0.0,0.47955841514645425,0.0,0.11126672734322644,0.47955841514645425,0.47955841514645425,0.47955841514645425,63,61,"[0.6, 0.2, 0.2]",38.13704685178668,0.9868633279599237,0.0,True,interior,objective_improves_clean_worsens,smooth,0.11126672734322644,0.021385932601365565,0.02096896600270967,0.0,-19.074677433365707,0.012380284613671896,0.012380284613671896,-6.194939626155133,1.342013824173419,0.0,-1.9074677433365697,0.19808455381875034,0.0,-0.6194939626155147
bitflip,0.08,1.0,20.0,phase_pi_over_2,phase_pi_over_2,False,stage1,39.1239101797466,39.1239101797466,0.0,True,False,False,0.0,0.0,0.47955841514645425,0.0,0.1201796577830069,0.47955841514645425,0.47955841514645425,0.47955841514645425,63,61,"[0.8, 0.1, 0.1]",38.58605127420182,0.5378589055447804,0.0,True,interior,objective_improves_clean_worsens,smooth,0.1201796577830069,0.029489602394811576,0.029153610624913867,0.0,-19.725679868503207,0.014443150144840652,0.014443150144840652,-6.622124010063942,1.8658310799944875,0.0,-1.9725679868503203,0.23109040231745043,0.0,-0.6622124010063946
bitflip,0.08,1.5,5.0,phase_plus_5deg,phase_pi_over_2,False,stage1,37.92444649059323,37.92444649059323,1.1994636891533688,False,True,True,0.11839530190510651,0.0,0.47955841514645425,0.11839530190510651,-1.3877787807814457e-17,0.5002786268699405,0.5002786268699405,0.36116311324134776,66,63,"[0.7, 0.3, 0.0]",37.924446490593226,7.105427357601002e-15,0.0,True,interior,objective_worsens_clean_improves,obs_fit,-1.3877787807814457e-17,-1.1102230246251565e-16,-1.1102230246251565e-16,0.0,0.0,-3.469446951953614e-18,1.3147681753683532e-31,0.0,-7.105427357601002e-15,0.0,0.0,-5.551115123125783e-17,0.0,0.0
bitflip,0.08,1.5,10.0,phase_pi_over_2,phase_pi_over_2,False,stage1,39.1239101797466,39.1239101797466,0.0,False,True,True,0.0,0.0,0.47955841514645425,0.0,0.11126672734322644,0.47955841514645425,0.47955841514645425,0.47955841514645425,66,63,"[0.6, 0.2, 0.2]",38.13704685178668,0.9868633279599237,0.0,True,interior,objective_improves_clean_worsens,smooth,0.11126672734322644,0.021385932601365565,0.02096896600270967,0.0,-19.074677433365707,0.012380284613671896,0.012380284613671896,-6.194939626155133,1.342013824173419,0.0,-1.9074677433365697,0.19808455381875034,0.0,-0.6194939626155147
bitflip,0.08,1.5,20.0,phase_pi_over_2,phase_pi_over_2,False,stage1,39.1239101797466,39.1239101797466,0.0,True,True,True,0.0,0.0,0.47955841514645425,0.0,0.06008982889150345,0.47955841514645425,0.47955841514645425,0.47955841514645425,66,63,"[0.9, 0.0, 0.1]",38.546332409580955,0.5775777701656466,0.0,True,interior,objective_improves_clean_worsens,smooth,0.06008982889150345,0.011300313322364697,0.010966017776246756,0.0,-10.060693079216009,0.003610787536210163,0.003610787536210163,-3.311062005031971,0.7018251376797924,0.0,-1.0060693079216012,0.05777260057936261,0.0,-0.33110620050319817
bitflip,0.08,2.0,5.0,phase_plus_5deg,phase_pi_over_2,False,stage1,37.92444649059323,37.92444649059323,1.1994636891533688,False,True,True,0.11839530190510651,0.0,0.47955841514645425,0.11839530190510651,-1.3877787807814457e-17,0.5002786268699405,0.5002786268699405,0.36116311324134776,66,63,"[0.7, 0.3, 0.0]",37.924446490593226,7.105427357601002e-15,0.0,True,interior,objective_worsens_clean_improves,obs_fit,-1.3877787807814457e-17,-1.1102230246251565e-16,-1.1102230246251565e-16,0.0,0.0,-3.469446951953614e-18,1.3147681753683532e-31,0.0,-7.105427357601002e-15,0.0,0.0,-5.551115123125783e-17,0.0,0.0
bitflip,0.08,2.0,10.0,phase_pi_over_2,phase_pi_over_2,False,stage1,39.1239101797466,39.1239101797466,0.0,False,True,True,0.0,0.0,0.47955841514645425,0.0,0.11126672734322644,0.47955841514645425,0.47955841514645425,0.47955841514645425,66,63,"[0.6, 0.2, 0.2]",38.13704685178668,0.9868633279599237,0.0,True,interior,objective_improves_clean_worsens,smooth,0.11126672734322644,0.021385932601365565,0.02096896600270967,0.0,-19.074677433365707,0.012380284613671896,0.012380284613671896,-6.194939626155133,1.342013824173419,0.0,-1.9074677433365697,0.19808455381875034,0.0,-0.6194939626155147
bitflip,0.08,2.0,20.0,phase_pi_over_2,phase_pi_over_2,False,stage1,39.1239101797466,39.1239101797466,0.0,True,True,True,0.0,0.0,0.47955841514645425,0.0,0.06008982889150345,0.47955841514645425,0.47955841514645425,0.47955841514645425,66,63,"[0.9, 0.0, 0.1]",38.546332409580955,0.5775777701656466,0.0,True,interior,objective_improves_clean_worsens,smooth,0.06008982889150345,0.011300313322364697,0.010966017776246756,0.0,-10.060693079216009,0.003610787536210163,0.003610787536210163,-3.311062005031971,0.7018251376797924,0.0,-1.0060693079216012,0.05777260057936261,0.0,-0.33110620050319817
bitflip,0.12,1.0,5.0,phase_plus_5deg,phase_pi_over_2,False,stage1,56.523667844076165,56.523667844076165,0.9983442186928002,False,True,True,0.11839530190510651,0.0,0.7193376227196819,0.11839530190510651,-0.011839530190510691,0.7354532875384024,0.7354532875384024,0.6009423208145754,63,61,"[0.7, 0.2, 0.1]",56.51423658518054,0.00943125889562424,0.0,True,interior,objective_improves_clean_improves,obs_fit,-0.011839530190510691,-0.0024556916311909704,-0.003606062545292388,0.0,1.9784157373857454,-0.002663315027508259,0.00014017447513201402,0.661282107046361,-0.23078800289871282,0.0,0.19784157373857525,-0.042613040440132144,0.0,0.06612821070463681
bitflip,0.12,1.0,10.0,phase_pi_over_2,phase_pi_over_2,False,stage1,57.522012062768965,57.522012062768965,0.0,False,False,False,0.0,0.0,0.7193376227196819,0.0,0.08345004550741983,0.7193376227196819,0.7193376227196819,0.7193376227196819,63,61,"[0.7, 0.1, 0.2]",56.78786662434419,0.7341454384247754,0.0,True,interior,objective_improves_clean_worsens,smooth,0.08345004550741983,0.011465218077931105,0.016626176657857816,0.0,-14.450228340890916,0.00696391009519044,0.00696391009519044,-4.64620471961635,1.0640753061029002,0.0,-1.445022834089091,0.11142256152304704,0.0,-0.46462047196163603
bitflip,0.12,1.0,20.0,phase_pi_over_2,phase_pi_over_2,False,stage1,57.522012062768965,57.522012062768965,0.0,False,False,False,0.0,0.0,0.7193376227196819,0.0,0.1201796577830069,0.7193376227196819,0.7193376227196819,0.7193376227196819,63,61,"[0.8, 0.1, 0.1]",57.45488789258653,0.06712417018243855,0.0,True,interior,objective_improves_clean_worsens,smooth,0.1201796577830069,0.024944216589160684,0.03650884086495032,0.0,-19.725679868503207,0.014443150144840652,0.014443150144840652,-6.622124010063942,2.3365658153568205,0.0,-1.9725679868503203,0.23109040231745043,0.0,-0.6622124010063946
bitflip,0.12,1.5,5.0,phase_plus_5deg,phase_pi_over_2,False,stage1,56.523667844076165,56.523667844076165,0.9983442186928002,False,True,True,0.11839530190510651,0.0,0.7193376227196819,0.11839530190510651,-0.011839530190510691,0.7354532875384024,0.7354532875384024,0.6009423208145754,66,63,"[0.7, 0.2, 0.1]",56.51423658518054,0.00943125889562424,0.0,True,interior,objective_improves_clean_improves,obs_fit,-0.011839530190510691,-0.0024556916311909704,-0.003606062545292388,0.0,1.9784157373857454,-0.002663315027508259,0.00014017447513201402,0.661282107046361,-0.23078800289871282,0.0,0.19784157373857525,-0.042613040440132144,0.0,0.06612821070463681
bitflip,0.12,1.5,10.0,phase_pi_over_2,phase_pi_over_2,False,stage1,57.522012062768965,57.522012062768965,0.0,False,True,True,0.0,0.0,0.7193376227196819,0.0,0.08345004550741983,0.7193376227196819,0.7193376227196819,0.7193376227196819,66,63,"[0.7, 0.1, 0.2]",56.78786662434419,0.7341454384247754,0.0,True,interior,objective_improves_clean_worsens,smooth,0.08345004550741983,0.011465218077931105,0.016626176657857816,0.0,-14.450228340890916,0.00696391009519044,0.00696391009519044,-4.64620471961635,1.0640753061029002,0.0,-1.445022834089091,0.11142256152304704,0.0,-0.46462047196163603
bitflip,0.12,1.5,20.0,phase_pi_over_2,phase_pi_over_2,False,stage1,57.522012062768965,57.522012062768965,0.0,False,True,True,0.0,0.0,0.7193376227196819,0.0,0.06008982889150345,0.7193376227196819,0.7193376227196819,0.7193376227196819,66,63,"[0.9, 0.0, 0.1]",57.17980166028449,0.34221040248447565,0.0,True,interior,objective_improves_clean_worsens,smooth,0.06008982889150345,0.010107542016001614,0.014643632896265024,0.0,-10.060693079216009,0.003610787536210163,0.003610787536210163,-3.311062005031971,0.9371925053609615,0.0,-1.0060693079216012,0.05777260057936261,0.0,-0.33110620050319817
bitflip,0.12,2.0,5.0,phase_plus_5deg,phase_pi_over_2,False,stage1,56.523667844076165,56.523667844076165,0.9983442186928002,False,True,True,0.11839530190510651,0.0,0.7193376227196819,0.11839530190510651,-0.011839530190510691,0.7354532875384024,0.7354532875384024,0.6009423208145754,66,63,"[0.7, 0.2, 0.1]",56.51423658518054,0.00943125889562424,0.0,True,interior,objective_improves_clean_improves,obs_fit,-0.011839530190510691,-0.0024556916311909704,-0.003606062545292388,0.0,1.9784157373857454,-0.002663315027508259,0.00014017447513201402,0.661282107046361,-0.23078800289871282,0.0,0.19784157373857525,-0.042613040440132144,0.0,0.06612821070463681
bitflip,0.12,2.0,10.0,phase_pi_over_2,phase_pi_over_2,False,stage1,57.522012062768965,57.522012062768965,0.0,False,True,True,0.0,0.0,0.7193376227196819,0.0,0.08345004550741983,0.7193376227196819,0.7193376227196819,0.7193376227196819,66,63,"[0.7, 0.1, 0.2]",56.78786662434419,0.7341454384247754,0.0,True,interior,objective_improves_clean_worsens,smooth,0.08345004550741983,0.011465218077931105,0.016626176657857816,0.0,-14.450228340890916,0.00696391009519044,0.00696391009519044,-4.64620471961635,1.0640753061029002,0.0,-1.445022834089091,0.11142256152304704,0.0,-0.46462047196163603
bitflip,0.12,2.0,20.0,phase_pi_over_2,phase_pi_over_2,False,stage1,57.522012062768965,57.522012062768965,0.0,False,True,True,0.0,0.0,0.7193376227196819,0.0,0.06008982889150345,0.7193376227196819,0.7193376227196819,0.7193376227196819,66,63,"[0.9, 0.0, 0.1]",57.17980166028449,0.34221040248447565,0.0,True,interior,objective_improves_clean_worsens,smooth,0.06008982889150345,0.010107542016001614,0.014643632896265024,0.0,-10.060693079216009,0.003610787536210163,0.003610787536210163,-3.311062005031971,0.9371925053609615,0.0,-1.0060693079216012,0.05777260057936261,0.0,-0.33110620050319817
bitflip,0.16,1.0,5.0,phase_plus_5deg,phase_pi_over_2,False,stage1,82.48212995076813,82.48212995076813,0.7972247482322246,False,True,True,0.11839530190510651,0.0,0.95911683029291,0.11839530190510651,-0.02367906038102137,0.9728784654663222,0.9728784654663222,0.8407215283878035,63,61,"[0.7, 0.1, 0.2]",82.44732480127693,0.0348051494911914,0.0,True,interior,objective_improves_clean_improves,obs_fit,-0.02367906038102137,-0.0038933086746426593,-0.007560274485510221,0.0,3.975364938482315,-0.005046281104752486,0.0005606979005280547,1.322564214092722,-0.48385756707265415,0.0,0.3975364938482322,-0.08074049767603977,0.0,0.13225642140927185
bitflip,0.16,1.0,10.0,phase_pi_over_2,phase_pi_over_2,False,stage1,83.27935469900035,83.27935469900035,0.0,False,False,False,0.0,0.0,0.95911683029291,0.0,0.08345004550741983,0.95911683029291,0.95911683029291,0.95911683029291,63,61,"[0.7, 0.1, 0.2]",82.75133761391248,0.5280170850878676,0.0,True,interior,objective_improves_clean_worsens,smooth,0.08345004550741983,0.0102912500993807,0.019846932178747223,0.0,-14.450228340890916,0.00696391009519044,0.00696391009519044,-4.64620471961635,1.2702036594398223,0.0,-1.445022834089091,0.11142256152304704,0.0,-0.46462047196163603
bitflip,0.16,1.0,20.0,phase_pi_over_2,phase_pi_over_2,False,stage1,83.27935469900035,83.27935469900035,0.0,False,False,False,0.0,0.0,0.95911683029291,0.0,0.1201796577830069,0.95911683029291,0.95911683029291,0.95911683029291,63,61,"[0.8, 0.1, 0.1]",83.68296526418024,-0.40361056517988914,0.0,True,interior,objective_worsens_clean_worsens,smooth,0.1201796577830069,0.022600626644729394,0.043864071104987024,0.0,-19.725679868503207,0.014443150144840652,0.014443150144840652,-6.622124010063942,2.8073005507191695,0.0,-1.9725679868503203,0.23109040231745043,0.0,-0.6622124010063946
bitflip,0.16,1.5,5.0,phase_plus_5deg,phase_pi_over_2,False,stage1,82.48212995076813,82.48212995076813,0.7972247482322246,False,True,True,0.11839530190510651,0.0,0.95911683029291,0.11839530190510651,-0.02367906038102137,0.9728784654663222,0.9728784654663222,0.8407215283878035,66,63,"[0.7, 0.1, 0.2]",82.44732480127693,0.0348051494911914,0.0,True,interior,objective_improves_clean_improves,obs_fit,-0.02367906038102137,-0.0038933086746426593,-0.007560274485510221,0.0,3.975364938482315,-0.005046281104752486,0.0005606979005280547,1.322564214092722,-0.48385756707265415,0.0,0.3975364938482322,-0.08074049767603977,0.0,0.13225642140927185
bitflip,0.16,1.5,10.0,phase_pi_over_2,phase_pi_over_2,False,stage1,83.27935469900035,83.27935469900035,0.0,False,True,True,0.0,0.0,0.95911683029291,0.0,0.08345004550741983,0.95911683029291,0.95911683029291,0.95911683029291,66,63,"[0.7, 0.1, 0.2]",82.75133761391248,0.5280170850878676,0.0,True,interior,objective_improves_clean_worsens,smooth,0.08345004550741983,0.0102912500993807,0.019846932178747223,0.0,-14.450228340890916,0.00696391009519044,0.00696391009519044,-4.64620471961635,1.2702036594398223,0.0,-1.445022834089091,0.11142256152304704,0.0,-0.46462047196163603
bitflip,0.16,1.5,20.0,phase_pi_over_2,phase_pi_over_2,False,stage1,83.27935469900035,83.27935469900035,0.0,False,True,True,0.0,0.0,0.95911683029291,0.0,0.06008982889150345,0.95911683029291,0.95911683029291,0.95911683029291,66,63,"[0.9, 0.0, 0.1]",83.17251166419703,0.10684303480331891,0.0,True,interior,objective_improves_clean_worsens,smooth,0.06008982889150345,0.009504015119474185,0.01832124801628321,0.0,-10.060693079216009,0.003610787536210163,0.003610787536210163,-3.311062005031971,1.1725598730421254,0.0,-1.0060693079216012,0.05777260057936261,0.0,-0.33110620050319817
bitflip,0.16,2.0,5.0,phase_plus_5deg,phase_pi_over_2,False,stage1,82.48212995076813,82.48212995076813,0.7972247482322246,False,True,True,0.11839530190510651,0.0,0.95911683029291,0.11839530190510651,-0.02367906038102137,0.9728784654663222,0.9728784654663222,0.8407215283878035,66,63,"[0.7, 0.1, 0.2]",82.44732480127693,0.0348051494911914,0.0,True,interior,objective_improves_clean_improves,obs_fit,-0.02367906038102137,-0.0038933086746426593,-0.007560274485510221,0.0,3.975364938482315,-0.005046281104752486,0.0005606979005280547,1.322564214092722,-0.48385756707265415,0.0,0.3975364938482322,-0.08074049767603977,0.0,0.13225642140927185
bitflip,0.16,2.0,10.0,phase_pi_over_2,phase_pi_over_2,False,stage1,83.27935469900035,83.27935469900035,0.0,False,True,True,0.0,0.0,0.95911683029291,0.0,0.08345004550741983,0.95911683029291,0.95911683029291,0.95911683029291,66,63,"[0.7, 0.1, 0.2]",82.75133761391248,0.5280170850878676,0.0,True,interior,objective_improves_clean_worsens,smooth,0.08345004550741983,0.0102912500993807,0.019846932178747223,0.0,-14.450228340890916,0.00696391009519044,0.00696391009519044,-4.64620471961635,1.2702036594398223,0.0,-1.445022834089091,0.11142256152304704,0.0,-0.46462047196163603
bitflip,0.16,2.0,20.0,phase_pi_over_2,phase_pi_over_2,False,stage1,83.27935469900035,83.27935469900035,0.0,False,True,True,0.0,0.0,0.95911683029291,0.0,0.06008982889150345,0.95911683029291,0.95911683029291,0.95911683029291,66,63,"[0.9, 0.0, 0.1]",83.17251166419703,0.10684303480331891,0.0,True,interior,objective_improves_clean_worsens,smooth,0.06008982889150345,0.009504015119474185,0.01832124801628321,0.0,-10.060693079216009,0.003610787536210163,0.003610787536210163,-3.311062005031971,1.1725598730421254,0.0,-1.0060693079216012,0.05777260057936261,0.0,-0.33110620050319817
phaseflip,0.02,1.0,5.0,phase_plus_5deg,phase_pi_over_2,False,stage1,24.650229319380493,24.650229319380493,0.9339174935013332,False,True,True,0.11839530190510651,0.0,0.13571098308728335,0.11839530190510651,-0.011839530190510691,0.20704845134092198,0.20704845134092198,0.017315681182176842,63,61,"[0.7, 0.2, 0.1]",24.634355387965726,0.015873931414766673,0.0,True,interior,objective_improves_clean_improves,obs_fit,-0.011839530190510691,-0.009153701791394436,-0.003706729303403898,0.0,1.9784157373857454,-0.002663315027508259,0.00014017447513201402,0.661282107046361,-0.23723067541784948,0.0,0.19784157373857525,-0.042613040440132144,0.0,0.06612821070463681
phaseflip,0.02,1.0,10.0,phase_pi_over_2,phase_pi_over_2,False,stage1,25.584146812881826,25.584146812881826,0.0,False,False,False,0.0,0.0,0.13571098308728335,0.0,0.11126672734322643,0.13571098308728335,0.13571098308728335,0.13571098308728335,63,61,"[0.6, 0.1, 0.3]",24.72501455470868,0.8591322581731475,0.0,True,interior,objective_improves_clean_worsens,smooth,0.11126672734322643,0.06771525636732786,0.02296476396812791,0.0,-19.074677433365707,0.012380284613671893,0.012380284613671893,-6.194939626155119,1.4697448939601863,0.0,-1.9074677433365697,0.1980845538187503,0.0,-0.6194939626155129
phaseflip,0.02,1.0,20.0,phase_pi_over_2,phase_pi_over_2,False,stage1,25.584146812881826,25.584146812881826,0.0,False,False,False,0.0,0.0,0.13571098308728335,0.0,0.1201796577830069,0.13571098308728335,0.13571098308728335,0.13571098308728335,63,61,"[0.8, 0.1, 0.1]",24.935023857458397,0.6491229554234295,0.0,True,interior,objective_improves_clean_worsens,smooth,0.1201796577830069,0.07837446895483197,0.02741510984555994,0.0,-19.725679868503207,0.014443150144840652,0.014443150144840652,-6.622124010063942,1.7545670301158363,0.0,-1.9725679868503203,0.23109040231745043,0.0,-0.6622124010063946
phaseflip,0.02,1.5,5.0,phase_plus_5deg,phase_pi_over_2,False,stage1,24.650229319380493,24.650229319380493,0.9339174935013332,False,True,True,0.11839530190510651,0.0,0.13571098308728335,0.11839530190510651,-0.011839530190510691,0.20704845134092198,0.20704845134092198,0.017315681182176842,66,63,"[0.7, 0.2, 0.1]",24.634355387965726,0.015873931414766673,0.0,True,interior,objective_improves_clean_improves,obs_fit,-0.011839530190510691,-0.009153701791394436,-0.003706729303403898,0.0,1.9784157373857454,-0.002663315027508259,0.00014017447513201402,0.661282107046361,-0.23723067541784948,0.0,0.19784157373857525,-0.042613040440132144,0.0,0.06612821070463681
phaseflip,0.02,1.5,10.0,phase_pi_over_2,phase_pi_over_2,False,stage1,25.584146812881826,25.584146812881826,0.0,True,True,True,0.0,0.0,0.13571098308728335,0.0,0.11126672734322643,0.13571098308728335,0.13571098308728335,0.13571098308728335,66,63,"[0.6, 0.1, 0.3]",24.72501455470868,0.8591322581731475,0.0,True,interior,objective_improves_clean_worsens,smooth,0.11126672734322643,0.06771525636732786,0.02296476396812791,0.0,-19.074677433365707,0.012380284613671893,0.012380284613671893,-6.194939626155119,1.4697448939601863,0.0,-1.9074677433365697,0.1980845538187503,0.0,-0.6194939626155129
phaseflip,0.02,1.5,20.0,phase_pi_over_2,phase_pi_over_2,False,stage1,25.584146812881826,25.584146812881826,0.0,True,True,True,0.0,0.0,0.13571098308728335,0.0,0.1201796577830069,0.13571098308728335,0.13571098308728335,0.13571098308728335,66,63,"[0.8, 0.1, 0.1]",24.935023857458397,0.6491229554234295,0.0,True,interior,objective_improves_clean_worsens,smooth,0.1201796577830069,0.07837446895483197,0.02741510984555994,0.0,-19.725679868503207,0.014443150144840652,0.014443150144840652,-6.622124010063942,1.7545670301158363,0.0,-1.9725679868503203,0.23109040231745043,0.0,-0.6622124010063946
phaseflip,0.02,2.0,5.0,phase_plus_5deg,phase_pi_over_2,False,stage1,24.650229319380493,24.650229319380493,0.9339174935013332,False,True,True,0.11839530190510651,0.0,0.13571098308728335,0.11839530190510651,-0.011839530190510691,0.20704845134092198,0.20704845134092198,0.017315681182176842,66,63,"[0.7, 0.2, 0.1]",24.634355387965726,0.015873931414766673,0.0,True,interior,objective_improves_clean_improves,obs_fit,-0.011839530190510691,-0.009153701791394436,-0.003706729303403898,0.0,1.9784157373857454,-0.002663315027508259,0.00014017447513201402,0.661282107046361,-0.23723067541784948,0.0,0.19784157373857525,-0.042613040440132144,0.0,0.06612821070463681
phaseflip,0.02,2.0,10.0,phase_pi_over_2,phase_pi_over_2,False,stage1,25.584146812881826,25.584146812881826,0.0,True,True,True,0.0,0.0,0.13571098308728335,0.0,0.11126672734322643,0.13571098308728335,0.13571098308728335,0.13571098308728335,66,63,"[0.6, 0.1, 0.3]",24.72501455470868,0.8591322581731475,0.0,True,interior,objective_improves_clean_worsens,smooth,0.11126672734322643,0.06771525636732786,0.02296476396812791,0.0,-19.074677433365707,0.012380284613671893,0.012380284613671893,-6.194939626155119,1.4697448939601863,0.0,-1.9074677433365697,0.1980845538187503,0.0,-0.6194939626155129
phaseflip,0.02,2.0,20.0,phase_pi_over_2,phase_pi_over_2,False,stage1,25.584146812881826,25.584146812881826,0.0,True,True,True,0.0,0.0,0.13571098308728335,0.0,0.1201796577830069,0.13571098308728335,0.13571098308728335,0.13571098308728335,66,63,"[0.8, 0.1, 0.1]",24.935023857458397,0.6491229554234295,0.0,True,interior,objective_improves_clean_worsens,smooth,0.1201796577830069,0.07837446895483197,0.02741510984555994,0.0,-19.725679868503207,0.014443150144840652,0.014443150144840652,-6.622124010063942,1.7545670301158363,0.0,-1.9725679868503203,0.23109040231745043,0.0,-0.6622124010063946
phaseflip,0.05,1.0,5.0,phase_pi_over_2,phase_pi_over_2,False,stage1,31.772417045535505,31.772417045535505,0.0,False,False,False,0.0,0.0,0.33927745771820833,0.0,0.05919765095255346,0.33927745771820833,0.33927745771820833,0.33927745771820833,63,61,"[0.5, 0.0, 0.5]",31.502781371312246,0.2696356742232595,0.0,True,interior,objective_improves_clean_worsens,smooth,0.05919765095255346,0.023567183475135034,0.016547040326995444,0.0,-10.54074991680585,0.003504361878300353,0.0035043618783003046,-3.306410535231862,1.0590105809277084,0.0,-1.0540749916805847,0.05606979005280565,0.0,-0.3306410535231876
phaseflip,0.05,1.0,10.0,phase_pi_over_2,phase_pi_over_2,False,stage1,31.772417045535505,31.772417045535505,0.0,False,False,False,0.0,0.0,0.33927745771820833,0.0,0.055633363671613235,0.33927745771820833,0.33927745771820833,0.33927745771820833,63,61,"[0.8, 0.2, 0.0]",31.58407086440717,0.18834618112833468,0.0,True,interior,objective_improves_clean_worsens,smooth,0.055633363671613235,0.023262007253839534,0.016325670346488103,0.0,-9.729632404505026,0.003095071153417975,0.003095071153417975,-3.0974698130775664,1.0448429021752386,0.0,-0.9729632404505022,0.0495211384546876,0.0,-0.30974698130775735
phaseflip,0.05,1.0,20.0,phase_pi_over_2,phase_pi_over_2,False,stage1,31.772417045535505,31.772417045535505,0.0,False,False,False,0.0,0.0,0.33927745771820833,0.0,0.1201796577830069,0.33927745771820833,0.33927745771820833,0.33927745771820833,63,61,"[0.8, 0.1, 0.1]",32.36860222138114,-0.5961851758456334,0.0,True,interior,objective_worsens_clean_worsens,smooth,0.1201796577830069,0.06319271845931868,0.046873049396639,0.0,-19.725679868503207,0.014443150144840652,0.014443150144840652,-6.622124010063942,2.999875161384896,0.0,-1.9725679868503203,0.23109040231745043,0.0,-0.6622124010063946
phaseflip,0.05,1.5,5.0,phase_pi_over_2,phase_pi_over_2,False,stage1,31.772417045535505,31.772417045535505,0.0,False,True,True,0.0,0.0,0.33927745771820833,0.0,0.05919765095255346,0.33927745771820833,0.33927745771820833,0.33927745771820833,66,63,"[0.5, 0.0, 0.5]",31.502781371312246,0.2696356742232595,0.0,True,interior,objective_improves_clean_worsens,smooth,0.05919765095255346,0.023567183475135034,0.016547040326995444,0.0,-10.54074991680585,0.003504361878300353,0.0035043618783003046,-3.306410535231862,1.0590105809277084,0.0,-1.0540749916805847,0.05606979005280565,0.0,-0.3306410535231876
phaseflip,0.05,1.5,10.0,phase_pi_over_2,phase_pi_over_2,False,stage1,31.772417045535505,31.772417045535505,0.0,False,True,True,0.0,0.0,0.33927745771820833,0.0,0.055633363671613235,0.33927745771820833,0.33927745771820833,0.33927745771820833,66,63,"[0.8, 0.2, 0.0]",31.58407086440717,0.18834618112833468,0.0,True,interior,objective_improves_clean_worsens,smooth,0.055633363671613235,0.023262007253839534,0.016325670346488103,0.0,-9.729632404505026,0.003095071153417975,0.003095071153417975,-3.0974698130775664,1.0448429021752386,0.0,-0.9729632404505022,0.0495211384546876,0.0,-0.30974698130775735
phaseflip,0.05,1.5,20.0,phase_pi_over_2,phase_pi_over_2,False,stage1,31.772417045535505,31.772417045535505,0.0,True,True,True,0.0,0.0,0.33927745771820833,0.0,0.06008982889150345,0.33927745771820833,0.33927745771820833,0.33927745771820833,66,63,"[0.9, 0.0, 0.1]",31.761861316065065,0.010555729470439701,0.0,True,interior,objective_improves_clean_worsens,smooth,0.06008982889150345,0.028057444622748062,0.019825737162109336,0.0,-10.060693079216009,0.003610787536210163,0.003610787536210163,-3.311062005031971,1.2688471783749975,0.0,-1.0060693079216012,0.05777260057936261,0.0,-0.33110620050319817
phaseflip,0.05,2.0,5.0,phase_pi_over_2,phase_pi_over_2,False,stage1,31.772417045535505,31.772417045535505,0.0,False,True,True,0.0,0.0,0.33927745771820833,0.0,0.05919765095255346,0.33927745771820833,0.33927745771820833,0.33927745771820833,66,63,"[0.5, 0.0, 0.5]",31.502781371312246,0.2696356742232595,0.0,True,interior,objective_improves_clean_worsens,smooth,0.05919765095255346,0.023567183475135034,0.016547040326995444,0.0,-10.54074991680585,0.003504361878300353,0.0035043618783003046,-3.306410535231862,1.0590105809277084,0.0,-1.0540749916805847,0.05606979005280565,0.0,-0.3306410535231876
phaseflip,0.05,2.0,10.0,phase_pi_over_2,phase_pi_over_2,False,stage1,31.772417045535505,31.772417045535505,0.0,False,True,True,0.0,0.0,0.33927745771820833,0.0,0.055633363671613235,0.33927745771820833,0.33927745771820833,0.33927745771820833,66,63,"[0.8, 0.2, 0.0]",31.58407086440717,0.18834618112833468,0.0,True,interior,objective_improves_clean_worsens,smooth,0.055633363671613235,0.023262007253839534,0.016325670346488103,0.0,-9.729632404505026,0.003095071153417975,0.003095071153417975,-3.0974698130775664,1.0448429021752386,0.0,-0.9729632404505022,0.0495211384546876,0.0,-0.30974698130775735
phaseflip,0.05,2.0,20.0,phase_pi_over_2,phase_pi_over_2,False,stage1,31.772417045535505,31.772417045535505,0.0,True,True,True,0.0,0.0,0.33927745771820833,0.0,0.06008982889150345,0.33927745771820833,0.33927745771820833,0.33927745771820833,66,63,"[0.9, 0.0, 0.1]",31.761861316065065,0.010555729470439701,0.0,True,interior,objective_improves_clean_worsens,smooth,0.06008982889150345,0.028057444622748062,0.019825737162109336,0.0,-10.060693079216009,0.003610787536210163,0.003610787536210163,-3.311062005031971,1.2688471783749975,0.0,-1.0060693079216012,0.05777260057936261,0.0,-0.33110620050319817
phaseflip,0.08,1.0,5.0,phase_pi_over_2,phase_pi_over_2,False,stage1,43.26491890617803,43.26491890617803,0.0,False,False,False,0.0,0.0,0.542843932349133,0.0,0.023679060381021445,0.542843932349133,0.542843932349133,0.542843932349133,63,61,"[0.8, 0.0, 0.2]",43.284556390284095,-0.01963748410606314,0.0,True,interior,objective_worsens_clean_worsens,smooth,0.023679060381021445,0.008143859707971601,0.008908012107692986,0.0,-4.2719003578546335,0.0005606979005280595,0.0005606979005280595,-1.3225642140927505,0.5701127748923511,0.0,-0.427190035785463,0.008971166408448953,0.0,-0.1322564214092754
phaseflip,0.08,1.0,10.0,phase_pi_over_2,phase_pi_over_2,False,stage1,43.26491890617803,43.26491890617803,0.0,False,False,False,0.0,0.0,0.542843932349133,0.0,0.055633363671613235,0.542843932349133,0.542843932349133,0.542843932349133,63,61,"[0.8, 0.2, 0.0]",43.58462773406359,-0.319708827885556,0.0,True,interior,objective_worsens_clean_worsens,smooth,0.055633363671613235,0.021906954990232097,0.024264029862330172,0.0,-9.729632404505026,0.003095071153417975,0.003095071153417975,-3.0974698130775664,1.552897911189131,0.0,-0.9729632404505022,0.0495211384546876,0.0,-0.30974698130775735
phaseflip,0.08,1.0,20.0,phase_pi_over_2,phase_pi_over_2,False,stage1,43.26491890617803,43.26491890617803,0.0,False,False,False,0.0,0.0,0.542843932349133,0.0,0.1201796577830069,0.542843932349133,0.542843932349133,0.542843932349133,63,61,"[0.8, 0.1, 0.1]",45.106412213292714,-1.841493307114682,0.0,True,interior,objective_worsens_clean_worsens,smooth,0.1201796577830069,0.05799758072730887,0.06633098894771794,0.0,-19.725679868503207,0.014443150144840652,0.014443150144840652,-6.622124010063942,4.245183292653948,0.0,-1.9725679868503203,0.23109040231745043,0.0,-0.6622124010063946
phaseflip,0.08,1.5,5.0,phase_pi_over_2,phase_pi_over_2,False,stage1,43.26491890617803,43.26491890617803,0.0,False,True,True,0.0,0.0,0.542843932349133,0.0,0.011839530190510771,0.542843932349133,0.542843932349133,0.542843932349133,66,63,"[0.9, 0.0, 0.1]",43.262597017034956,0.0023218891430758504,0.0,True,interior,objective_improves_clean_worsens,smooth,0.011839530190510771,0.0039589265195679735,0.0043138315787144554,0.0,-2.1452169107827217,0.00014017447513201602,0.00014017447513201602,-0.6612821070463752,0.27608522103772515,0.0,-0.21452169107827146,0.0022427916021122564,0.0,-0.06612821070463859
phaseflip,0.08,1.5,10.0,phase_pi_over_2,phase_pi_over_2,False,stage1,43.26491890617803,43.26491890617803,0.0,False,True,True,0.0,0.0,0.542843932349133,0.0,0.027816681835806625,0.542843932349133,0.542843932349133,0.542843932349133,66,63,"[0.9, 0.0, 0.1]",43.35806455485691,-0.09314564867887754,0.0,True,interior,objective_worsens_clean_worsens,smooth,0.027816681835806625,0.010362884339780276,0.011358247142810751,0.0,-4.91288962420802,0.0007737677883544942,0.0007737677883544942,-1.5487349065387548,0.7269278171398881,0.0,-0.49128896242080167,0.012380284613671907,0.0,-0.1548734906538769
phaseflip,0.08,1.5,20.0,phase_pi_over_2,phase_pi_over_2,False,stage1,43.26491890617803,43.26491890617803,0.0,True,True,True,0.0,0.0,0.542843932349133,0.0,0.06008982889150345,0.542843932349133,0.542843932349133,0.542843932349133,66,63,"[0.9, 0.0, 0.1]",43.87701724234211,-0.612098336164081,0.0,True,interior,objective_worsens_clean_worsens,smooth,0.06008982889150345,0.026571769775350917,0.029554706937648834,0.0,-10.060693079216009,0.003610787536210163,0.003610787536210163,-3.311062005031971,1.8915012440095254,0.0,-1.0060693079216012,0.05777260057936261,0.0,-0.33110620050319817
phaseflip,0.08,2.0,5.0,phase_pi_over_2,phase_pi_over_2,False,stage1,43.26491890617803,43.26491890617803,0.0,False,True,True,0.0,0.0,0.542843932349133,0.0,0.011839530190510771,0.542843932349133,0.542843932349133,0.542843932349133,66,63,"[0.9, 0.0, 0.1]",43.262597017034956,0.0023218891430758504,0.0,True,interior,objective_improves_clean_worsens,smooth,0.011839530190510771,0.0039589265195679735,0.0043138315787144554,0.0,-2.1452169107827217,0.00014017447513201602,0.00014017447513201602,-0.6612821070463752,0.27608522103772515,0.0,-0.21452169107827146,0.0022427916021122564,0.0,-0.06612821070463859
phaseflip,0.08,2.0,10.0,phase_pi_over_2,phase_pi_over_2,False,stage1,43.26491890617803,43.26491890617803,0.0,False,True,True,0.0,0.0,0.542843932349133,0.0,0.027816681835806625,0.542843932349133,0.542843932349133,0.542843932349133,66,63,"[0.9, 0.0, 0.1]",43.35806455485691,-0.09314564867887754,0.0,True,interior,objective_worsens_clean_worsens,smooth,0.027816681835806625,0.010362884339780276,0.011358247142810751,0.0,-4.91288962420802,0.0007737677883544942,0.0007737677883544942,-1.5487349065387548,0.7269278171398881,0.0,-0.49128896242080167,0.012380284613671907,0.0,-0.1548734906538769
phaseflip,0.08,2.0,20.0,phase_pi_over_2,phase_pi_over_2,False,stage1,43.26491890617803,43.26491890617803,0.0,True,True,True,0.0,0.0,0.542843932349133,0.0,0.06008982889150345,0.542843932349133,0.542843932349133,0.542843932349133,66,63,"[0.9, 0.0, 0.1]",43.87701724234211,-0.612098336164081,0.0,True,interior,objective_worsens_clean_worsens,smooth,0.06008982889150345,0.026571769775350917,0.029554706937648834,0.0,-10.060693079216009,0.003610787536210163,0.003610787536210163,-3.311062005031971,1.8915012440095254,0.0,-1.0060693079216012,0.05777260057936261,0.0,-0.33110620050319817
phaseflip,0.12,1.0,5.0,phase_pi_over_2,phase_pi_over_2,False,stage1,66.83928169723964,66.83928169723964,0.0,False,False,False,0.0,0.0,0.8142658985236995,0.0,0.023679060381021445,0.8142658985236995,0.8142658985236995,0.8142658985236995,63,61,"[0.8, 0.0, 0.2]",67.12603323597499,-0.286751538735345,0.0,True,interior,objective_worsens_clean_worsens,smooth,0.023679060381021445,0.00799356339199242,0.013081669211275515,0.0,-4.2719003578546335,0.0005606979005280595,0.0005606979005280595,-1.3225642140927505,0.837226829521633,0.0,-0.427190035785463,0.008971166408448953,0.0,-0.1322564214092754
phaseflip,0.12,1.0,10.0,phase_pi_over_2,phase_pi_over_2,False,stage1,66.83928169723964,66.83928169723964,0.0,False,False,False,0.0,0.0,0.8142658985236995,0.0,0.055633363671613235,0.8142658985236995,0.8142658985236995,0.8142658985236995,63,61,"[0.8, 0.2, 0.0]",67.83639720381039,-0.9971155065707507,0.0,True,interior,objective_worsens_clean_worsens,smooth,0.055633363671613235,0.02112470635248309,0.034848509216786505,0.0,-9.729632404505026,0.003095071153417975,0.003095071153417975,-3.0974698130775664,2.2303045898743363,0.0,-0.9729632404505022,0.0495211384546876,0.0,-0.30974698130775735
phaseflip,0.12,1.0,20.0,phase_pi_over_2,phase_pi_over_2,False,stage1,66.83928169723964,66.83928169723964,0.0,False,False,False,0.0,0.0,0.8142658985236995,0.0,0.12017965778300681,0.8142658985236995,0.8142658985236995,0.8142658985236995,63,61,"[0.8, 0.2, 0.0]",70.3411858460464,-3.5019041488067586,0.0,True,interior,objective_worsens_clean_worsens,smooth,0.12017965778300681,0.054816296580862844,0.09227490834915675,0.0,-19.725679868503192,0.014443150144840627,0.014443150144840627,-6.622124010063942,5.905594134346032,0.0,-1.9725679868503185,0.23109040231745004,0.0,-0.6622124010063946
phaseflip,0.12,1.5,5.0,phase_pi_over_2,phase_pi_over_2,False,stage1,66.83928169723964,66.83928169723964,0.0,False,True,True,0.0,0.0,0.8142658985236995,0.0,0.011839530190510771,0.8142658985236995,0.8142658985236995,0.8142658985236995,66,63,"[0.9, 0.0, 0.1]",66.97051683541122,-0.13123513817157573,0.0,True,interior,objective_worsens_clean_worsens,smooth,0.011839530190510771,0.003920885547708974,0.006400660130505775,0.0,-2.1452169107827217,0.00014017447513201602,0.00014017447513201602,-0.6612821070463752,0.4096422483523696,0.0,-0.21452169107827146,0.0022427916021122564,0.0,-0.06612821070463859
phaseflip,0.12,1.5,10.0,phase_pi_over_2,phase_pi_over_2,False,stage1,66.83928169723964,66.83928169723964,0.0,False,True,True,0.0,0.0,0.8142658985236995,0.0,0.027816681835806625,0.8142658985236995,0.8142658985236995,0.8142658985236995,66,63,"[0.9, 0.1, 0.0]",67.27113068526111,-0.4318489880214713,0.0,True,interior,objective_worsens_clean_worsens,smooth,0.027816681835806625,0.010160835830934745,0.01665048682003889,0.0,-4.91288962420802,0.0007737677883544942,0.0007737677883544942,-1.548734906538769,1.065631156482489,0.0,-0.49128896242080167,0.012380284613671907,0.0,-0.1548734906538769
phaseflip,0.12,1.5,20.0,phase_pi_over_2,phase_pi_over_2,False,stage1,66.83928169723964,66.83928169723964,0.0,False,True,True,0.0,0.0,0.8142658985236995,0.0,0.06008982889150345,0.8142658985236995,0.8142658985236995,0.8142658985236995,66,63,"[0.9, 0.0, 0.1]",68.28158545424976,-1.442303757010123,0.0,True,interior,objective_worsens_clean_worsens,smooth,0.06008982889150345,0.02570768447577554,0.04252666663836824,0.0,-10.060693079216009,0.003610787536210163,0.003610787536210163,-3.311062005031971,2.7217066648555672,0.0,-1.0060693079216012,0.05777260057936261,0.0,-0.33110620050319817
phaseflip,0.12,2.0,5.0,phase_pi_over_2,phase_pi_over_2,False,stage1,66.83928169723964,66.83928169723964,0.0,False,True,True,0.0,0.0,0.8142658985236995,0.0,0.011839530190510771,0.8142658985236995,0.8142658985236995,0.8142658985236995,66,63,"[0.9, 0.0, 0.1]",66.97051683541122,-0.13123513817157573,0.0,True,interior,objective_worsens_clean_worsens,smooth,0.011839530190510771,0.003920885547708974,0.006400660130505775,0.0,-2.1452169107827217,0.00014017447513201602,0.00014017447513201602,-0.6612821070463752,0.4096422483523696,0.0,-0.21452169107827146,0.0022427916021122564,0.0,-0.06612821070463859
phaseflip,0.12,2.0,10.0,phase_pi_over_2,phase_pi_over_2,False,stage1,66.83928169723964,66.83928169723964,0.0,False,True,True,0.0,0.0,0.8142658985236995,0.0,0.027816681835806625,0.8142658985236995,0.8142658985236995,0.8142658985236995,66,63,"[0.9, 0.1, 0.0]",67.27113068526111,-0.4318489880214713,0.0,True,interior,objective_worsens_clean_worsens,smooth,0.027816681835806625,0.010160835830934745,0.01665048682003889,0.0,-4.91288962420802,0.0007737677883544942,0.0007737677883544942,-1.548734906538769,1.065631156482489,0.0,-0.49128896242080167,0.012380284613671907,0.0,-0.1548734906538769
phaseflip,0.12,2.0,20.0,phase_pi_over_2,phase_pi_over_2,False,stage1,66.83928169723964,66.83928169723964,0.0,False,True,True,0.0,0.0,0.8142658985236995,0.0,0.06008982889150345,0.8142658985236995,0.8142658985236995,0.8142658985236995,66,63,"[0.9, 0.0, 0.1]",68.28158545424976,-1.442303757010123,0.0,True,interior,objective_worsens_clean_worsens,smooth,0.06008982889150345,0.02570768447577554,0.04252666663836824,0.0,-10.060693079216009,0.003610787536210163,0.003610787536210163,-3.311062005031971,2.7217066648555672,0.0,-1.0060693079216012,0.05777260057936261,0.0,-0.33110620050319817
phaseflip,0.16,1.0,5.0,phase_pi_over_2,phase_pi_over_2,False,stage1,99.84338960472613,99.84338960472613,0.0,False,False,False,0.0,0.0,1.0856878646982677,0.0,0.023679060381021445,1.0856878646982677,1.0856878646982677,1.0856878646982677,63,61,"[0.8, 0.0, 0.2]",100.39725519809072,-0.5538655933645913,0.0,True,interior,objective_worsens_clean_worsens,smooth,0.023679060381021445,0.007917853039135947,0.017255326314857822,0.0,-4.2719003578546335,0.0005606979005280595,0.0005606979005280595,-1.3225642140927505,1.1043408841509006,0.0,-0.427190035785463,0.008971166408448953,0.0,-0.1322564214092754
phaseflip,0.16,1.0,10.0,phase_pi_over_2,phase_pi_over_2,False,stage1,99.84338960472613,99.84338960472613,0.0,False,False,False,0.0,0.0,1.0856878646982677,0.0,0.055633363671613346,1.0856878646982677,1.0856878646982677,1.0856878646982677,63,61,"[0.8, 0.0, 0.2]",101.51791178998208,-1.6745221852559524,0.0,True,interior,objective_worsens_clean_worsens,smooth,0.055633363671613346,0.02072576867956033,0.04543298857124278,0.0,-9.729632404505026,0.003095071153417988,0.003095071153417988,-3.0974698130775664,2.907711268559538,0.0,-0.9729632404505022,0.04952113845468781,0.0,-0.30974698130775735
phaseflip,0.16,1.0,20.0,phase_pi_over_2,phase_pi_over_2,False,stage1,99.84338960472613,99.84338960472613,0.0,False,False,False,0.0,0.0,1.0856878646982677,0.0,0.1201796577830069,1.0856878646982677,1.0856878646982677,1.0856878646982677,63,61,"[0.8, 0.1, 0.1]",105.00570459522497,-5.162314990498842,0.0,True,interior,objective_worsens_clean_worsens,smooth,0.1201796577830069,0.05314353955070161,0.11821882775059556,0.0,-19.725679868503207,0.014443150144840652,0.014443150144840652,-6.622124010063942,7.566004976038116,0.0,-1.9725679868503203,0.23109040231745043,0.0,-0.6622124010063946
phaseflip,0.16,1.5,5.0,phase_pi_over_2,phase_pi_over_2,False,stage1,99.84338960472613,99.84338960472613,0.0,False,True,True,0.0,0.0,1.0856878646982677,0.0,0.011839530190510771,1.0856878646982677,1.0856878646982677,1.0856878646982677,66,63,"[0.9, 0.0, 0.1]",100.10818177021233,-0.2647921654861989,0.0,True,interior,objective_worsens_clean_worsens,smooth,0.011839530190510771,0.0039017957865319364,0.008487488682296984,0.0,-2.1452169107827217,0.00014017447513201602,0.00014017447513201602,-0.6612821070463752,0.543199275667007,0.0,-0.21452169107827146,0.0022427916021122564,0.0,-0.06612821070463859
phaseflip,0.16,1.5,10.0,phase_pi_over_2,phase_pi_over_2,False,stage1,99.84338960472613,99.84338960472613,0.0,False,True,True,0.0,0.0,1.0856878646982677,0.0,0.027816681835806625,1.0856878646982677,1.0856878646982677,1.0856878646982677,66,63,"[0.9, 0.1, 0.0]",100.61394193209019,-0.770552327364058,0.0,True,interior,objective_worsens_clean_worsens,smooth,0.027816681835806625,0.010058851495922339,0.021942726497266918,0.0,-4.91288962420802,0.0007737677883544942,0.0007737677883544942,-1.548734906538769,1.4043344958250827,0.0,-0.49128896242080167,0.012380284613671907,0.0,-0.1548734906538769
phaseflip,0.16,1.5,20.0,phase_pi_over_2,phase_pi_over_2,False,stage1,99.84338960472613,99.84338960472613,0.0,False,True,True,0.0,0.0,1.0856878646982677,0.0,0.06008982889150345,1.0856878646982677,1.0856878646982677,1.0856878646982677,66,63,"[0.9, 0.0, 0.1]",102.11589878258232,-2.272509177856193,0.0,True,interior,objective_worsens_clean_worsens,smooth,0.06008982889150345,0.025265224271816544,0.055498626339087975,0.0,-10.060693079216009,0.003610787536210163,0.003610787536210163,-3.311062005031971,3.5519120857016304,0.0,-1.0060693079216012,0.05777260057936261,0.0,-0.33110620050319817
phaseflip,0.16,2.0,5.0,phase_pi_over_2,phase_pi_over_2,False,stage1,99.84338960472613,99.84338960472613,0.0,False,True,True,0.0,0.0,1.0856878646982677,0.0,0.011839530190510771,1.0856878646982677,1.0856878646982677,1.0856878646982677,66,63,"[0.9, 0.0, 0.1]",100.10818177021233,-0.2647921654861989,0.0,True,interior,objective_worsens_clean_worsens,smooth,0.011839530190510771,0.0039017957865319364,0.008487488682296984,0.0,-2.1452169107827217,0.00014017447513201602,0.00014017447513201602,-0.6612821070463752,0.543199275667007,0.0,-0.21452169107827146,0.0022427916021122564,0.0,-0.06612821070463859
phaseflip,0.16,2.0,10.0,phase_pi_over_2,phase_pi_over_2,False,stage1,99.84338960472613,99.84338960472613,0.0,False,True,True,0.0,0.0,1.0856878646982677,0.0,0.027816681835806625,1.0856878646982677,1.0856878646982677,1.0856878646982677,66,63,"[0.9, 0.1, 0.0]",100.61394193209019,-0.770552327364058,0.0,True,interior,objective_worsens_clean_worsens,smooth,0.027816681835806625,0.010058851495922339,0.021942726497266918,0.0,-4.91288962420802,0.0007737677883544942,0.0007737677883544942,-1.548734906538769,1.4043344958250827,0.0,-0.49128896242080167,0.012380284613671907,0.0,-0.1548734906538769
phaseflip,0.16,2.0,20.0,phase_pi_over_2,phase_pi_over_2,False,stage1,99.84338960472613,99.84338960472613,0.0,False,True,True,0.0,0.0,1.0856878646982677,0.0,0.06008982889150345,1.0856878646982677,1.0856878646982677,1.0856878646982677,66,63,"[0.9, 0.0, 0.1]",102.11589878258232,-2.272509177856193,0.0,True,interior,objective_worsens_clean_worsens,smooth,0.06008982889150345,0.025265224271816544,0.055498626339087975,0.0,-10.060693079216009,0.003610787536210163,0.003610787536210163,-3.311062005031971,3.5519120857016304,0.0,-1.0060693079216012,0.05777260057936261,0.0,-0.33110620050319817
dephasing,0.02,1.0,5.0,phase_plus_5deg,phase_pi_over_2,False,stage1,23.432298146429098,23.432298146429098,1.2678100617879196,False,True,True,0.11839530190510651,0.0,0.06785549154364201,0.11839530190510651,-1.3877787807814457e-17,0.15439846704325985,0.15439846704325985,-0.0505398103614645,63,61,"[0.7, 0.3, 0.0]",23.432298146429098,0.0,0.0,True,interior,objective_worsens_clean_improves,obs_fit,-1.3877787807814457e-17,-5.551115123125783e-17,-1.3877787807814457e-17,0.0,0.0,-3.469446951953614e-18,1.3147681753683532e-31,0.0,-8.881784197001252e-16,0.0,0.0,-5.551115123125783e-17,0.0,0.0
dephasing,0.02,1.0,10.0,phase_pi_over_2,phase_pi_over_2,False,stage1,24.700108208217017,24.700108208217017,0.0,False,False,False,0.0,0.0,0.06785549154364201,0.0,0.11126672734322623,0.06785549154364201,0.06785549154364201,0.06785549154364201,63,61,"[0.6, 0.3, 0.1]",23.50227261070128,1.1978355975157378,0.0,True,interior,objective_improves_clean_worsens,smooth,0.11126672734322623,0.08139896240507327,0.0176725242908999,0.0,-19.074677433365665,0.01238028461367185,0.01238028461367185,-6.194939626155133,1.1310415546175936,0.0,-1.907467743336566,0.1980845538187496,0.0,-0.6194939626155147
dephasing,0.02,1.0,20.0,phase_pi_over_2,phase_pi_over_2,False,stage1,24.700108208217017,24.700108208217017,0.0,False,False,False,0.0,0.0,0.06785549154364201,0.0,0.1201796577830069,0.06785549154364201,0.06785549154364201,0.06785549154364201,63,61,"[0.8, 0.1, 0.1]",23.635882542370574,1.0642256658464433,0.0,True,interior,objective_improves_clean_worsens,smooth,0.1201796577830069,0.09193655371465495,0.020929129995200357,0.0,-19.725679868503207,0.014443150144840652,0.014443150144840652,-6.622124010063942,1.3394643196928229,0.0,-1.9725679868503203,0.23109040231745043,0.0,-0.6622124010063946
dephasing,0.02,1.5,5.0,phase_plus_5deg,phase_pi_over_2,False,stage1,23.432298146429098,23.432298146429098,1.2678100617879196,True,True,True,0.11839530190510651,0.0,0.06785549154364201,0.11839530190510651,-1.3877787807814457e-17,0.15439846704325985,0.15439846704325985,-0.0505398103614645,66,63,"[0.7, 0.3, 0.0]",23.432298146429098,0.0,0.0,True,interior,objective_worsens_clean_improves,obs_fit,-1.3877787807814457e-17,-5.551115123125783e-17,-1.3877787807814457e-17,0.0,0.0,-3.469446951953614e-18,1.3147681753683532e-31,0.0,-8.881784197001252e-16,0.0,0.0,-5.551115123125783e-17,0.0,0.0
dephasing,0.02,1.5,10.0,phase_pi_over_2,phase_pi_over_2,False,stage1,24.700108208217017,24.700108208217017,0.0,True,True,True,0.0,0.0,0.06785549154364201,0.0,0.11126672734322623,0.06785549154364201,0.06785549154364201,0.06785549154364201,66,63,"[0.6, 0.3, 0.1]",23.50227261070128,1.1978355975157378,0.0,True,interior,objective_improves_clean_worsens,smooth,0.11126672734322623,0.08139896240507327,0.0176725242908999,0.0,-19.074677433365665,0.01238028461367185,0.01238028461367185,-6.194939626155133,1.1310415546175936,0.0,-1.907467743336566,0.1980845538187496,0.0,-0.6194939626155147
dephasing,0.02,1.5,20.0,phase_pi_over_2,phase_pi_over_2,False,stage1,24.700108208217017,24.700108208217017,0.0,True,True,True,0.0,0.0,0.06785549154364201,0.0,0.1201796577830069,0.06785549154364201,0.06785549154364201,0.06785549154364201,66,63,"[0.8, 0.1, 0.1]",23.635882542370574,1.0642256658464433,0.0,True,interior,objective_improves_clean_worsens,smooth,0.1201796577830069,0.09193655371465495,0.020929129995200357,0.0,-19.725679868503207,0.014443150144840652,0.014443150144840652,-6.622124010063942,1.3394643196928229,0.0,-1.9725679868503203,0.23109040231745043,0.0,-0.6622124010063946
dephasing,0.02,2.0,5.0,phase_plus_5deg,phase_pi_over_2,False,stage1,23.432298146429098,23.432298146429098,1.2678100617879196,True,True,True,0.11839530190510651,0.0,0.06785549154364201,0.11839530190510651,-1.3877787807814457e-17,0.15439846704325985,0.15439846704325985,-0.0505398103614645,66,63,"[0.7, 0.3, 0.0]",23.432298146429098,0.0,0.0,True,interior,objective_worsens_clean_improves,obs_fit,-1.3877787807814457e-17,-5.551115123125783e-17,-1.3877787807814457e-17,0.0,0.0,-3.469446951953614e-18,1.3147681753683532e-31,0.0,-8.881784197001252e-16,0.0,0.0,-5.551115123125783e-17,0.0,0.0
dephasing,0.02,2.0,10.0,phase_pi_over_2,phase_pi_over_2,False,stage1,24.700108208217017,24.700108208217017,0.0,True,True,True,0.0,0.0,0.06785549154364201,0.0,0.11126672734322623,0.06785549154364201,0.06785549154364201,0.06785549154364201,66,63,"[0.6, 0.3, 0.1]",23.50227261070128,1.1978355975157378,0.0,True,interior,objective_improves_clean_worsens,smooth,0.11126672734322623,0.08139896240507327,0.0176725242908999,0.0,-19.074677433365665,0.01238028461367185,0.01238028461367185,-6.194939626155133,1.1310415546175936,0.0,-1.907467743336566,0.1980845538187496,0.0,-0.6194939626155147
dephasing,0.02,2.0,20.0,phase_pi_over_2,phase_pi_over_2,False,stage1,24.700108208217017,24.700108208217017,0.0,True,True,True,0.0,0.0,0.06785549154364201,0.0,0.1201796577830069,0.06785549154364201,0.06785549154364201,0.06785549154364201,66,63,"[0.8, 0.1, 0.1]",23.635882542370574,1.0642256658464433,0.0,True,interior,objective_improves_clean_worsens,smooth,0.1201796577830069,0.09193655371465495,0.020929129995200357,0.0,-19.725679868503207,0.014443150144840652,0.014443150144840652,-6.622124010063942,1.3394643196928229,0.0,-1.9725679868503203,0.23109040231745043,0.0,-0.6622124010063946
dephasing,0.05,1.0,5.0,phase_plus_5deg,phase_pi_over_2,False,stage1,25.480204557022418,25.480204557022418,0.7669712093580294,False,True,True,0.11839530190510651,0.0,0.16963872885910478,0.11839530190510651,-0.02367906038102137,0.2362994377708698,0.2362994377708698,0.051243426953998264,63,61,"[0.7, 0.1, 0.2]",25.439348699756422,0.04085585726599561,0.0,True,interior,objective_improves_clean_improves,obs_fit,-0.02367906038102137,-0.01679406768544886,-0.007654816794491558,0.0,3.975364938482315,-0.005046281104752486,0.0005606979005280547,1.322564214092722,-0.4899082748474597,0.0,0.3975364938482322,-0.08074049767603977,0.0,0.13225642140927185
dephasing,0.05,1.0,10.0,phase_pi_over_2,phase_pi_over_2,False,stage1,26.247175766380447,26.247175766380447,0.0,False,False,False,0.0,0.0,0.16963872885910478,0.0,0.08345004550741983,0.16963872885910478,0.16963872885910478,0.16963872885910478,63,61,"[0.7, 0.1, 0.2]",25.52971402921232,0.7174617371681258,0.0,True,interior,objective_improves_clean_worsens,smooth,0.08345004550741983,0.04405300663603759,0.01688685948999302,0.0,-14.450228340890916,0.00696391009519044,0.00696391009519044,-4.64620471961635,1.0807590073595532,0.0,-1.445022834089091,0.11142256152304704,0.0,-0.46462047196163603
dephasing,0.05,1.0,20.0,phase_pi_over_2,phase_pi_over_2,False,stage1,26.247175766380447,26.247175766380447,0.0,False,False,False,0.0,0.0,0.16963872885910478,0.0,0.1201796577830069,0.16963872885910478,0.16963872885910478,0.16963872885910478,63,61,"[0.8, 0.1, 0.1]",25.805604166168536,0.4415716002119119,0.0,True,interior,objective_improves_clean_worsens,smooth,0.1201796577830069,0.07415503254522804,0.030658099770739893,0.0,-19.725679868503207,0.014443150144840652,0.014443150144840652,-6.622124010063942,1.9621183853273532,0.0,-1.9725679868503203,0.23109040231745043,0.0,-0.6622124010063946
dephasing,0.05,1.5,5.0,phase_plus_5deg,phase_pi_over_2,False,stage1,25.480204557022418,25.480204557022418,0.7669712093580294,False,True,True,0.11839530190510651,0.0,0.16963872885910478,0.11839530190510651,-0.02367906038102137,0.2362994377708698,0.2362994377708698,0.051243426953998264,66,63,"[0.7, 0.1, 0.2]",25.439348699756422,0.04085585726599561,0.0,True,interior,objective_improves_clean_improves,obs_fit,-0.02367906038102137,-0.01679406768544886,-0.007654816794491558,0.0,3.975364938482315,-0.005046281104752486,0.0005606979005280547,1.322564214092722,-0.4899082748474597,0.0,0.3975364938482322,-0.08074049767603977,0.0,0.13225642140927185
dephasing,0.05,1.5,10.0,phase_pi_over_2,phase_pi_over_2,False,stage1,26.247175766380447,26.247175766380447,0.0,True,True,True,0.0,0.0,0.16963872885910478,0.0,0.08345004550741983,0.16963872885910478,0.16963872885910478,0.16963872885910478,66,63,"[0.7, 0.1, 0.2]",25.52971402921232,0.7174617371681258,0.0,True,interior,objective_improves_clean_worsens,smooth,0.08345004550741983,0.04405300663603759,0.01688685948999302,0.0,-14.450228340890916,0.00696391009519044,0.00696391009519044,-4.64620471961635,1.0807590073595532,0.0,-1.445022834089091,0.11142256152304704,0.0,-0.46462047196163603
dephasing,0.05,1.5,20.0,phase_pi_over_2,phase_pi_over_2,False,stage1,26.247175766380447,26.247175766380447,0.0,True,True,True,0.0,0.0,0.16963872885910478,0.0,0.06008982889150345,0.16963872885910478,0.16963872885910478,0.16963872885910478,66,63,"[0.9, 0.0, 0.1]",25.717741648881237,0.5294341174992105,0.0,True,interior,objective_improves_clean_worsens,smooth,0.06008982889150345,0.03159635922965931,0.011718262349159781,0.0,-10.060693079216009,0.003610787536210163,0.003610787536210163,-3.311062005031971,0.749968790346226,0.0,-1.0060693079216012,0.05777260057936261,0.0,-0.33110620050319817
dephasing,0.05,2.0,5.0,phase_plus_5deg,phase_pi_over_2,False,stage1,25.480204557022418,25.480204557022418,0.7669712093580294,False,True,True,0.11839530190510651,0.0,0.16963872885910478,0.11839530190510651,-0.02367906038102137,0.2362994377708698,0.2362994377708698,0.051243426953998264,66,63,"[0.7, 0.1, 0.2]",25.439348699756422,0.04085585726599561,0.0,True,interior,objective_improves_clean_improves,obs_fit,-0.02367906038102137,-0.01679406768544886,-0.007654816794491558,0.0,3.975364938482315,-0.005046281104752486,0.0005606979005280547,1.322564214092722,-0.4899082748474597,0.0,0.3975364938482322,-0.08074049767603977,0.0,0.13225642140927185
dephasing,0.05,2.0,10.0,phase_pi_over_2,phase_pi_over_2,False,stage1,26.247175766380447,26.247175766380447,0.0,True,True,True,0.0,0.0,0.16963872885910478,0.0,0.08345004550741983,0.16963872885910478,0.16963872885910478,0.16963872885910478,66,63,"[0.7, 0.1, 0.2]",25.52971402921232,0.7174617371681258,0.0,True,interior,objective_improves_clean_worsens,smooth,0.08345004550741983,0.04405300663603759,0.01688685948999302,0.0,-14.450228340890916,0.00696391009519044,0.00696391009519044,-4.64620471961635,1.0807590073595532,0.0,-1.445022834089091,0.11142256152304704,0.0,-0.46462047196163603
dephasing,0.05,2.0,20.0,phase_pi_over_2,phase_pi_over_2,False,stage1,26.247175766380447,26.247175766380447,0.0,True,True,True,0.0,0.0,0.16963872885910478,0.0,0.06008982889150345,0.16963872885910478,0.16963872885910478,0.16963872885910478,66,63,"[0.9, 0.0, 0.1]",25.717741648881237,0.5294341174992105,0.0,True,interior,objective_improves_clean_worsens,smooth,0.06008982889150345,0.03159635922965931,0.011718262349159781,0.0,-10.060693079216009,0.003610787536210163,0.003610787536210163,-3.311062005031971,0.749968790346226,0.0,-1.0060693079216012,0.05777260057936261,0.0,-0.33110620050319817
dephasing,0.08,1.0,5.0,phase_plus_5deg,phase_pi_over_2,False,stage1,28.854168874612945,28.854168874612945,0.26613235692814285,False,True,True,0.11839530190510651,0.0,0.27142196617456715,0.11839530190510651,-0.047358120762042585,0.3294777940213591,0.3294777940213591,0.15302666426946065,63,61,"[0.6, 0.0, 0.4]",28.669246668677815,0.18492220593513053,0.0,True,interior,objective_improves_clean_improves,obs_fit,-0.047358120762042585,-0.027422937848564644,-0.0173184806156136,0.0,8.024863731807727,-0.00897116640844884,0.002242791602112208,2.6451284281854726,-1.1083827593992703,0.0,0.8024863731807734,-0.14353866253518144,0.0,0.26451284281854726
dephasing,0.08,1.0,10.0,phase_pi_over_2,phase_pi_over_2,False,stage1,29.120301231541088,29.120301231541088,0.0,False,False,False,0.0,0.0,0.27142196617456715,0.0,0.055633363671613235,0.27142196617456715,0.27142196617456715,0.27142196617456715,63,61,"[0.8, 0.2, 0.0]",28.76260338074146,0.357697850799628,0.0,True,interior,objective_improves_clean_worsens,smooth,0.055633363671613235,0.024127410799809124,0.013679550507874103,0.0,-9.729632404505026,0.003095071153417975,0.003095071153417975,-3.0974698130775664,0.8754912325039426,0.0,-0.9729632404505022,0.0495211384546876,0.0,-0.30974698130775735
dephasing,0.08,1.0,20.0,phase_pi_over_2,phase_pi_over_2,False,stage1,29.120301231541088,29.120301231541088,0.0,False,False,False,0.0,0.0,0.27142196617456715,0.0,0.1201796577830069,0.27142196617456715,0.27142196617456715,0.27142196617456715,63,61,"[0.8, 0.1, 0.1]",29.301383696963704,-0.18108246542261597,0.0,True,interior,objective_worsens_clean_worsens,smooth,0.1201796577830069,0.06630122412830097,0.04038706954627941,0.0,-19.725679868503207,0.014443150144840652,0.014443150144840652,-6.622124010063942,2.584772450961882,0.0,-1.9725679868503203,0.23109040231745043,0.0,-0.6622124010063946
dephasing,0.08,1.5,5.0,phase_plus_5deg,phase_pi_over_2,False,stage1,28.854168874612945,28.854168874612945,0.26613235692814285,False,True,True,0.11839530190510651,0.0,0.27142196617456715,0.11839530190510651,-0.047358120762042585,0.3294777940213591,0.3294777940213591,0.15302666426946065,66,63,"[0.6, 0.0, 0.4]",28.669246668677815,0.18492220593513053,0.0,True,interior,objective_improves_clean_improves,obs_fit,-0.047358120762042585,-0.027422937848564644,-0.0173184806156136,0.0,8.024863731807727,-0.00897116640844884,0.002242791602112208,2.6451284281854726,-1.1083827593992703,0.0,0.8024863731807734,-0.14353866253518144,0.0,0.26451284281854726
dephasing,0.08,1.5,10.0,phase_pi_over_2,phase_pi_over_2,False,stage1,29.120301231541088,29.120301231541088,0.0,True,True,True,0.0,0.0,0.27142196617456715,0.0,0.055633363671613235,0.27142196617456715,0.27142196617456715,0.27142196617456715,66,63,"[0.8, 0.2, 0.0]",28.76260338074146,0.357697850799628,0.0,True,interior,objective_improves_clean_worsens,smooth,0.055633363671613235,0.024127410799809124,0.013679550507874103,0.0,-9.729632404505026,0.003095071153417975,0.003095071153417975,-3.0974698130775664,0.8754912325039426,0.0,-0.9729632404505022,0.0495211384546876,0.0,-0.30974698130775735
dephasing,0.08,1.5,20.0,phase_pi_over_2,phase_pi_over_2,False,stage1,29.120301231541088,29.120301231541088,0.0,True,True,True,0.0,0.0,0.27142196617456715,0.0,0.06008982889150345,0.27142196617456715,0.27142196617456715,0.27142196617456715,66,63,"[0.9, 0.0, 0.1]",28.902194146859138,0.21810708468195017,0.0,True,interior,objective_improves_clean_worsens,smooth,0.06008982889150345,0.028998790363654436,0.016582747236929513,0.0,-10.060693079216009,0.003610787536210163,0.003610787536210163,-3.311062005031971,1.0612958231634888,0.0,-1.0060693079216012,0.05777260057936261,0.0,-0.33110620050319817
dephasing,0.08,2.0,5.0,phase_plus_5deg,phase_pi_over_2,False,stage1,28.854168874612945,28.854168874612945,0.26613235692814285,False,True,True,0.11839530190510651,0.0,0.27142196617456715,0.11839530190510651,-0.047358120762042585,0.3294777940213591,0.3294777940213591,0.15302666426946065,66,63,"[0.6, 0.0, 0.4]",28.669246668677815,0.18492220593513053,0.0,True,interior,objective_improves_clean_improves,obs_fit,-0.047358120762042585,-0.027422937848564644,-0.0173184806156136,0.0,8.024863731807727,-0.00897116640844884,0.002242791602112208,2.6451284281854726,-1.1083827593992703,0.0,0.8024863731807734,-0.14353866253518144,0.0,0.26451284281854726
dephasing,0.08,2.0,10.0,phase_pi_over_2,phase_pi_over_2,False,stage1,29.120301231541088,29.120301231541088,0.0,True,True,True,0.0,0.0,0.27142196617456715,0.0,0.055633363671613235,0.27142196617456715,0.27142196617456715,0.27142196617456715,66,63,"[0.8, 0.2, 0.0]",28.76260338074146,0.357697850799628,0.0,True,interior,objective_improves_clean_worsens,smooth,0.055633363671613235,0.024127410799809124,0.013679550507874103,0.0,-9.729632404505026,0.003095071153417975,0.003095071153417975,-3.0974698130775664,0.8754912325039426,0.0,-0.9729632404505022,0.0495211384546876,0.0,-0.30974698130775735
dephasing,0.08,2.0,20.0,phase_pi_over_2,phase_pi_over_2,False,stage1,29.120301231541088,29.120301231541088,0.0,True,True,True,0.0,0.0,0.27142196617456715,0.0,0.06008982889150345,0.27142196617456715,0.27142196617456715,0.27142196617456715,66,63,"[0.9, 0.0, 0.1]",28.902194146859138,0.21810708468195017,0.0,True,interior,objective_improves_clean_worsens,smooth,0.06008982889150345,0.028998790363654436,0.016582747236929513,0.0,-10.060693079216009,0.003610787536210163,0.003610787536210163,-3.311062005031971,1.0612958231634888,0.0,-1.0060693079216012,0.05777260057936261,0.0,-0.33110620050319817
dephasing,0.12,1.0,5.0,phase_pi_over_2,phase_pi_over_2,False,stage1,35.01389192930652,35.01389192930652,0.0,False,False,False,0.0,0.0,0.40713294926185073,0.0,0.03551859057153191,0.40713294926185073,0.40713294926185073,0.40713294926185073,63,61,"[0.7, 0.1, 0.2]",34.879434508081935,0.1344574212245817,0.0,True,interior,objective_improves_clean_worsens,smooth,0.03551859057153191,0.01287840431552717,0.010652298759248474,0.0,-6.380050341215792,0.0012615702761881154,0.0012615702761881154,-1.9838463211391115,0.6817471205919023,0.0,-0.6380050341215782,0.020185124419009846,0.0,-0.19838463211391222
dephasing,0.12,1.0,10.0,phase_pi_over_2,phase_pi_over_2,False,stage1,35.01389192930652,35.01389192930652,0.0,False,False,False,0.0,0.0,0.40713294926185073,0.0,0.055633363671613346,0.40713294926185073,0.40713294926185073,0.40713294926185073,63,61,"[0.8, 0.0, 0.2]",34.99489741784949,0.018994511457030683,0.0,True,interior,objective_improves_clean_worsens,smooth,0.055633363671613346,0.02266820075959225,0.018971790185102255,0.0,-9.729632404505026,0.003095071153417988,0.003095071153417988,-3.0974698130775664,1.2141945718465443,0.0,-0.9729632404505022,0.04952113845468781,0.0,-0.30974698130775735
dephasing,0.12,1.0,20.0,phase_pi_over_2,phase_pi_over_2,False,stage1,35.01389192930652,35.01389192930652,0.0,False,False,False,0.0,0.0,0.40713294926185073,0.0,0.1201796577830069,0.40713294926185073,0.40713294926185073,0.40713294926185073,63,61,"[0.8, 0.1, 0.1]",36.02517981557517,-1.0112878862686543,0.0,True,interior,objective_worsens_clean_worsens,smooth,0.1201796577830069,0.060965616877430906,0.05335902924699873,0.0,-19.725679868503207,0.014443150144840652,0.014443150144840652,-6.622124010063942,3.4149778718079187,0.0,-1.9725679868503203,0.23109040231745043,0.0,-0.6622124010063946
dephasing,0.12,1.5,5.0,phase_pi_over_2,phase_pi_over_2,False,stage1,35.01389192930652,35.01389192930652,0.0,False,True,True,0.0,0.0,0.40713294926185073,0.0,0.03551859057153191,0.40713294926185073,0.40713294926185073,0.40713294926185073,66,63,"[0.7, 0.1, 0.2]",34.879434508081935,0.1344574212245817,0.0,True,interior,objective_improves_clean_worsens,smooth,0.03551859057153191,0.01287840431552717,0.010652298759248474,0.0,-6.380050341215792,0.0012615702761881154,0.0012615702761881154,-1.9838463211391115,0.6817471205919023,0.0,-0.6380050341215782,0.020185124419009846,0.0,-0.19838463211391222
dephasing,0.12,1.5,10.0,phase_pi_over_2,phase_pi_over_2,False,stage1,35.01389192930652,35.01389192930652,0.0,False,True,True,0.0,0.0,0.40713294926185073,0.0,0.027816681835806625,0.40713294926185073,0.40713294926185073,0.40713294926185073,66,63,"[0.9, 0.1, 0.0]",34.937685908314094,0.07620602099242291,0.0,True,interior,objective_improves_clean_worsens,smooth,0.027816681835806625,0.01056235317624149,0.008712127304196626,0.0,-4.91288962420802,0.0007737677883544942,0.0007737677883544942,-1.548734906538769,0.5575761474685841,0.0,-0.49128896242080167,0.012380284613671907,0.0,-0.1548734906538769
dephasing,0.12,1.5,20.0,phase_pi_over_2,phase_pi_over_2,False,stage1,35.01389192930652,35.01389192930652,0.0,True,True,True,0.0,0.0,0.40713294926185073,0.0,0.06008982889150345,0.40713294926185073,0.40713294926185073,0.40713294926185073,66,63,"[0.9, 0.0, 0.1]",35.210887555047584,-0.19699562574106722,0.0,True,interior,objective_worsens_clean_worsens,smooth,0.06008982889150345,0.02740814829043131,0.023068727087289187,0.0,-10.060693079216009,0.003610787536210163,0.003610787536210163,-3.311062005031971,1.476398533586508,0.0,-1.0060693079216012,0.05777260057936261,0.0,-0.33110620050319817
dephasing,0.12,2.0,5.0,phase_pi_over_2,phase_pi_over_2,False,stage1,35.01389192930652,35.01389192930652,0.0,False,True,True,0.0,0.0,0.40713294926185073,0.0,0.03551859057153191,0.40713294926185073,0.40713294926185073,0.40713294926185073,66,63,"[0.7, 0.1, 0.2]",34.879434508081935,0.1344574212245817,0.0,True,interior,objective_improves_clean_worsens,smooth,0.03551859057153191,0.01287840431552717,0.010652298759248474,0.0,-6.380050341215792,0.0012615702761881154,0.0012615702761881154,-1.9838463211391115,0.6817471205919023,0.0,-0.6380050341215782,0.020185124419009846,0.0,-0.19838463211391222
dephasing,0.12,2.0,10.0,phase_pi_over_2,phase_pi_over_2,False,stage1,35.01389192930652,35.01389192930652,0.0,False,True,True,0.0,0.0,0.40713294926185073,0.0,0.027816681835806625,0.40713294926185073,0.40713294926185073,0.40713294926185073,66,63,"[0.9, 0.1, 0.0]",34.937685908314094,0.07620602099242291,0.0,True,interior,objective_improves_clean_worsens,smooth,0.027816681835806625,0.01056235317624149,0.008712127304196626,0.0,-4.91288962420802,0.0007737677883544942,0.0007737677883544942,-1.548734906538769,0.5575761474685841,0.0,-0.49128896242080167,0.012380284613671907,0.0,-0.1548734906538769
dephasing,0.12,2.0,20.0,phase_pi_over_2,phase_pi_over_2,False,stage1,35.01389192930652,35.01389192930652,0.0,True,True,True,0.0,0.0,0.40713294926185073,0.0,0.06008982889150345,0.40713294926185073,0.40713294926185073,0.40713294926185073,66,63,"[0.9, 0.0, 0.1]",35.210887555047584,-0.19699562574106722,0.0,True,interior,objective_worsens_clean_worsens,smooth,0.06008982889150345,0.02740814829043131,0.023068727087289187,0.0,-10.060693079216009,0.003610787536210163,0.003610787536210163,-3.311062005031971,1.476398533586508,0.0,-1.0060693079216012,0.05777260057936261,0.0,-0.33110620050319817
dephasing,0.16,1.0,5.0,phase_pi_over_2,phase_pi_over_2,False,stage1,43.26491890617804,43.26491890617804,0.0,False,False,False,0.0,0.0,0.5428439323491332,0.0,0.023679060381021445,0.5428439323491332,0.5428439323491332,0.5428439323491332,63,61,"[0.8, 0.0, 0.2]",43.28455639028411,-0.019637484106070247,0.0,True,interior,objective_worsens_clean_worsens,smooth,0.023679060381021445,0.00814385970797149,0.008908012107692986,0.0,-4.2719003578546335,0.0005606979005280595,0.0005606979005280595,-1.3225642140927505,0.5701127748923511,0.0,-0.427190035785463,0.008971166408448953,0.0,-0.1322564214092754
dephasing,0.16,1.0,10.0,phase_pi_over_2,phase_pi_over_2,False,stage1,43.26491890617804,43.26491890617804,0.0,False,False,False,0.0,0.0,0.5428439323491332,0.0,0.055633363671613346,0.5428439323491332,0.5428439323491332,0.5428439323491332,63,61,"[0.8, 0.0, 0.2]",43.5846277340636,-0.3197088278855631,0.0,True,interior,objective_worsens_clean_worsens,smooth,0.055633363671613346,0.021906954990232208,0.02426402986233034,0.0,-9.729632404505026,0.003095071153417988,0.003095071153417988,-3.0974698130775664,1.5528979111891417,0.0,-0.9729632404505022,0.04952113845468781,0.0,-0.30974698130775735
dephasing,0.16,1.0,20.0,phase_pi_over_2,phase_pi_over_2,False,stage1,43.26491890617804,43.26491890617804,0.0,False,False,False,0.0,0.0,0.5428439323491332,0.0,0.12017965778300681,0.5428439323491332,0.5428439323491332,0.5428439323491332,63,61,"[0.8, 0.2, 0.0]",45.10641221329272,-1.841493307114682,0.0,True,interior,objective_worsens_clean_worsens,smooth,0.12017965778300681,0.05799758072730876,0.06633098894771788,0.0,-19.725679868503192,0.014443150144840627,0.014443150144840627,-6.622124010063942,4.245183292653945,0.0,-1.9725679868503185,0.23109040231745004,0.0,-0.6622124010063946
dephasing,0.16,1.5,5.0,phase_pi_over_2,phase_pi_over_2,False,stage1,43.26491890617804,43.26491890617804,0.0,False,True,True,0.0,0.0,0.5428439323491332,0.0,0.011839530190510771,0.5428439323491332,0.5428439323491332,0.5428439323491332,66,63,"[0.9, 0.0, 0.1]",43.26259701703496,0.0023218891430758504,0.0,True,interior,objective_improves_clean_worsens,smooth,0.011839530190510771,0.0039589265195678625,0.0043138315787144,0.0,-2.1452169107827217,0.00014017447513201602,0.00014017447513201602,-0.6612821070463752,0.2760852210377216,0.0,-0.21452169107827146,0.0022427916021122564,0.0,-0.06612821070463859
dephasing,0.16,1.5,10.0,phase_pi_over_2,phase_pi_over_2,False,stage1,43.26491890617804,43.26491890617804,0.0,False,True,True,0.0,0.0,0.5428439323491332,0.0,0.027816681835806625,0.5428439323491332,0.5428439323491332,0.5428439323491332,66,63,"[0.9, 0.1, 0.0]",43.35806455485691,-0.09314564867887043,0.0,True,interior,objective_worsens_clean_worsens,smooth,0.027816681835806625,0.010362884339780054,0.011358247142810585,0.0,-4.91288962420802,0.0007737677883544942,0.0007737677883544942,-1.548734906538769,0.7269278171398774,0.0,-0.49128896242080167,0.012380284613671907,0.0,-0.1548734906538769
dephasing,0.16,1.5,20.0,phase_pi_over_2,phase_pi_over_2,False,stage1,43.26491890617804,43.26491890617804,0.0,True,True,True,0.0,0.0,0.5428439323491332,0.0,0.06008982889150345,0.5428439323491332,0.5428439323491332,0.5428439323491332,66,63,"[0.9, 0.0, 0.1]",43.87701724234213,-0.6120983361640882,0.0,True,interior,objective_worsens_clean_worsens,smooth,0.06008982889150345,0.026571769775350806,0.029554706937648778,0.0,-10.060693079216009,0.003610787536210163,0.003610787536210163,-3.311062005031971,1.8915012440095218,0.0,-1.0060693079216012,0.05777260057936261,0.0,-0.33110620050319817
dephasing,0.16,2.0,5.0,phase_pi_over_2,phase_pi_over_2,False,stage1,43.26491890617804,43.26491890617804,0.0,False,True,True,0.0,0.0,0.5428439323491332,0.0,0.011839530190510771,0.5428439323491332,0.5428439323491332,0.5428439323491332,66,63,"[0.9, 0.0, 0.1]",43.26259701703496,0.0023218891430758504,0.0,True,interior,objective_improves_clean_worsens,smooth,0.011839530190510771,0.0039589265195678625,0.0043138315787144,0.0,-2.1452169107827217,0.00014017447513201602,0.00014017447513201602,-0.6612821070463752,0.2760852210377216,0.0,-0.21452169107827146,0.0022427916021122564,0.0,-0.06612821070463859
dephasing,0.16,2.0,10.0,phase_pi_over_2,phase_pi_over_2,False,stage1,43.26491890617804,43.26491890617804,0.0,False,True,True,0.0,0.0,0.5428439323491332,0.0,0.027816681835806625,0.5428439323491332,0.5428439323491332,0.5428439323491332,66,63,"[0.9, 0.1, 0.0]",43.35806455485691,-0.09314564867887043,0.0,True,interior,objective_worsens_clean_worsens,smooth,0.027816681835806625,0.010362884339780054,0.011358247142810585,0.0,-4.91288962420802,0.0007737677883544942,0.0007737677883544942,-1.548734906538769,0.7269278171398774,0.0,-0.49128896242080167,0.012380284613671907,0.0,-0.1548734906538769
dephasing,0.16,2.0,20.0,phase_pi_over_2,phase_pi_over_2,False,stage1,43.26491890617804,43.26491890617804,0.0,True,True,True,0.0,0.0,0.5428439323491332,0.0,0.06008982889150345,0.5428439323491332,0.5428439323491332,0.5428439323491332,66,63,"[0.9, 0.0, 0.1]",43.87701724234213,-0.6120983361640882,0.0,True,interior,objective_worsens_clean_worsens,smooth,0.06008982889150345,0.026571769775350806,0.029554706937648778,0.0,-10.060693079216009,0.003610787536210163,0.003610787536210163,-3.311062005031971,1.8915012440095218,0.0,-1.0060693079216012,0.05777260057936261,0.0,-0.33110620050319817
