noise_kind,noise_strength,cases,stage2_applied_rate,stage2_candidate_improvement_rate,recovered_admissible_rate,mean_stage1_objective,mean_final_objective,mean_stage2_candidate_objective_gain_vs_stage1,mean_stage2_applied_objective_gain_vs_stage1,mean_clean_to_stage1_distance,mean_clean_to_final_distance,mean_stage2_clean_distance_delta_vs_stage1,stage2_clean_nonworsen_rate,stage2_helpful_tradeoff_rate,corr_gain_vs_clean_delta,corr_gain_vs_obs_fit_delta,corr_gain_vs_ref_anchor_delta,corr_gain_vs_phi_ref_delta,corr_gain_vs_clock_delta,corr_gain_vs_smooth_delta
bitflip,0.02,9,0.0,0.6666666666666666,0.7777777777777778,24.824952802531786,24.824952802531786,0.8864390751869612,0.0,0.039465100635035506,0.039465100635035506,0.08642102232067991,0.3333333333333333,0.0,0.9998955598296893,0.9984421509791848,0.9909044215648691,0.9909044215648691,-0.999730065094983,-0.9990928188274143
bitflip,0.05,9,0.0,0.6666666666666666,0.7777777777777778,29.704734414440292,29.704734414440292,0.6946338794544561,0.0,0.039465100635035506,0.039465100635035506,0.07714879504207778,0.3333333333333333,0.0,0.9515388416796469,0.8834408885728685,0.9292506451492124,0.9292506451492125,-0.9542494798173525,-0.9624129282243813
bitflip,0.08,9,0.0,0.6666666666666666,0.7777777777777778,38.724088950028815,38.724088950028815,0.5170671588617629,0.0,0.039465100635035506,0.039465100635035506,0.06379549973285478,0.3333333333333333,0.0,0.9220392838165729,0.8351292425128338,0.850988386665769,0.8509883866657689,-0.9241740622632613,-0.9317741254518783
bitflip,0.12,9,0.0,1.0,0.7777777777777778,57.18923065653803,57.18923065653803,0.3313638963458432,0.0,0.039465100635035506,0.039465100635035506,0.05057676239074903,0.3333333333333333,0.3333333333333333,0.6217935326151799,0.4074465365812382,0.47475433591423316,0.36853448703214026,-0.6273034340646979,-0.6485330191481041
bitflip,0.16,9,0.0,0.8888888888888888,0.7777777777777778,83.01361311625628,83.01361311625628,0.16650468979599176,0.0,0.039465100635035506,0.039465100635035506,0.046630252327245464,0.3333333333333333,0.3333333333333333,0.17468922727692943,-0.061903519368363816,0.05178900046355771,-0.11835505983313688,-0.18122078885488288,-0.2056051619838585
dephasing,0.02,9,0.0,0.6666666666666666,0.7777777777777778,24.27750485428771,24.27750485428771,0.754020421120727,0.0,0.039465100635035506,0.039465100635035506,0.07714879504207771,0.3333333333333333,0.0,0.9858287139755575,0.9696389202337371,0.9726598414704999,0.9726598414704997,-0.9872887066045134,-0.9914314380429703
dephasing,0.05,9,0.0,1.0,0.7777777777777778,25.991518696594436,25.991518696594436,0.41948806872363303,0.0,0.039465100635035506,0.039465100635035506,0.046630252327245464,0.3333333333333333,0.3333333333333333,0.8799297904001065,0.821602814413501,0.7968973553057999,0.6168487536737618,-0.8826152773927664,-0.8931610030028184
dephasing,0.08,9,0.0,0.8888888888888888,0.7777777777777778,29.031590445898374,29.031590445898374,0.20922131934950666,0.0,0.039465100635035506,0.039465100635035506,0.029465004921636194,0.3333333333333333,0.3333333333333333,-0.21700302482705133,-0.30517987900093324,-0.33623407323899,-0.8446781996161233,0.21185414788330853,0.19071760937985255
dephasing,0.12,9,0.0,0.6666666666666666,0.6666666666666666,35.01389192930652,35.01389192930652,-0.09227781340390745,0.0,0.0,0.0,0.05090909051375957,0.0,0.0,-0.9700918005484185,-0.9854266653677226,-0.9840727660020584,-0.9840727660020584,0.96907320698928,0.9633460905730454
dephasing,0.16,9,0.0,0.2222222222222222,0.6666666666666666,43.26491890617804,43.26491890617804,-0.3985204233895645,0.0,0.0,0.0,0.044331573741253696,0.0,0.0,-0.9730519101457958,-0.9889212179680004,-0.99072390270487,-0.99072390270487,0.9722127937952308,0.9669060210763165
phaseflip,0.02,9,0.0,1.0,0.7777777777777778,25.272840981714715,25.272840981714715,0.5080430483371146,0.0,0.039465100635035506,0.039465100635035506,0.07320228497857421,0.3333333333333333,0.3333333333333333,0.954748701085745,0.9308224754621298,0.9386068101981451,0.9303783260238364,-0.9571424973229419,-0.9643258239047543
phaseflip,0.05,9,0.0,0.8888888888888888,0.6666666666666666,31.772417045535505,31.772417045535505,0.08876353879444762,0.0,0.0,0.0,0.0649835954931682,0.0,0.0,-0.9363379343828865,-0.9697702550579621,-0.9354186928315203,-0.9354186928315221,0.9310648984877714,0.9078081799516938
phaseflip,0.08,9,0.0,0.2222222222222222,0.6666666666666666,43.26491890617803,43.26491890617803,-0.39852042338956295,0.0,0.0,0.0,0.044331573741253696,0.0,0.0,-0.9730519101457954,-0.9889212179680003,-0.99072390270487,-0.99072390270487,0.9722127937952303,0.9669060210763155
phaseflip,0.12,9,0.0,0.0,0.6666666666666666,66.83928169723964,66.83928169723964,-0.9773941067243549,0.0,0.0,0.0,0.04433157374125369,0.0,0.0,-0.9893566250869483,-0.9972556312423496,-0.9832718714837767,-0.9832718714837767,0.9887529126210347,0.9851621891184072
phaseflip,0.16,9,0.0,0.0,0.6666666666666666,99.84338960472613,99.84338960472613,-1.5562677900591428,0.0,0.0,0.0,0.04433157374125371,0.0,0.0,-0.9934458867909985,-0.9988377503508439,-0.9783496129341083,-0.9783496129341083,0.9929328811969703,0.990001670030206
