syndrome_ambiguity_level,measurement_error_prob,reset_error_prob,cases,backend,code_count,noise_family_count,true_syndrome_mean_no_error_mean,observed_syndrome_mean_no_error_mean,syndrome_corruption_rate,syndrome_information_loss_mean,observed_syndrome_consistent_rate,true_syndrome_consistent_rate,partial_syndrome_case_rate,ambiguous_syndrome_case_rate,fid_gain_A_mean,fid_gain_A_std,fid_gain_A_median,fid_gain_A_p25,fid_gain_A_p75,nonworsen_rate_A,admissible_rate_A,logical_success_rate_A,false_safe_rate_A,false_safe_fidelity_rate_A,failure_boundary_rate_A,fid_gain_B_mean,fid_gain_B_std,fid_gain_B_median,fid_gain_B_p25,fid_gain_B_p75,nonworsen_rate_B,admissible_rate_B,logical_success_rate_B,false_safe_rate_B,false_safe_fidelity_rate_B,failure_boundary_rate_B,fid_gain_C1_mean,fid_gain_C1_std,fid_gain_C1_median,fid_gain_C1_p25,fid_gain_C1_p75,nonworsen_rate_C1,admissible_rate_C1,logical_success_rate_C1,false_safe_rate_C1,false_safe_fidelity_rate_C1,failure_boundary_rate_C1,fid_gain_C2_mean,fid_gain_C2_std,fid_gain_C2_median,fid_gain_C2_p25,fid_gain_C2_p75,nonworsen_rate_C2,admissible_rate_C2,logical_success_rate_C2,false_safe_rate_C2,false_safe_fidelity_rate_C2,failure_boundary_rate_C2,fid_gain_C3_mean,fid_gain_C3_std,fid_gain_C3_median,fid_gain_C3_p25,fid_gain_C3_p75,nonworsen_rate_C3,admissible_rate_C3,logical_success_rate_C3,false_safe_rate_C3,false_safe_fidelity_rate_C3,failure_boundary_rate_C3,fid_gain_C3R_mean,fid_gain_C3R_std,fid_gain_C3R_median,fid_gain_C3R_p25,fid_gain_C3R_p75,nonworsen_rate_C3R,admissible_rate_C3R,logical_success_rate_C3R,false_safe_rate_C3R,false_safe_fidelity_rate_C3R,failure_boundary_rate_C3R,decision_disagreement_rate_AB,decision_disagreement_rate_C1A,decision_disagreement_rate_C2A,decision_disagreement_rate_C3A,decision_disagreement_rate_C3RA,chosen_B_rate_C1,safe_case_retention_rate_C1,risky_case_capture_rate_C1,chosen_B_rate_C2,safe_case_retention_rate_C2,risky_case_capture_rate_C2,chosen_B_rate_C3,safe_case_retention_rate_C3,risky_case_capture_rate_C3,chosen_B_rate_C3R,safe_case_retention_rate_C3R,risky_case_capture_rate_C3R,veto_rate_C1,tie_break_rate_C1,weighted_score_switch_rate_C2,weighted_score_switch_rate_C3,weighted_score_switch_rate_C3R,veto_rate_C2,veto_rate_C3,veto_rate_C3R,tie_break_rate_C2,tie_break_rate_C3,tie_break_rate_C3R,c3r_gate_c2_switch_rate,c3r_gate_score_margin_rate,c3r_gate_leave_A_rate,c3r_gate_B_safe_rate,c3r_gate_uncertainty_rate,c3r_allow_B_rate,c3r_blocks_c2_switch_rate,c3r_prevented_harmful_switch_rate,c3r_missed_beneficial_switch_rate,c3r_prevented_harmful_switch_rate_given_block,c3r_missed_beneficial_switch_rate_given_block,c3r_score_margin_mean,c3r_structural_margin_mean,c3r_violation_A_mean,c3r_violation_B_mean,c3r_syndrome_uncertainty_mean,c3r_blocked_by_score_margin_count,c3r_blocked_by_leave_A_count,c3r_blocked_by_B_safe_count,c3r_blocked_by_uncertainty_count
0.0,0.0,0.0,180,qiskit_aer,1,3,0.8336490798611111,0.8336490798611111,0.0,0.0,0.37777777777777777,0.37777777777777777,0.0,0.0,0.1612624479166665,0.10509465938310672,0.1387499999999997,0.0945296874999999,0.1947843750000001,1.0,0.7388888888888889,0.7166666666666667,0.11666666666666667,0.0,0.1388888888888889,0.1719309805318433,0.1082297380082706,0.1508213103929545,0.06734631039295436,0.2359556853929543,1.0,1.0,0.0,0.0,0.0,0.37777777777777777,0.15716294832226754,0.10941141358668638,0.1443749999999997,0.06719567029471582,0.22484631039295444,1.0,1.0,0.34444444444444444,0.0,0.0,0.37777777777777777,0.15983342896371577,0.10649930440836793,0.14156249999999965,0.0900000000000003,0.22484631039295444,1.0,1.0,0.5111111111111111,0.0,0.0,0.2111111111111111,0.15983342896371577,0.10649930440836793,0.14156249999999965,0.0900000000000003,0.22484631039295444,1.0,1.0,0.5111111111111111,0.0,0.0,0.2111111111111111,0.15983342896371577,0.10649930440836793,0.14156249999999965,0.0900000000000003,0.22484631039295444,1.0,1.0,0.5111111111111111,0.0,0.0,0.2111111111111111,1.0,0.4666666666666667,0.2611111111111111,0.2611111111111111,0.2611111111111111,0.4666666666666667,0.5344827586206896,0.46875,0.2611111111111111,0.7931034482758621,0.359375,0.2611111111111111,0.7931034482758621,0.359375,0.2611111111111111,0.7931034482758621,0.359375,0.2611111111111111,0.20555555555555555,0.2611111111111111,0.2611111111111111,0.2611111111111111,0.2611111111111111,0.2611111111111111,0.0,0.0,0.0,0.0,0.2611111111111111,0.2611111111111111,1.0,1.0,1.0,0.2611111111111111,0.0,0.0,0.0,0.0,0.0,-0.31142685739292697,0.0032652469864733694,0.0032652469864733694,0.0,0.0,0,0,0,0
0.0,0.03,0.03,180,qiskit_aer,1,3,0.8336490798611111,0.6069344666280865,0.12962962962962962,0.0,0.05,0.37777777777777777,0.0,0.0,0.1612624479166665,0.10509465938310672,0.1387499999999997,0.0945296874999999,0.1947843750000001,1.0,0.7722222222222223,0.7166666666666667,0.016666666666666666,0.0,0.027777777777777776,0.1719309805318433,0.1082297380082706,0.1508213103929545,0.06734631039295436,0.2359556853929543,1.0,1.0,0.0,0.0,0.0,0.05,0.15844710156827763,0.10441335441365154,0.14156249999999965,0.0900000000000003,0.20849062499999976,1.0,1.0,0.5222222222222223,0.0,0.0,0.05,0.1584218852839506,0.10421933705149018,0.14156249999999965,0.0900000000000003,0.20849062499999976,1.0,1.0,0.5333333333333333,0.0,0.0,0.03888888888888889,0.1584218852839506,0.10421933705149018,0.14156249999999965,0.0900000000000003,0.20849062499999976,1.0,1.0,0.5333333333333333,0.0,0.0,0.03888888888888889,0.1584218852839506,0.10421933705149018,0.14156249999999965,0.0900000000000003,0.20849062499999976,1.0,1.0,0.5333333333333333,0.0,0.0,0.03888888888888889,1.0,0.24444444444444444,0.22777777777777777,0.22777777777777777,0.22777777777777777,0.24444444444444444,0.7401574803149606,0.20754716981132076,0.22777777777777777,0.7559055118110236,0.18867924528301888,0.22777777777777777,0.7559055118110236,0.18867924528301888,0.22777777777777777,0.7559055118110236,0.18867924528301888,0.22777777777777777,0.016666666666666666,0.22777777777777777,0.22777777777777777,0.22777777777777777,0.22777777777777777,0.22777777777777777,0.0,0.0,0.0,0.0,0.22777777777777777,0.22777777777777777,1.0,1.0,1.0,0.22777777777777777,0.0,0.0,0.0,0.0,0.0,-0.1513789108313766,0.0023002670636536916,0.0023002670636536916,0.0,0.06,0,0,0,0
0.0,0.05,0.05,180,qiskit_aer,1,3,0.8336490798611111,0.5505151186342593,0.22407407407407406,0.0,0.005555555555555556,0.37777777777777777,0.0,0.0,0.1612624479166665,0.10509465938310673,0.1387499999999997,0.0945296874999999,0.1947843750000001,1.0,0.7611111111111111,0.7166666666666667,0.005555555555555556,0.0,0.0,0.1719309805318433,0.1082297380082706,0.1508213103929545,0.06734631039295436,0.2359556853929543,1.0,1.0,0.0,0.0,0.0,0.005555555555555556,0.16047573317720565,0.10677733513031049,0.1443749999999996,0.0900000000000003,0.22484631039295444,1.0,1.0,0.5333333333333333,0.0,0.0,0.005555555555555556,0.16047573317720565,0.10677733513031049,0.1443749999999996,0.0900000000000003,0.22484631039295444,1.0,1.0,0.5333333333333333,0.0,0.0,0.005555555555555556,0.16047573317720565,0.10677733513031049,0.1443749999999996,0.0900000000000003,0.22484631039295444,1.0,1.0,0.5333333333333333,0.0,0.0,0.005555555555555556,0.16047573317720565,0.10677733513031049,0.1443749999999996,0.0900000000000003,0.22484631039295444,1.0,1.0,0.5333333333333333,0.0,0.0,0.005555555555555556,1.0,0.2388888888888889,0.2388888888888889,0.2388888888888889,0.2388888888888889,0.2388888888888889,0.75,0.21153846153846154,0.2388888888888889,0.75,0.21153846153846154,0.2388888888888889,0.75,0.21153846153846154,0.2388888888888889,0.75,0.21153846153846154,0.2388888888888889,0.0,0.2388888888888889,0.2388888888888889,0.2388888888888889,0.2388888888888889,0.2388888888888889,0.0,0.0,0.0,0.0,0.2388888888888889,0.2388888888888889,1.0,1.0,1.0,0.2388888888888889,0.0,0.0,0.0,0.0,0.0,-0.07273734061183765,0.002379420313922373,0.002379420313922373,0.0,0.1,0,0,0,0
0.0,0.1,0.1,180,qiskit_aer,1,3,0.8336490798611111,0.4632361014660494,0.3611111111111111,0.0,0.0,0.37777777777777777,0.0,0.0,0.1612624479166665,0.10509465938310672,0.1387499999999997,0.0945296874999999,0.1947843750000001,1.0,0.7555555555555555,0.7166666666666667,0.0,0.0,0.0,0.1719309805318433,0.1082297380082706,0.1508213103929545,0.06734631039295436,0.2359556853929543,1.0,1.0,0.0,0.0,0.0,0.0,0.1602526571238332,0.10715385217160163,0.1443749999999996,0.08955937500000014,0.22484631039295444,1.0,1.0,0.5222222222222223,0.0,0.0,0.0,0.1602526571238332,0.10715385217160163,0.1443749999999996,0.08955937500000014,0.22484631039295444,1.0,1.0,0.5222222222222223,0.0,0.0,0.0,0.1602526571238332,0.10715385217160163,0.1443749999999996,0.08955937500000014,0.22484631039295444,1.0,1.0,0.5222222222222223,0.0,0.0,0.0,0.1602526571238332,0.10715385217160163,0.1443749999999996,0.08955937500000014,0.22484631039295444,1.0,1.0,0.5222222222222223,0.0,0.0,0.0,1.0,0.24444444444444444,0.24444444444444444,0.24444444444444444,0.24444444444444444,0.24444444444444444,0.7286821705426356,0.17647058823529413,0.24444444444444444,0.7286821705426356,0.17647058823529413,0.24444444444444444,0.7286821705426356,0.17647058823529413,0.24444444444444444,0.7286821705426356,0.17647058823529413,0.24444444444444444,0.0,0.24444444444444444,0.24444444444444444,0.24444444444444444,0.24444444444444444,0.24444444444444444,0.0,0.0,0.0,0.0,0.24444444444444444,0.24444444444444444,1.0,1.0,1.0,0.24444444444444444,0.0,0.0,0.0,0.0,0.0,0.025652787665318727,0.0033920808274740368,0.0033920808274740368,0.0,0.2,0,0,0,0
0.25,0.0,0.0,180,qiskit_aer,1,3,0.8336490798611111,0.5639841162712191,0.2222222222222222,0.11111111111111113,0.022222222222222223,0.37777777777777777,0.0,0.9,0.1612624479166665,0.10509465938310675,0.1387499999999997,0.0945296874999999,0.1947843750000001,1.0,0.7333333333333333,0.7166666666666667,0.005555555555555556,0.0,0.022222222222222223,0.1719309805318433,0.1082297380082706,0.1508213103929545,0.06734631039295436,0.2359556853929543,1.0,1.0,0.0,0.0,0.0,0.022222222222222223,0.15983257513256552,0.10755134705982525,0.14156249999999965,0.0900000000000003,0.22484631039295444,1.0,1.0,0.5,0.0,0.0,0.022222222222222223,0.15983257513256552,0.10755134705982525,0.14156249999999965,0.0900000000000003,0.22484631039295444,1.0,1.0,0.5,0.0,0.0,0.022222222222222223,0.15983257513256552,0.10755134705982525,0.14156249999999965,0.0900000000000003,0.22484631039295444,1.0,1.0,0.5,0.0,0.0,0.022222222222222223,0.15983257513256552,0.10755134705982525,0.14156249999999965,0.0900000000000003,0.22484631039295444,1.0,1.0,0.5,0.0,0.0,0.022222222222222223,1.0,0.26666666666666666,0.26666666666666666,0.26666666666666666,0.26666666666666666,0.26666666666666666,0.6976744186046512,0.17647058823529413,0.26666666666666666,0.6976744186046512,0.17647058823529413,0.26666666666666666,0.6976744186046512,0.17647058823529413,0.26666666666666666,0.6976744186046512,0.17647058823529413,0.26666666666666666,0.0,0.26666666666666666,0.26666666666666666,0.26666666666666666,0.26666666666666666,0.26666666666666666,0.0,0.0,0.0,0.0,0.26666666666666666,0.26666666666666666,1.0,1.0,1.0,0.26666666666666666,0.0,0.0,0.0,0.0,0.0,-0.030650782694528558,0.002193889633366215,0.002193889633366215,0.0,0.36111111111111116,0,0,0,0
0.25,0.03,0.03,180,qiskit_aer,1,3,0.8336490798611111,0.5102025151909723,0.3111111111111111,0.11111111111111113,0.022222222222222223,0.37777777777777777,0.0,0.9,0.1612624479166665,0.10509465938310672,0.1387499999999997,0.0945296874999999,0.1947843750000001,1.0,0.7555555555555555,0.7166666666666667,0.005555555555555556,0.0,0.022222222222222223,0.1719309805318433,0.1082297380082706,0.1508213103929545,0.06734631039295436,0.2359556853929543,1.0,1.0,0.0,0.0,0.0,0.022222222222222223,0.1603637682349443,0.10596514817739515,0.14437499999999964,0.09000000000000027,0.22484631039295444,1.0,1.0,0.5277777777777778,0.0,0.0,0.022222222222222223,0.1603637682349443,0.10596514817739515,0.14437499999999964,0.09000000000000027,0.22484631039295444,1.0,1.0,0.5277777777777778,0.0,0.0,0.022222222222222223,0.1603637682349443,0.10596514817739515,0.14437499999999964,0.09000000000000027,0.22484631039295444,1.0,1.0,0.5277777777777778,0.0,0.0,0.022222222222222223,0.1603637682349443,0.10596514817739515,0.14437499999999964,0.09000000000000027,0.22484631039295444,1.0,1.0,0.5277777777777778,0.0,0.0,0.022222222222222223,1.0,0.24444444444444444,0.24444444444444444,0.24444444444444444,0.24444444444444444,0.24444444444444444,0.7364341085271318,0.19607843137254902,0.24444444444444444,0.7364341085271318,0.19607843137254902,0.24444444444444444,0.7364341085271318,0.19607843137254902,0.24444444444444444,0.7364341085271318,0.19607843137254902,0.24444444444444444,0.0,0.24444444444444444,0.24444444444444444,0.24444444444444444,0.24444444444444444,0.24444444444444444,0.0,0.0,0.0,0.0,0.24444444444444444,0.24444444444444444,1.0,1.0,1.0,0.24444444444444444,0.0,0.0,0.0,0.0,0.0,-0.021313626058195725,0.0019279158966539638,0.0019279158966539638,0.0,0.4211111111111112,0,0,0,0
0.25,0.05,0.05,180,qiskit_aer,1,3,0.8336490798611111,0.46843231843171296,0.3814814814814815,0.11111111111111113,0.0,0.37777777777777777,0.0,0.9,0.1612624479166665,0.10509465938310672,0.1387499999999997,0.0945296874999999,0.1947843750000001,1.0,0.7722222222222223,0.7166666666666667,0.0,0.0,0.0,0.1719309805318433,0.1082297380082706,0.1508213103929545,0.06734631039295436,0.2359556853929543,1.0,1.0,0.0,0.0,0.0,0.0,0.15989410750617283,0.1058503940895656,0.1443749999999996,0.08955937500000014,0.22484631039295444,1.0,1.0,0.5388888888888889,0.0,0.0,0.0,0.15989410750617283,0.1058503940895656,0.1443749999999996,0.08955937500000014,0.22484631039295444,1.0,1.0,0.5388888888888889,0.0,0.0,0.0,0.15989410750617283,0.1058503940895656,0.1443749999999996,0.08955937500000014,0.22484631039295444,1.0,1.0,0.5388888888888889,0.0,0.0,0.0,0.15989410750617283,0.1058503940895656,0.1443749999999996,0.08955937500000014,0.22484631039295444,1.0,1.0,0.5388888888888889,0.0,0.0,0.0,1.0,0.22777777777777777,0.22777777777777777,0.22777777777777777,0.22777777777777777,0.22777777777777777,0.751937984496124,0.17647058823529413,0.22777777777777777,0.751937984496124,0.17647058823529413,0.22777777777777777,0.751937984496124,0.17647058823529413,0.22777777777777777,0.751937984496124,0.17647058823529413,0.22777777777777777,0.0,0.22777777777777777,0.22777777777777777,0.22777777777777777,0.22777777777777777,0.22777777777777777,0.0,0.0,0.0,0.0,0.22777777777777777,0.22777777777777777,1.0,1.0,1.0,0.22777777777777777,0.0,0.0,0.0,0.0,0.0,-0.012876762629358059,0.0021686595015223964,0.0021686595015223964,0.0,0.46111111111111114,0,0,0,0
0.25,0.1,0.1,180,qiskit_aer,1,3,0.8336490798611111,0.3824098984857253,0.5111111111111111,0.11111111111111113,0.0,0.37777777777777777,0.0,0.9,0.1612624479166665,0.10509465938310672,0.1387499999999997,0.0945296874999999,0.1947843750000001,1.0,0.7666666666666667,0.7166666666666667,0.0,0.0,0.0,0.1719309805318433,0.1082297380082706,0.1508213103929545,0.06734631039295436,0.2359556853929543,1.0,1.0,0.0,0.0,0.0,0.0,0.15769880923057814,0.10530548387986581,0.1443749999999996,0.08955937500000014,0.20849062499999976,1.0,1.0,0.5222222222222223,0.0,0.0,0.0,0.15769880923057814,0.10530548387986581,0.1443749999999996,0.08955937500000014,0.20849062499999976,1.0,1.0,0.5222222222222223,0.0,0.0,0.0,0.15769880923057814,0.10530548387986581,0.1443749999999996,0.08955937500000014,0.20849062499999976,1.0,1.0,0.5222222222222223,0.0,0.0,0.0,0.15769880923057814,0.10530548387986581,0.1443749999999996,0.08955937500000014,0.20849062499999976,1.0,1.0,0.5222222222222223,0.0,0.0,0.0,1.0,0.23333333333333334,0.23333333333333334,0.23333333333333334,0.23333333333333334,0.23333333333333334,0.7286821705426356,0.13725490196078433,0.23333333333333334,0.7286821705426356,0.13725490196078433,0.23333333333333334,0.7286821705426356,0.13725490196078433,0.23333333333333334,0.7286821705426356,0.13725490196078433,0.23333333333333334,0.0,0.23333333333333334,0.23333333333333334,0.23333333333333334,0.23333333333333334,0.23333333333333334,0.0,0.0,0.0,0.0,0.23333333333333334,0.23333333333333334,1.0,1.0,1.0,0.23333333333333334,0.0,0.0,0.0,0.0,0.0,0.08425676842401354,0.0022766577520696514,0.0022766577520696514,0.0,0.5611111111111111,0,0,0,0
0.5,0.0,0.0,180,qiskit_aer,1,3,0.8336490798611111,0.4624480128761574,0.42777777777777776,0.2138888888888889,0.0,0.37777777777777777,0.0,1.0,0.16126244791666652,0.10509465938310672,0.1387499999999997,0.0945296874999999,0.1947843750000001,1.0,0.7333333333333333,0.7166666666666667,0.0,0.0,0.0,0.1719309805318433,0.1082297380082706,0.1508213103929545,0.06734631039295436,0.2359556853929543,1.0,1.0,0.0,0.0,0.0,0.0,0.16066590846589884,0.1068872568605662,0.14156249999999965,0.0900000000000003,0.22484631039295444,1.0,1.0,0.5111111111111111,0.0,0.0,0.0,0.16066590846589884,0.1068872568605662,0.14156249999999965,0.0900000000000003,0.22484631039295444,1.0,1.0,0.5111111111111111,0.0,0.0,0.0,0.16066590846589884,0.1068872568605662,0.14156249999999965,0.0900000000000003,0.22484631039295444,1.0,1.0,0.5111111111111111,0.0,0.0,0.0,0.16066590846589884,0.1068872568605662,0.14156249999999965,0.0900000000000003,0.22484631039295444,1.0,1.0,0.5111111111111111,0.0,0.0,0.0,1.0,0.26666666666666666,0.26666666666666666,0.26666666666666666,0.26666666666666666,0.26666666666666666,0.7131782945736435,0.21568627450980393,0.26666666666666666,0.7131782945736435,0.21568627450980393,0.26666666666666666,0.7131782945736435,0.21568627450980393,0.26666666666666666,0.7131782945736435,0.21568627450980393,0.26666666666666666,0.0,0.26666666666666666,0.26666666666666666,0.26666666666666666,0.26666666666666666,0.26666666666666666,0.0,0.0,0.0,0.0,0.26666666666666666,0.26666666666666666,1.0,1.0,1.0,0.26666666666666666,0.0,0.0,0.0,0.0,0.0,0.07088532070414669,0.0014611390322274644,0.0014611390322274644,0.0,0.7138888888888889,0,0,0,0
0.5,0.03,0.03,180,qiskit_aer,1,3,0.8336490798611111,0.41436687475887346,0.4962962962962963,0.2138888888888889,0.0,0.37777777777777777,0.0,1.0,0.16126244791666652,0.10509465938310672,0.1387499999999997,0.0945296874999999,0.19478437500000026,1.0,0.7444444444444445,0.7166666666666667,0.0,0.0,0.0,0.1719309805318433,0.1082297380082706,0.1508213103929545,0.06734631039295436,0.2359556853929543,1.0,1.0,0.0,0.0,0.0,0.0,0.1604731716837549,0.10833748306557967,0.14156249999999965,0.08955937500000014,0.22484631039295444,1.0,1.0,0.5166666666666667,0.0,0.0,0.0,0.1604731716837549,0.10833748306557967,0.14156249999999965,0.08955937500000014,0.22484631039295444,1.0,1.0,0.5166666666666667,0.0,0.0,0.0,0.1604731716837549,0.10833748306557967,0.14156249999999965,0.08955937500000014,0.22484631039295444,1.0,1.0,0.5166666666666667,0.0,0.0,0.0,0.1604731716837549,0.10833748306557967,0.14156249999999965,0.08955937500000014,0.22484631039295444,1.0,1.0,0.5166666666666667,0.0,0.0,0.0,1.0,0.25555555555555554,0.25555555555555554,0.25555555555555554,0.25555555555555554,0.25555555555555554,0.7209302325581395,0.19607843137254902,0.25555555555555554,0.7209302325581395,0.19607843137254902,0.25555555555555554,0.7209302325581395,0.19607843137254902,0.25555555555555554,0.7209302325581395,0.19607843137254902,0.25555555555555554,0.0,0.25555555555555554,0.25555555555555554,0.25555555555555554,0.25555555555555554,0.25555555555555554,0.0,0.0,0.0,0.0,0.25555555555555554,0.25555555555555554,1.0,1.0,0.9833333333333333,0.25555555555555554,0.0,0.0,0.0,0.0,0.0,0.09674423660177328,0.002167677432105057,0.002167677432105057,0.0,0.773888888888889,0,0,0,0
0.5,0.05,0.05,180,qiskit_aer,1,3,0.8336490798611111,0.3730831565875772,0.5592592592592592,0.2138888888888889,0.0,0.37777777777777777,0.0,1.0,0.1612624479166665,0.10509465938310672,0.1387499999999997,0.0945296874999999,0.1947843750000001,1.0,0.75,0.7166666666666667,0.0,0.0,0.0,0.1719309805318433,0.1082297380082706,0.1508213103929545,0.06734631039295436,0.2359556853929543,1.0,1.0,0.0,0.0,0.0,0.0,0.1597795810704607,0.10520551951824213,0.14156249999999965,0.0900000000000003,0.22484631039295444,1.0,1.0,0.5222222222222223,0.0,0.0,0.0,0.1597795810704607,0.10520551951824213,0.14156249999999965,0.0900000000000003,0.22484631039295444,1.0,1.0,0.5222222222222223,0.0,0.0,0.0,0.1597795810704607,0.10520551951824213,0.14156249999999965,0.0900000000000003,0.22484631039295444,1.0,1.0,0.5222222222222223,0.0,0.0,0.0,0.15894710156827763,0.10493248858051425,0.1387499999999997,0.0900000000000003,0.22484631039295444,1.0,0.9944444444444445,0.5222222222222223,0.0,0.0,0.0,1.0,0.25,0.25,0.25,0.24444444444444444,0.25,0.7286821705426356,0.19607843137254902,0.25,0.7286821705426356,0.19607843137254902,0.25,0.7286821705426356,0.19607843137254902,0.24444444444444444,0.7286821705426356,0.17647058823529413,0.25,0.0,0.25,0.25,0.24444444444444444,0.25,0.25,0.005555555555555556,0.0,0.0,0.0,0.25,0.25,1.0,1.0,0.9833333333333333,0.24444444444444444,0.005555555555555556,0.0,0.005555555555555556,0.0,1.0,0.12691684365886627,0.0031165445672357286,0.0031165445672357286,0.0,0.813888888888889,0,0,0,1
0.5,0.1,0.1,180,qiskit_aer,1,3,0.8336490798611111,0.3064506647858796,0.6537037037037037,0.2138888888888889,0.0,0.37777777777777777,0.0,1.0,0.1612624479166665,0.10509465938310672,0.1387499999999997,0.0945296874999999,0.1947843750000001,1.0,0.7611111111111111,0.7166666666666667,0.0,0.0,0.0,0.1719309805318433,0.1082297380082706,0.1508213103929545,0.06734631039295436,0.2359556853929543,1.0,1.0,0.0,0.0,0.0,0.0,0.15753128873276123,0.10557686064347302,0.13805937499999976,0.08955937500000014,0.20849062499999976,1.0,1.0,0.5166666666666667,0.0,0.0,0.0,0.15753128873276123,0.10557686064347302,0.13805937499999976,0.08955937500000014,0.20849062499999976,1.0,1.0,0.5166666666666667,0.0,0.0,0.0,0.15753128873276123,0.10557686064347302,0.13805937499999976,0.08955937500000014,0.20849062499999976,1.0,1.0,0.5166666666666667,0.0,0.0,0.0,0.1570607741728395,0.10587908107133492,0.13805937499999976,0.08767187499999998,0.20849062499999976,1.0,0.9888888888888889,0.5166666666666667,0.0,0.0,0.0,1.0,0.2388888888888889,0.2388888888888889,0.2388888888888889,0.22777777777777777,0.2388888888888889,0.7209302325581395,0.13725490196078433,0.2388888888888889,0.7209302325581395,0.13725490196078433,0.2388888888888889,0.7209302325581395,0.13725490196078433,0.22777777777777777,0.7209302325581395,0.09803921568627451,0.2388888888888889,0.0,0.2388888888888889,0.2388888888888889,0.22777777777777777,0.2388888888888889,0.2388888888888889,0.011111111111111112,0.0,0.0,0.0,0.2388888888888889,0.2388888888888889,1.0,1.0,0.9333333333333333,0.22777777777777777,0.011111111111111112,0.0,0.011111111111111112,0.0,1.0,0.17132711323330432,0.0016732142704675157,0.0016732142704675157,0.0,0.9138888888888889,0,0,0,2
0.75,0.0,0.0,180,qiskit_aer,1,3,0.8336490798611111,0.3334279460841049,0.7111111111111111,0.35555555555555557,0.0,0.37777777777777777,0.0,1.0,0.1612624479166665,0.10509465938310672,0.1387499999999997,0.0945296874999999,0.1947843750000001,1.0,0.75,0.7166666666666667,0.0,0.0,0.0,0.1719309805318433,0.1082297380082706,0.1508213103929545,0.06734631039295436,0.2359556853929543,1.0,1.0,0.0,0.0,0.0,0.0,0.1592795810704607,0.10482942711776275,0.13805937499999976,0.09274687499999978,0.22484631039295444,1.0,1.0,0.5222222222222223,0.0,0.0,0.0,0.1592795810704607,0.10482942711776275,0.13805937499999976,0.09274687499999978,0.22484631039295444,1.0,1.0,0.5222222222222223,0.0,0.0,0.0,0.1592795810704607,0.10482942711776275,0.13805937499999976,0.09274687499999978,0.22484631039295444,1.0,1.0,0.5222222222222223,0.0,0.0,0.0,0.1620949274188496,0.10564016110724574,0.1387499999999997,0.0945296874999999,0.20849062499999976,1.0,0.7555555555555555,0.7166666666666667,0.0,0.0,0.0,1.0,0.25,0.25,0.25,0.005555555555555556,0.25,0.7286821705426356,0.19607843137254902,0.25,0.7286821705426356,0.19607843137254902,0.25,0.7286821705426356,0.19607843137254902,0.005555555555555556,1.0,0.0196078431372549,0.25,0.0,0.25,0.25,0.005555555555555556,0.25,0.25,0.24444444444444444,0.0,0.0,0.0,0.25,0.25,1.0,1.0,0.016666666666666666,0.005555555555555556,0.24444444444444444,0.19444444444444445,0.05,0.7954545454545454,0.20454545454545456,0.16657205415804058,0.0014241342943849,0.0014241342943849,0.0,1.1055555555555556,0,0,0,44
0.75,0.03,0.03,180,qiskit_aer,1,3,0.8336490798611111,0.2987513604359568,0.75,0.35555555555555557,0.0,0.37777777777777777,0.0,1.0,0.1612624479166665,0.10509465938310672,0.1387499999999997,0.0945296874999999,0.1947843750000001,1.0,0.7555555555555555,0.7166666666666667,0.0,0.0,0.0,0.1719309805318433,0.1082297380082706,0.1508213103929545,0.06734631039295436,0.2359556853929543,1.0,1.0,0.0,0.0,0.0,0.0,0.1588359904571665,0.10573107347294244,0.1443749999999996,0.08767187499999998,0.22484631039295444,1.0,1.0,0.5166666666666667,0.0,0.0,0.0,0.1588359904571665,0.10573107347294244,0.1443749999999996,0.08767187499999998,0.22484631039295444,1.0,1.0,0.5166666666666667,0.0,0.0,0.0,0.1588359904571665,0.10573107347294244,0.1443749999999996,0.08767187499999998,0.22484631039295444,1.0,1.0,0.5166666666666667,0.0,0.0,0.0,0.1612624479166665,0.10509465938310672,0.1387499999999997,0.0945296874999999,0.1947843750000001,1.0,0.7555555555555555,0.7166666666666667,0.0,0.0,0.0,1.0,0.24444444444444444,0.24444444444444444,0.24444444444444444,0.0,0.24444444444444444,0.7209302325581395,0.1568627450980392,0.24444444444444444,0.7209302325581395,0.1568627450980392,0.24444444444444444,0.7209302325581395,0.1568627450980392,0.0,1.0,0.0,0.24444444444444444,0.0,0.24444444444444444,0.24444444444444444,0.0,0.24444444444444444,0.24444444444444444,0.24444444444444444,0.0,0.0,0.0,0.24444444444444444,0.24444444444444444,1.0,1.0,0.0,0.0,0.24444444444444444,0.2,0.044444444444444446,0.8181818181818182,0.18181818181818182,0.19013752869043782,0.0027721741759158644,0.0027721741759158644,0.0,1.1655555555555557,0,0,0,44
0.75,0.05,0.05,180,qiskit_aer,1,3,0.8336490798611111,0.26814265576774693,0.7925925925925926,0.35555555555555557,0.0,0.37777777777777777,0.0,1.0,0.1612624479166665,0.10509465938310672,0.1387499999999997,0.0945296874999999,0.1947843750000001,1.0,0.7555555555555555,0.7166666666666667,0.0,0.0,0.0,0.1719309805318433,0.1082297380082706,0.1508213103929545,0.06734631039295436,0.2359556853929543,1.0,1.0,0.0,0.0,0.0,0.0,0.1603359904571665,0.10703624052440792,0.14156249999999965,0.0900000000000003,0.22484631039295444,1.0,1.0,0.5277777777777778,0.0,0.0,0.0,0.1603359904571665,0.10703624052440792,0.14156249999999965,0.0900000000000003,0.22484631039295444,1.0,1.0,0.5277777777777778,0.0,0.0,0.0,0.1603359904571665,0.10703624052440792,0.14156249999999965,0.0900000000000003,0.22484631039295444,1.0,1.0,0.5277777777777778,0.0,0.0,0.0,0.1612624479166665,0.10509465938310672,0.1387499999999997,0.0945296874999999,0.1947843750000001,1.0,0.7555555555555555,0.7166666666666667,0.0,0.0,0.0,1.0,0.24444444444444444,0.24444444444444444,0.24444444444444444,0.0,0.24444444444444444,0.7364341085271318,0.19607843137254902,0.24444444444444444,0.7364341085271318,0.19607843137254902,0.24444444444444444,0.7364341085271318,0.19607843137254902,0.0,1.0,0.0,0.24444444444444444,0.0,0.24444444444444444,0.24444444444444444,0.0,0.24444444444444444,0.24444444444444444,0.24444444444444444,0.0,0.0,0.0,0.24444444444444444,0.24444444444444444,1.0,1.0,0.0,0.0,0.24444444444444444,0.18888888888888888,0.05555555555555555,0.7727272727272727,0.22727272727272727,0.2207462333650009,0.003026271116237142,0.003026271116237142,0.0,1.2055555555555557,0,0,0,44
0.75,0.1,0.1,180,qiskit_aer,1,3,0.8336490798611111,0.22317443479938273,0.8462962962962963,0.35555555555555557,0.0,0.37777777777777777,0.0,1.0,0.1612624479166665,0.10509465938310672,0.1387499999999997,0.0945296874999999,0.1947843750000001,1.0,0.75,0.7166666666666667,0.0,0.0,0.0,0.1719309805318433,0.1082297380082706,0.1508213103929545,0.06734631039295436,0.2359556853929543,1.0,1.0,0.0,0.0,0.0,0.0,0.1603073588482385,0.10543029694598251,0.14156249999999965,0.0900000000000003,0.22484631039295444,1.0,1.0,0.5277777777777778,0.0,0.0,0.0,0.1603073588482385,0.10543029694598251,0.14156249999999965,0.0900000000000003,0.22484631039295444,1.0,1.0,0.5277777777777778,0.0,0.0,0.0,0.1603073588482385,0.10543029694598251,0.14156249999999965,0.0900000000000003,0.22484631039295444,1.0,1.0,0.5277777777777778,0.0,0.0,0.0,0.1612624479166665,0.10509465938310672,0.1387499999999997,0.0945296874999999,0.1947843750000001,1.0,0.75,0.7166666666666667,0.0,0.0,0.0,1.0,0.25,0.25,0.25,0.0,0.25,0.7364341085271318,0.21568627450980393,0.25,0.7364341085271318,0.21568627450980393,0.25,0.7364341085271318,0.21568627450980393,0.0,1.0,0.0,0.25,0.0,0.25,0.25,0.0,0.25,0.25,0.25,0.0,0.0,0.0,0.25,0.25,1.0,1.0,0.0,0.0,0.25,0.18888888888888888,0.06111111111111111,0.7555555555555555,0.24444444444444444,0.2768255654476052,0.0005618719035234085,0.0005618719035234085,0.0,1.3055555555555556,0,0,0,45
1.0,0.0,0.0,180,qiskit_aer,1,3,0.8336490798611111,0.18256566502700616,1.0,0.5,0.0,0.37777777777777777,0.0,1.0,0.1612624479166665,0.10509465938310672,0.1387499999999997,0.0945296874999999,0.1947843750000001,1.0,0.7611111111111111,0.7166666666666667,0.0,0.0,0.0,0.1719309805318433,0.1082297380082706,0.1508213103929545,0.06734631039295436,0.2359556853929543,1.0,1.0,0.0,0.0,0.0,0.0,0.16008684428831677,0.10558195860628877,0.14437499999999964,0.09206015624999991,0.22484631039295444,1.0,1.0,0.5333333333333333,0.0,0.0,0.0,0.16008684428831677,0.10558195860628877,0.14437499999999964,0.09206015624999991,0.22484631039295444,1.0,1.0,0.5333333333333333,0.0,0.0,0.0,0.16008684428831677,0.10558195860628877,0.14437499999999964,0.09206015624999991,0.22484631039295444,1.0,1.0,0.5333333333333333,0.0,0.0,0.0,0.1612624479166665,0.10509465938310672,0.1387499999999997,0.0945296874999999,0.1947843750000001,1.0,0.7611111111111111,0.7166666666666667,0.0,0.0,0.0,1.0,0.2388888888888889,0.2388888888888889,0.2388888888888889,0.0,0.2388888888888889,0.7441860465116279,0.19607843137254902,0.2388888888888889,0.7441860465116279,0.19607843137254902,0.2388888888888889,0.7441860465116279,0.19607843137254902,0.0,1.0,0.0,0.2388888888888889,0.0,0.2388888888888889,0.2388888888888889,0.0,0.2388888888888889,0.2388888888888889,0.2388888888888889,0.0,0.0,0.0,0.2388888888888889,0.2388888888888889,1.0,1.0,0.0,0.0,0.2388888888888889,0.18333333333333332,0.05555555555555555,0.7674418604651163,0.23255813953488372,0.295212112992005,0.0005881069466403069,0.0005881069466403069,0.0,1.5,0,0,0,43
1.0,0.03,0.03,180,qiskit_aer,1,3,0.8336490798611111,0.16651018566743828,1.0,0.5,0.0,0.37777777777777777,0.0,1.0,0.16126244791666652,0.10509465938310672,0.1387499999999997,0.0945296874999999,0.1947843750000001,1.0,0.75,0.7166666666666667,0.0,0.0,0.0,0.1719309805318433,0.1082297380082706,0.1508213103929545,0.06734631039295436,0.2359556853929543,1.0,1.0,0.0,0.0,0.0,0.0,0.1601684699593496,0.10727438310498377,0.1443749999999996,0.0900000000000003,0.22484631039295444,1.0,1.0,0.5222222222222223,0.0,0.0,0.0,0.1601684699593496,0.10727438310498377,0.1443749999999996,0.0900000000000003,0.22484631039295444,1.0,1.0,0.5222222222222223,0.0,0.0,0.0,0.1601684699593496,0.10727438310498377,0.1443749999999996,0.0900000000000003,0.22484631039295444,1.0,1.0,0.5222222222222223,0.0,0.0,0.0,0.16126244791666652,0.10509465938310672,0.1387499999999997,0.0945296874999999,0.1947843750000001,1.0,0.75,0.7166666666666667,0.0,0.0,0.0,1.0,0.25,0.25,0.25,0.0,0.25,0.7286821705426356,0.19607843137254902,0.25,0.7286821705426356,0.19607843137254902,0.25,0.7286821705426356,0.19607843137254902,0.0,1.0,0.0,0.25,0.0,0.25,0.25,0.0,0.25,0.25,0.25,0.0,0.0,0.0,0.25,0.25,1.0,1.0,0.0,0.0,0.25,0.19444444444444445,0.05555555555555555,0.7777777777777778,0.2222222222222222,0.3334898145781664,0.001086553210218052,0.001086553210218052,0.0,1.56,0,0,0,45
1.0,0.05,0.05,180,qiskit_aer,1,3,0.8336490798611111,0.15225886574074074,1.0,0.5,0.0,0.37777777777777777,0.0,1.0,0.1612624479166665,0.10509465938310672,0.1387499999999997,0.0945296874999999,0.19478437499999993,1.0,0.7555555555555555,0.7166666666666667,0.0,0.0,0.0,0.1719309805318433,0.1082297380082706,0.1508213103929545,0.06734631039295436,0.2359556853929543,1.0,1.0,0.0,0.0,0.0,0.0,0.1588359904571665,0.10647962703314365,0.1443749999999996,0.08955937500000014,0.22484631039295444,1.0,1.0,0.5166666666666667,0.0,0.0,0.0,0.1588359904571665,0.10647962703314365,0.1443749999999996,0.08955937500000014,0.22484631039295444,1.0,1.0,0.5166666666666667,0.0,0.0,0.0,0.1588359904571665,0.10647962703314365,0.1443749999999996,0.08955937500000014,0.22484631039295444,1.0,1.0,0.5166666666666667,0.0,0.0,0.0,0.1612624479166665,0.10509465938310672,0.1387499999999997,0.0945296874999999,0.19478437499999993,1.0,0.7555555555555555,0.7166666666666667,0.0,0.0,0.0,1.0,0.24444444444444444,0.24444444444444444,0.24444444444444444,0.0,0.24444444444444444,0.7209302325581395,0.1568627450980392,0.24444444444444444,0.7209302325581395,0.1568627450980392,0.24444444444444444,0.7209302325581395,0.1568627450980392,0.0,1.0,0.0,0.24444444444444444,0.0,0.24444444444444444,0.24444444444444444,0.0,0.24444444444444444,0.24444444444444444,0.24444444444444444,0.0,0.0,0.0,0.24444444444444444,0.24444444444444444,1.0,1.0,0.0,0.0,0.24444444444444444,0.2,0.044444444444444446,0.8181818181818182,0.18181818181818182,0.3366300233865596,0.002074768510038551,0.002074768510038551,0.0,1.6,0,0,0,44
1.0,0.1,0.1,180,qiskit_aer,1,3,0.8336490798611111,0.13519666811342593,1.0,0.5,0.0,0.37777777777777777,0.0,1.0,0.1612624479166665,0.10509465938310672,0.1387499999999997,0.0945296874999999,0.19478437499999993,1.0,0.7444444444444445,0.7166666666666667,0.0,0.0,0.0,0.1719309805318433,0.1082297380082706,0.1508213103929545,0.06734631039295436,0.2359556853929543,1.0,1.0,0.0,0.0,0.0,0.0,0.16144539390597712,0.10745911480730329,0.14437499999999964,0.09000000000000027,0.22484631039295444,1.0,1.0,0.5222222222222223,0.0,0.0,0.0,0.16144539390597712,0.10745911480730329,0.14437499999999964,0.09000000000000027,0.22484631039295444,1.0,1.0,0.5222222222222223,0.0,0.0,0.0,0.16144539390597712,0.10745911480730329,0.14437499999999964,0.09000000000000027,0.22484631039295444,1.0,1.0,0.5222222222222223,0.0,0.0,0.0,0.1612624479166665,0.10509465938310672,0.1387499999999997,0.0945296874999999,0.19478437499999993,1.0,0.7444444444444445,0.7166666666666667,0.0,0.0,0.0,1.0,0.25555555555555554,0.25555555555555554,0.25555555555555554,0.0,0.25555555555555554,0.7286821705426356,0.21568627450980393,0.25555555555555554,0.7286821705426356,0.21568627450980393,0.25555555555555554,0.7286821705426356,0.21568627450980393,0.0,1.0,0.0,0.25555555555555554,0.0,0.25555555555555554,0.25555555555555554,0.0,0.25555555555555554,0.25555555555555554,0.25555555555555554,0.0,0.0,0.0,0.25555555555555554,0.25555555555555554,1.0,1.0,0.0,0.0,0.25555555555555554,0.19444444444444445,0.06111111111111111,0.7608695652173914,0.2391304347826087,0.37591444324896206,0.0033665401481203405,0.0033665401481203405,0.0,1.7000000000000002,0,0,0,46
