code_family,noise_family,syndrome_observation_ratio,syndrome_noise_prob,cases,backend,code_count,noise_family_count,true_syndrome_mean_no_error_mean,observed_syndrome_mean_no_error_mean,syndrome_corruption_rate,syndrome_information_loss_mean,observed_syndrome_consistent_rate,true_syndrome_consistent_rate,partial_syndrome_case_rate,ambiguous_syndrome_case_rate,fid_gain_A_mean,fid_gain_A_std,fid_gain_A_median,fid_gain_A_p25,fid_gain_A_p75,nonworsen_rate_A,admissible_rate_A,logical_success_rate_A,false_safe_rate_A,false_safe_fidelity_rate_A,failure_boundary_rate_A,fid_gain_B_mean,fid_gain_B_std,fid_gain_B_median,fid_gain_B_p25,fid_gain_B_p75,nonworsen_rate_B,admissible_rate_B,logical_success_rate_B,false_safe_rate_B,false_safe_fidelity_rate_B,failure_boundary_rate_B,fid_gain_C1_mean,fid_gain_C1_std,fid_gain_C1_median,fid_gain_C1_p25,fid_gain_C1_p75,nonworsen_rate_C1,admissible_rate_C1,logical_success_rate_C1,false_safe_rate_C1,false_safe_fidelity_rate_C1,failure_boundary_rate_C1,fid_gain_C2_mean,fid_gain_C2_std,fid_gain_C2_median,fid_gain_C2_p25,fid_gain_C2_p75,nonworsen_rate_C2,admissible_rate_C2,logical_success_rate_C2,false_safe_rate_C2,false_safe_fidelity_rate_C2,failure_boundary_rate_C2,fid_gain_C3_mean,fid_gain_C3_std,fid_gain_C3_median,fid_gain_C3_p25,fid_gain_C3_p75,nonworsen_rate_C3,admissible_rate_C3,logical_success_rate_C3,false_safe_rate_C3,false_safe_fidelity_rate_C3,failure_boundary_rate_C3,fid_gain_C3R_mean,fid_gain_C3R_std,fid_gain_C3R_median,fid_gain_C3R_p25,fid_gain_C3R_p75,nonworsen_rate_C3R,admissible_rate_C3R,logical_success_rate_C3R,false_safe_rate_C3R,false_safe_fidelity_rate_C3R,failure_boundary_rate_C3R,decision_disagreement_rate_AB,decision_disagreement_rate_C1A,decision_disagreement_rate_C2A,decision_disagreement_rate_C3A,decision_disagreement_rate_C3RA,chosen_B_rate_C1,safe_case_retention_rate_C1,risky_case_capture_rate_C1,chosen_B_rate_C2,safe_case_retention_rate_C2,risky_case_capture_rate_C2,chosen_B_rate_C3,safe_case_retention_rate_C3,risky_case_capture_rate_C3,chosen_B_rate_C3R,safe_case_retention_rate_C3R,risky_case_capture_rate_C3R,veto_rate_C1,tie_break_rate_C1,weighted_score_switch_rate_C2,weighted_score_switch_rate_C3,weighted_score_switch_rate_C3R,veto_rate_C2,veto_rate_C3,veto_rate_C3R,tie_break_rate_C2,tie_break_rate_C3,tie_break_rate_C3R,c3r_gate_c2_switch_rate,c3r_gate_score_margin_rate,c3r_gate_leave_A_rate,c3r_gate_B_safe_rate,c3r_gate_uncertainty_rate,c3r_allow_B_rate,c3r_blocks_c2_switch_rate,c3r_prevented_harmful_switch_rate,c3r_missed_beneficial_switch_rate,c3r_prevented_harmful_switch_rate_given_block,c3r_missed_beneficial_switch_rate_given_block,c3r_score_margin_mean,c3r_structural_margin_mean,c3r_violation_A_mean,c3r_violation_B_mean,c3r_syndrome_uncertainty_mean,c3r_blocked_by_score_margin_count,c3r_blocked_by_leave_A_count,c3r_blocked_by_B_safe_count,c3r_blocked_by_uncertainty_count
bitflip,bitflip,1.0,0.0,240,qiskit_aer,1,1,0.8156382206666667,0.8156382206666667,0.0,0.0,0.375,0.375,0.0,0.0,0.1843617793333332,0.14803858181474694,0.14624999999999982,0.056149999999999756,0.28192499999999987,1.0,0.008333333333333333,1.0,0.375,0.0,0.0,0.1843617793333332,0.14803858181474694,0.14624999999999982,0.056149999999999756,0.28192499999999987,1.0,1.0,1.0,0.0,0.0,0.0,0.1843617793333332,0.14803858181474694,0.14624999999999982,0.056149999999999756,0.28192499999999987,1.0,1.0,1.0,0.0,0.0,0.0,0.1843617793333332,0.14803858181474694,0.14624999999999982,0.056149999999999756,0.28192499999999987,1.0,1.0,1.0,0.0,0.0,0.0,0.1843617793333332,0.14803858181474694,0.14624999999999982,0.056149999999999756,0.28192499999999987,1.0,1.0,1.0,0.0,0.0,0.0,0.1843617793333332,0.14803858181474694,0.14624999999999982,0.056149999999999756,0.28192499999999987,1.0,1.0,1.0,0.0,0.0,0.0,0.9916666666666667,0.9916666666666667,0.9916666666666667,0.9916666666666667,0.9916666666666667,0.9916666666666667,0.013333333333333334,1.0,0.9916666666666667,0.013333333333333334,1.0,0.9916666666666667,0.013333333333333334,1.0,0.9916666666666667,0.013333333333333334,1.0,0.9916666666666667,0.0,0.9916666666666667,0.9916666666666667,0.9916666666666667,0.9916666666666667,0.9916666666666667,0.0,0.0,0.0,0.0,0.9916666666666667,0.9916666666666667,1.0,1.0,1.0,0.9916666666666667,0.0,0.0,0.0,0.0,0.0,1.1676951127316941,0.31666666666666665,0.31666666666666665,0.0,0.0,0,0,0,0
bitflip,dephasing,1.0,0.0,240,qiskit_aer,1,1,1.0,1.0,0.0,0.0,1.0,1.0,0.0,0.0,4.625929269271486e-17,2.1952459327576375e-16,5.551115123125783e-17,-1.1102230246251565e-16,2.220446049250313e-16,1.0,0.0,0.08333333333333333,1.0,0.0,0.9166666666666666,0.09792555583333316,0.08198626855227562,0.0731562499999997,0.028412499999999785,0.14704999999999996,1.0,1.0,1.0,0.0,0.0,0.0,0.09792555583333316,0.08198626855227562,0.0731562499999997,0.028412499999999785,0.14704999999999996,1.0,1.0,1.0,0.0,0.0,0.0,0.09792555583333316,0.08198626855227562,0.0731562499999997,0.028412499999999785,0.14704999999999996,1.0,1.0,1.0,0.0,0.0,0.0,0.09792555583333316,0.08198626855227562,0.0731562499999997,0.028412499999999785,0.14704999999999996,1.0,1.0,1.0,0.0,0.0,0.0,0.09792555583333316,0.08198626855227562,0.0731562499999997,0.028412499999999785,0.14704999999999996,1.0,1.0,1.0,0.0,0.0,0.0,1.0,1.0,1.0,1.0,1.0,1.0,0.0,1.0,1.0,0.0,1.0,1.0,0.0,1.0,1.0,0.0,1.0,1.0,0.0,1.0,1.0,1.0,1.0,1.0,0.0,0.0,0.0,0.0,1.0,1.0,1.0,1.0,1.0,1.0,0.0,0.0,0.0,0.0,0.0,1.0000000129948268,1.0,1.0,0.0,0.0,0,0,0,0
bitflip,depolarizing,1.0,0.0,240,qiskit_aer,1,1,0.8687710065514404,0.8687710065514404,0.0,0.0,0.5125,0.5125,0.0,0.0,0.06565606384027772,0.05538406190573424,0.04900784688852766,0.01842676377354352,0.10002747824828143,1.0,0.025,0.041666666666666664,0.49166666666666664,0.0,0.4708333333333333,0.19041394890534966,0.15594173861136656,0.14590740740740737,0.05659999999999982,0.2879685185185184,1.0,1.0,1.0,0.0,0.0,0.0,0.18903201732922914,0.15686919909709718,0.14181481481481484,0.050000000000000044,0.2879685185185184,1.0,1.0,0.975,0.0,0.0,0.020833333333333332,0.18903201732922914,0.15686919909709718,0.14181481481481484,0.050000000000000044,0.2879685185185184,1.0,1.0,0.975,0.0,0.0,0.020833333333333332,0.18903201732922914,0.15686919909709718,0.14181481481481484,0.050000000000000044,0.2879685185185184,1.0,1.0,0.975,0.0,0.0,0.020833333333333332,0.18903201732922914,0.15686919909709718,0.14181481481481484,0.050000000000000044,0.2879685185185184,1.0,1.0,0.975,0.0,0.0,0.020833333333333332,1.0,0.975,0.975,0.975,0.975,0.975,0.0,0.975,0.975,0.0,0.975,0.975,0.0,0.975,0.975,0.0,0.975,0.975,0.0,0.975,0.975,0.975,0.975,0.975,0.0,0.0,0.0,0.0,0.975,0.975,1.0,1.0,1.0,0.975,0.0,0.0,0.0,0.0,0.0,1.0812289933832406,0.21875,0.21875,0.0,0.0,0,0,0,0
bitflip,mixed_pauli,1.0,0.0,240,qiskit_aer,1,1,0.9044856245925926,0.9044856245925926,0.0,0.0,0.6166666666666667,0.6166666666666667,0.0,0.0,0.06668846937258269,0.06936181181100079,0.0452499999999999,0.009899999999999243,0.11124186209060824,1.0,0.008333333333333333,0.07083333333333333,0.6125,0.0,0.5708333333333333,0.1885016180864196,0.1530352997891113,0.14591666666666658,0.05614999999999978,0.28802499999999986,1.0,1.0,1.0,0.0,0.0,0.0,0.18745547612729396,0.1530044319606863,0.14183333333333337,0.05614999999999978,0.27749999999999986,1.0,1.0,0.9958333333333333,0.0,0.0,0.0,0.18745547612729396,0.1530044319606863,0.14183333333333337,0.05614999999999978,0.27749999999999986,1.0,1.0,0.9958333333333333,0.0,0.0,0.0,0.18745547612729396,0.1530044319606863,0.14183333333333337,0.05614999999999978,0.27749999999999986,1.0,1.0,0.9958333333333333,0.0,0.0,0.0,0.18745547612729396,0.1530044319606863,0.14183333333333337,0.05614999999999978,0.27749999999999986,1.0,1.0,0.9958333333333333,0.0,0.0,0.0,0.9958333333333333,0.9916666666666667,0.9916666666666667,0.9916666666666667,0.9916666666666667,0.9916666666666667,0.14285714285714285,0.9957081545064378,0.9916666666666667,0.14285714285714285,0.9957081545064378,0.9916666666666667,0.14285714285714285,0.9957081545064378,0.9916666666666667,0.14285714285714285,0.9957081545064378,0.9916666666666667,0.0,0.9916666666666667,0.9916666666666667,0.9916666666666667,0.9916666666666667,0.9916666666666667,0.0,0.0,0.0,0.0,0.9916666666666667,0.9916666666666667,1.0,1.0,1.0,0.9916666666666667,0.0,0.0,0.0,0.0,0.0,1.0788477110770396,0.5145833333333334,0.5145833333333334,0.0,0.0,0,0,0,0
bitflip,phaseflip,1.0,0.0,240,qiskit_aer,1,1,1.0,1.0,0.0,0.0,1.0,1.0,0.0,0.0,-4.163336342344337e-17,2.35104635011549e-16,0.0,-1.3877787807814457e-16,1.1102230246251565e-16,1.0,0.0,0.0,1.0,0.0,1.0,0.1713688933333332,0.12834231461630966,0.14274999999999988,0.056149999999999756,0.2650499999999998,1.0,1.0,1.0,0.0,0.0,0.0,0.1713688933333332,0.12834231461630966,0.14274999999999988,0.056149999999999756,0.2650499999999998,1.0,1.0,1.0,0.0,0.0,0.0,0.1713688933333332,0.12834231461630966,0.14274999999999988,0.056149999999999756,0.2650499999999998,1.0,1.0,1.0,0.0,0.0,0.0,0.1713688933333332,0.12834231461630966,0.14274999999999988,0.056149999999999756,0.2650499999999998,1.0,1.0,1.0,0.0,0.0,0.0,0.1713688933333332,0.12834231461630966,0.14274999999999988,0.056149999999999756,0.2650499999999998,1.0,1.0,1.0,0.0,0.0,0.0,1.0,1.0,1.0,1.0,1.0,1.0,0.0,1.0,1.0,0.0,1.0,1.0,0.0,1.0,1.0,0.0,1.0,1.0,0.0,1.0,1.0,1.0,1.0,1.0,0.0,0.0,0.0,0.0,1.0,1.0,1.0,1.0,1.0,1.0,0.0,0.0,0.0,0.0,0.0,1.0000000129948268,1.0,1.0,0.0,0.0,0,0,0,0
phaseflip,bitflip,1.0,0.0,240,qiskit_aer,1,1,1.0,1.0,0.0,0.0,1.0,1.0,0.0,0.0,1.896631000401309e-17,2.1427542062022807e-16,0.0,-1.1102230246251565e-16,2.220446049250313e-16,1.0,0.8333333333333334,0.041666666666666664,0.16666666666666666,0.0,0.9583333333333334,0.1412152037262877,0.1283423146163097,0.11259631039295442,0.02599631039295444,0.2348963103929544,0.8333333333333334,1.0,0.0,0.0,0.08333333333333333,1.0,0.04640153962296773,0.09866198562654573,2.220446049250313e-16,-2.220446049250313e-16,0.05455431039295433,0.8333333333333334,1.0,0.0,0.0,0.08333333333333333,1.0,0.014897301732159085,0.07018545039835497,0.0,-2.220446049250313e-16,2.220446049250313e-16,0.9166666666666666,1.0,0.0,0.0,0.041666666666666664,1.0,0.014897301732159085,0.07018545039835497,0.0,-2.220446049250313e-16,2.220446049250313e-16,0.9166666666666666,1.0,0.0,0.0,0.041666666666666664,1.0,0.014897301732159085,0.07018545039835497,0.0,-2.220446049250313e-16,2.220446049250313e-16,0.9166666666666666,1.0,0.0,0.0,0.041666666666666664,1.0,0.9166666666666666,0.525,0.16666666666666666,0.16666666666666666,0.16666666666666666,0.525,0.0,0.45714285714285713,0.16666666666666666,1.0,0.19047619047619047,0.16666666666666666,1.0,0.19047619047619047,0.16666666666666666,1.0,0.19047619047619047,0.16666666666666666,0.35833333333333334,0.16666666666666666,0.16666666666666666,0.16666666666666666,0.16666666666666666,0.16666666666666666,0.0,0.0,0.0,0.0,0.16666666666666666,0.16666666666666666,1.0,1.0,1.0,0.16666666666666666,0.0,0.0,0.0,0.0,0.0,-0.6666666436601958,1.5994117973488588e-20,1.5994117973488588e-20,0.0,0.0,0,0,0,0
phaseflip,dephasing,1.0,0.0,240,qiskit_aer,1,1,0.8982636387916667,0.8982636387916667,0.0,0.0,0.6666666666666666,0.6666666666666666,0.0,0.0,0.10173636120833306,0.08815386164051663,0.07406249999999975,0.028412499999999674,0.15126874999999973,1.0,0.6583333333333333,1.0,0.2625,0.0,0.0,0.07158267160128771,0.08815386164051663,0.04390881039295441,-0.0017411896070456678,0.12111506039295439,0.7083333333333334,1.0,0.0,0.0,0.20833333333333334,0.6666666666666666,0.0796236554964998,0.09824344060456831,0.04484631039295439,-0.0006036896070457098,0.14542407759823842,0.7166666666666667,1.0,0.26666666666666666,0.0,0.2,0.6541666666666667,0.09143385059259256,0.09201573392207651,0.058438499999999616,0.019825499999999607,0.14542407759823842,0.8708333333333333,1.0,0.6583333333333333,0.0,0.09166666666666666,0.2625,0.09143385059259256,0.09201573392207651,0.058438499999999616,0.019825499999999607,0.14542407759823842,0.8708333333333333,1.0,0.6583333333333333,0.0,0.09166666666666666,0.2625,0.09143385059259256,0.09201573392207651,0.058438499999999616,0.019825499999999607,0.14542407759823842,0.8708333333333333,1.0,0.6583333333333333,0.0,0.09166666666666666,0.2625,1.0,0.7333333333333333,0.3416666666666667,0.3416666666666667,0.3416666666666667,0.7333333333333333,0.3615819209039548,1.0,0.3416666666666667,0.8926553672316384,1.0,0.3416666666666667,0.8926553672316384,1.0,0.3416666666666667,0.8926553672316384,1.0,0.3416666666666667,0.39166666666666666,0.3416666666666667,0.3416666666666667,0.3416666666666667,0.3416666666666667,0.3416666666666667,0.0,0.0,0.0,0.0,0.3416666666666667,0.3416666666666667,1.0,1.0,1.0,0.3416666666666667,0.0,0.0,0.0,0.0,0.0,-0.21493029723869012,0.01862962697449845,0.01862962697449845,0.0,0.0,0,0,0,0
phaseflip,depolarizing,1.0,0.0,240,qiskit_aer,1,1,0.8687710065514404,0.8687710065514404,0.0,0.0,0.5,0.5,0.0,0.0,0.06561192432746303,0.055444526375141454,0.047738233024691434,0.018137970397083425,0.09967084312654786,1.0,0.9,0.041666666666666664,0.041666666666666664,0.0,0.4583333333333333,0.16026025929830423,0.15594173861136665,0.11575371780036192,0.026446310392954392,0.2578148289114731,0.8333333333333334,1.0,0.0,0.0,0.08333333333333333,0.5,0.08392122135060034,0.08507952859511,0.06679075483739882,0.01984631039295437,0.11384246449506452,0.875,1.0,0.008333333333333333,0.0,0.0625,0.49166666666666664,0.07784956793968298,0.0851258647606491,0.04966724537037054,0.01819581598667766,0.11384246449506452,0.9875,1.0,0.041666666666666664,0.0,0.0,0.4583333333333333,0.07784956793968298,0.0851258647606491,0.04966724537037054,0.01819581598667766,0.11384246449506452,0.9875,1.0,0.041666666666666664,0.0,0.0,0.4583333333333333,0.07784956793968298,0.0851258647606491,0.04966724537037054,0.01819581598667766,0.11384246449506452,0.9875,1.0,0.041666666666666664,0.0,0.0,0.4583333333333333,0.875,0.5041666666666667,0.1,0.1,0.1,0.5041666666666667,0.16129032258064516,0.38764044943820225,0.1,1.0,0.1348314606741573,0.1,1.0,0.1348314606741573,0.1,1.0,0.1348314606741573,0.1,0.4041666666666667,0.1,0.1,0.1,0.1,0.1,0.0,0.0,0.0,0.0,0.1,0.1,1.0,1.0,1.0,0.1,0.0,0.0,0.0,0.0,0.0,-0.6687710040401408,0.00512817210738126,0.00512817210738126,0.0,0.0,0,0,0,0
phaseflip,mixed_pauli,1.0,0.0,240,qiskit_aer,1,1,0.9130771555,0.9130771555,0.0,0.0,0.6791666666666667,0.6791666666666667,0.0,0.0,0.07533277316666663,0.07915148074377841,0.04750000000000021,0.009999999999999565,0.11957500000000017,1.0,0.6958333333333333,0.31666666666666665,0.23333333333333334,0.0,0.44583333333333336,0.13650455022628774,0.14110769276330876,0.08809631039295451,0.01984631039295437,0.23184631039295434,0.8041666666666667,1.0,0.0,0.0,0.1,0.6791666666666667,0.09882673641553777,0.114506101876714,0.0698463103929543,0.0,0.1507709525982384,0.8125,1.0,0.08333333333333333,0.0,0.09166666666666666,0.6625,0.08754519257785695,0.111923770160238,0.045000000000000207,0.009741232499999891,0.12749999999999984,0.8958333333333334,1.0,0.175,0.0,0.05416666666666667,0.5708333333333333,0.08754519257785695,0.111923770160238,0.045000000000000207,0.009741232499999891,0.12749999999999984,0.8958333333333334,1.0,0.175,0.0,0.05416666666666667,0.5708333333333333,0.08754519257785695,0.111923770160238,0.045000000000000207,0.009741232499999891,0.12749999999999984,0.8958333333333334,1.0,0.175,0.0,0.05416666666666667,0.5708333333333333,0.9708333333333333,0.6333333333333333,0.30416666666666664,0.30416666666666664,0.30416666666666664,0.6333333333333333,0.3333333333333333,0.6214689265536724,0.30416666666666664,0.9365079365079365,0.3898305084745763,0.30416666666666664,0.9365079365079365,0.3898305084745763,0.30416666666666664,0.9365079365079365,0.3898305084745763,0.30416666666666664,0.32916666666666666,0.30416666666666664,0.30416666666666664,0.30416666666666664,0.30416666666666664,0.30416666666666664,0.0,0.0,0.0,0.0,0.30416666666666664,0.30416666666666664,1.0,1.0,1.0,0.30416666666666664,0.0,0.0,0.0,0.0,0.0,-0.30474381188726873,0.006399764042751734,0.006399764042751734,0.0,0.0,0,0,0,0
phaseflip,phaseflip,1.0,0.0,240,qiskit_aer,1,1,0.8156382206666667,0.8156382206666667,0.0,0.0,0.4166666666666667,0.4166666666666667,0.0,0.0,0.1843617793333331,0.14803858181474697,0.14624999999999977,0.05614999999999978,0.28192499999999976,1.0,0.5416666666666666,1.0,0.2375,0.0,0.0,0.15420808972628774,0.14803858181474697,0.11609631039295443,0.02599631039295444,0.2517713103929544,0.8333333333333334,1.0,0.0,0.0,0.08333333333333333,0.4166666666666667,0.16526444258220438,0.1574112346787632,0.11984631039295435,0.02599631039295444,0.27749999999999975,0.8333333333333334,1.0,0.36666666666666664,0.0,0.08333333333333333,0.4125,0.17054133826343731,0.15343869982541264,0.11984631039295435,0.03881591999999978,0.27749999999999975,0.8791666666666667,1.0,0.5416666666666666,0.0,0.06666666666666667,0.2375,0.17054133826343731,0.15343869982541264,0.11984631039295435,0.03881591999999978,0.27749999999999975,0.8791666666666667,1.0,0.5416666666666666,0.0,0.06666666666666667,0.2375,0.17054133826343731,0.15343869982541264,0.11984631039295435,0.03881591999999978,0.27749999999999975,0.8791666666666667,1.0,0.5416666666666666,0.0,0.06666666666666667,0.2375,1.0,0.6333333333333333,0.4583333333333333,0.4583333333333333,0.4583333333333333,0.6333333333333333,0.4808743169398907,1.0,0.4583333333333333,0.7103825136612022,1.0,0.4583333333333333,0.7103825136612022,1.0,0.4583333333333333,0.7103825136612022,1.0,0.4583333333333333,0.175,0.4583333333333333,0.4583333333333333,0.4583333333333333,0.4583333333333333,0.4583333333333333,0.0,0.0,0.0,0.0,0.4583333333333333,0.4583333333333333,1.0,1.0,1.0,0.4583333333333333,0.0,0.0,0.0,0.0,0.0,0.10102844888151372,0.020243303106676557,0.020243303106676557,0.0,0.0,0,0,0,0
