code_family,noise_family,syndrome_noise_prob,cases,backend,code_count,noise_family_count,true_syndrome_mean_no_error_mean,observed_syndrome_mean_no_error_mean,syndrome_corruption_rate,syndrome_information_loss_mean,observed_syndrome_consistent_rate,true_syndrome_consistent_rate,partial_syndrome_case_rate,ambiguous_syndrome_case_rate,fid_gain_A_mean,fid_gain_A_std,fid_gain_A_median,fid_gain_A_p25,fid_gain_A_p75,nonworsen_rate_A,admissible_rate_A,logical_success_rate_A,false_safe_rate_A,false_safe_fidelity_rate_A,failure_boundary_rate_A,fid_gain_B_mean,fid_gain_B_std,fid_gain_B_median,fid_gain_B_p25,fid_gain_B_p75,nonworsen_rate_B,admissible_rate_B,logical_success_rate_B,false_safe_rate_B,false_safe_fidelity_rate_B,failure_boundary_rate_B,fid_gain_C1_mean,fid_gain_C1_std,fid_gain_C1_median,fid_gain_C1_p25,fid_gain_C1_p75,nonworsen_rate_C1,admissible_rate_C1,logical_success_rate_C1,false_safe_rate_C1,false_safe_fidelity_rate_C1,failure_boundary_rate_C1,fid_gain_C2_mean,fid_gain_C2_std,fid_gain_C2_median,fid_gain_C2_p25,fid_gain_C2_p75,nonworsen_rate_C2,admissible_rate_C2,logical_success_rate_C2,false_safe_rate_C2,false_safe_fidelity_rate_C2,failure_boundary_rate_C2,fid_gain_C3_mean,fid_gain_C3_std,fid_gain_C3_median,fid_gain_C3_p25,fid_gain_C3_p75,nonworsen_rate_C3,admissible_rate_C3,logical_success_rate_C3,false_safe_rate_C3,false_safe_fidelity_rate_C3,failure_boundary_rate_C3,fid_gain_C3R_mean,fid_gain_C3R_std,fid_gain_C3R_median,fid_gain_C3R_p25,fid_gain_C3R_p75,nonworsen_rate_C3R,admissible_rate_C3R,logical_success_rate_C3R,false_safe_rate_C3R,false_safe_fidelity_rate_C3R,failure_boundary_rate_C3R,decision_disagreement_rate_AB,decision_disagreement_rate_C1A,decision_disagreement_rate_C2A,decision_disagreement_rate_C3A,decision_disagreement_rate_C3RA,chosen_B_rate_C1,safe_case_retention_rate_C1,risky_case_capture_rate_C1,chosen_B_rate_C2,safe_case_retention_rate_C2,risky_case_capture_rate_C2,chosen_B_rate_C3,safe_case_retention_rate_C3,risky_case_capture_rate_C3,chosen_B_rate_C3R,safe_case_retention_rate_C3R,risky_case_capture_rate_C3R,veto_rate_C1,tie_break_rate_C1,weighted_score_switch_rate_C2,weighted_score_switch_rate_C3,weighted_score_switch_rate_C3R,veto_rate_C2,veto_rate_C3,veto_rate_C3R,tie_break_rate_C2,tie_break_rate_C3,tie_break_rate_C3R,c3r_gate_c2_switch_rate,c3r_gate_score_margin_rate,c3r_gate_leave_A_rate,c3r_gate_B_safe_rate,c3r_gate_uncertainty_rate,c3r_allow_B_rate,c3r_blocks_c2_switch_rate,c3r_prevented_harmful_switch_rate,c3r_missed_beneficial_switch_rate,c3r_prevented_harmful_switch_rate_given_block,c3r_missed_beneficial_switch_rate_given_block,c3r_score_margin_mean,c3r_structural_margin_mean,c3r_violation_A_mean,c3r_violation_B_mean,c3r_syndrome_uncertainty_mean,c3r_blocked_by_score_margin_count,c3r_blocked_by_leave_A_count,c3r_blocked_by_B_safe_count,c3r_blocked_by_uncertainty_count
phaseflip,dephasing,0.0,240,qiskit_aer,1,1,0.8982636387916667,0.8982636387916667,0.0,0.0,0.6666666666666666,0.6666666666666666,0.0,0.0,0.10173636120833306,0.08815386164051663,0.07406249999999975,0.028412499999999674,0.15126874999999973,1.0,0.5958333333333333,1.0,0.30833333333333335,0.0,0.0,0.07158267160128771,0.08815386164051663,0.04390881039295441,-0.0017411896070456678,0.12111506039295439,0.7083333333333334,1.0,0.0,0.0,0.20833333333333334,0.6666666666666666,0.07899545362968635,0.0978595825020337,0.04484631039295439,-0.0006036896070457098,0.14542407759823842,0.7125,1.0,0.24583333333333332,0.0,0.20416666666666666,0.6583333333333333,0.08954924499215222,0.09260112286046729,0.05833264874999955,0.018596310392954285,0.14542407759823842,0.8583333333333333,1.0,0.5958333333333333,0.0,0.09583333333333334,0.30833333333333335,0.08954924499215222,0.09260112286046729,0.05833264874999955,0.018596310392954285,0.14542407759823842,0.8583333333333333,1.0,0.5958333333333333,0.0,0.09583333333333334,0.30833333333333335,0.08954924499215222,0.09260112286046729,0.05833264874999955,0.018596310392954285,0.14542407759823842,0.8583333333333333,1.0,0.5958333333333333,0.0,0.09583333333333334,0.30833333333333335,1.0,0.7541666666666667,0.4041666666666667,0.4041666666666667,0.4041666666666667,0.7541666666666667,0.35542168674698793,1.0,0.4041666666666667,0.8614457831325302,1.0,0.4041666666666667,0.8614457831325302,1.0,0.4041666666666667,0.8614457831325302,1.0,0.4041666666666667,0.35,0.4041666666666667,0.4041666666666667,0.4041666666666667,0.4041666666666667,0.4041666666666667,0.0,0.0,0.0,0.0,0.4041666666666667,0.4041666666666667,1.0,1.0,1.0,0.4041666666666667,0.0,0.0,0.0,0.0,0.0,-0.08993029686913986,0.016773345660647372,0.016773345660647372,0.0,0.0,0,0,0,0
phaseflip,dephasing,0.01,240,qiskit_aer,1,1,0.8982636387916667,0.759449702724537,0.027777777777777776,0.0,0.19583333333333333,0.6666666666666666,0.0,0.0,0.10173636120833306,0.08815386164051663,0.07406249999999975,0.028412499999999674,0.15126874999999973,1.0,0.6541666666666667,1.0,0.07916666666666666,0.0,0.0,0.07158267160128771,0.08815386164051663,0.04390881039295441,-0.0017411896070456678,0.12111506039295439,0.7083333333333334,1.0,0.0,0.0,0.20833333333333334,0.19583333333333333,0.08804156051179995,0.09507167343120403,0.05833264874999955,0.014999999999999791,0.14542407759823842,0.8083333333333333,1.0,0.5458333333333333,0.0,0.15,0.1875,0.09130821021922987,0.09267225521881764,0.058438499999999616,0.019776247499999622,0.14542407759823842,0.8666666666666667,1.0,0.6541666666666667,0.0,0.09583333333333334,0.07916666666666666,0.09130821021922987,0.09267225521881764,0.058438499999999616,0.019776247499999622,0.14542407759823842,0.8666666666666667,1.0,0.6541666666666667,0.0,0.09583333333333334,0.07916666666666666,0.09130821021922987,0.09267225521881764,0.058438499999999616,0.019776247499999622,0.14542407759823842,0.8666666666666667,1.0,0.6541666666666667,0.0,0.09583333333333334,0.07916666666666666,1.0,0.45416666666666666,0.3458333333333333,0.3458333333333333,0.3458333333333333,0.45416666666666666,0.5927601809954751,1.0,0.3458333333333333,0.7104072398190046,1.0,0.3458333333333333,0.7104072398190046,1.0,0.3458333333333333,0.7104072398190046,1.0,0.3458333333333333,0.10833333333333334,0.3458333333333333,0.3458333333333333,0.3458333333333333,0.3458333333333333,0.3458333333333333,0.0,0.0,0.0,0.0,0.3458333333333333,0.3458333333333333,1.0,1.0,1.0,0.3458333333333333,0.0,0.0,0.0,0.0,0.0,-0.0677830276849469,0.019409221331087023,0.019409221331087023,0.0,0.01,0,0,0,0
phaseflip,dephasing,0.03,240,qiskit_aer,1,1,0.8982636387916667,0.7162452940856482,0.07777777777777778,0.0,0.17083333333333334,0.6666666666666666,0.0,0.0,0.10173636120833306,0.08815386164051663,0.07406249999999975,0.028412499999999674,0.15126874999999973,1.0,0.6416666666666667,1.0,0.07916666666666666,0.0,0.0,0.07158267160128771,0.08815386164051663,0.04390881039295441,-0.0017411896070456678,0.12111506039295439,0.7083333333333334,1.0,0.0,0.0,0.20833333333333334,0.17083333333333334,0.08829284125852534,0.09359767458751846,0.058438499999999616,0.014999999999999791,0.14542407759823842,0.825,1.0,0.5541666666666667,0.0,0.1375,0.16666666666666666,0.0909312890991418,0.0914303848566525,0.058438499999999616,0.01975768437499964,0.14542407759823842,0.8875,1.0,0.6416666666666667,0.0,0.07916666666666666,0.07916666666666666,0.0909312890991418,0.0914303848566525,0.058438499999999616,0.01975768437499964,0.14542407759823842,0.8875,1.0,0.6416666666666667,0.0,0.07916666666666666,0.07916666666666666,0.0909312890991418,0.0914303848566525,0.058438499999999616,0.01975768437499964,0.14542407759823842,0.8875,1.0,0.6416666666666667,0.0,0.07916666666666666,0.07916666666666666,1.0,0.44583333333333336,0.35833333333333334,0.35833333333333334,0.35833333333333334,0.44583333333333336,0.6018099547511312,1.0,0.35833333333333334,0.6968325791855203,1.0,0.35833333333333334,0.6968325791855203,1.0,0.35833333333333334,0.6968325791855203,1.0,0.35833333333333334,0.0875,0.35833333333333334,0.35833333333333334,0.35833333333333334,0.35833333333333334,0.35833333333333334,0.0,0.0,0.0,0.0,0.35833333333333334,0.35833333333333334,1.0,1.0,1.0,0.35833333333333334,0.0,0.0,0.0,0.0,0.0,0.0004213802475540665,0.013808715993066474,0.013808715993066474,0.0,0.03,0,0,0,0
phaseflip,dephasing,0.05,240,qiskit_aer,1,1,0.8982636387916667,0.6981331382986111,0.11666666666666665,0.0,0.09166666666666666,0.6666666666666666,0.0,0.0,0.10173636120833306,0.08815386164051663,0.07406249999999975,0.028412499999999674,0.15126874999999973,1.0,0.6125,1.0,0.0375,0.0,0.0,0.07158267160128771,0.08815386164051663,0.04390881039295441,-0.0017411896070456678,0.12111506039295439,0.7083333333333334,1.0,0.0,0.0,0.20833333333333334,0.09166666666666666,0.08854412200525072,0.09362420400170356,0.05833264874999955,0.014999999999999791,0.14542407759823842,0.8166666666666667,1.0,0.5625,0.0,0.1375,0.0875,0.09005180648560299,0.0924228745341585,0.05833264874999955,0.01981318687499961,0.14542407759823842,0.8458333333333333,1.0,0.6125,0.0,0.1125,0.0375,0.09005180648560299,0.0924228745341585,0.05833264874999955,0.01981318687499961,0.14542407759823842,0.8458333333333333,1.0,0.6125,0.0,0.1125,0.0375,0.09005180648560299,0.0924228745341585,0.05833264874999955,0.01981318687499961,0.14542407759823842,0.8458333333333333,1.0,0.6125,0.0,0.1125,0.0375,1.0,0.4375,0.3875,0.3875,0.3875,0.4375,0.5844155844155844,1.0,0.3875,0.6363636363636364,1.0,0.3875,0.6363636363636364,1.0,0.3875,0.6363636363636364,1.0,0.3875,0.05,0.3875,0.3875,0.3875,0.3875,0.3875,0.0,0.0,0.0,0.0,0.3875,0.3875,1.0,1.0,1.0,0.3875,0.0,0.0,0.0,0.0,0.0,0.07686687016472613,0.016774871985643203,0.016774871985643203,0.0,0.05,0,0,0,0
phaseflip,dephasing,0.1,240,qiskit_aer,1,1,0.8982636387916667,0.612762133025463,0.22777777777777777,0.0,0.029166666666666667,0.6666666666666666,0.0,0.0,0.10173636120833306,0.08815386164051663,0.07406249999999975,0.028412499999999674,0.15126874999999973,1.0,0.6375,1.0,0.016666666666666666,0.0,0.0,0.07158267160128771,0.08815386164051663,0.04390881039295441,-0.0017411896070456678,0.12111506039295439,0.7083333333333334,1.0,0.0,0.0,0.20833333333333334,0.029166666666666667,0.09042872760569105,0.0924704839019602,0.058438499999999616,0.01906506039295436,0.14542407759823842,0.8583333333333333,1.0,0.625,0.0,0.09583333333333334,0.029166666666666667,0.09080564872577912,0.0921133616114356,0.058438499999999616,0.019581823848238367,0.14542407759823842,0.8708333333333333,1.0,0.6375,0.0,0.0875,0.016666666666666666,0.09080564872577912,0.0921133616114356,0.058438499999999616,0.019581823848238367,0.14542407759823842,0.8708333333333333,1.0,0.6375,0.0,0.0875,0.016666666666666666,0.09080564872577912,0.0921133616114356,0.058438499999999616,0.019581823848238367,0.14542407759823842,0.8708333333333333,1.0,0.6375,0.0,0.0875,0.016666666666666666,1.0,0.375,0.3625,0.3625,0.3625,0.375,0.635593220338983,1.0,0.3625,0.6483050847457628,1.0,0.3625,0.6483050847457628,1.0,0.3625,0.6483050847457628,1.0,0.3625,0.0125,0.3625,0.3625,0.3625,0.3625,0.3625,0.0,0.0,0.0,0.0,0.3625,0.3625,1.0,1.0,1.0,0.3625,0.0,0.0,0.0,0.0,0.0,0.11223787524571113,0.016850595765620025,0.016850595765620025,0.0,0.1,0,0,0,0
phaseflip,mixed_pauli,0.0,240,qiskit_aer,1,1,0.9130771555,0.9130771555,0.0,0.0,0.6791666666666667,0.6791666666666667,0.0,0.0,0.07533277316666663,0.07915148074377841,0.04750000000000021,0.009999999999999565,0.11957500000000017,1.0,0.6833333333333333,0.31666666666666665,0.24583333333333332,0.0,0.44583333333333336,0.13650455022628774,0.14110769276330876,0.08809631039295451,0.01984631039295437,0.23184631039295434,0.8041666666666667,1.0,0.0,0.0,0.1,0.6791666666666667,0.09940795566881239,0.11477073297546479,0.0698463103929543,0.0,0.15462379529471582,0.8083333333333333,1.0,0.08333333333333333,0.0,0.09583333333333334,0.6666666666666666,0.0887016047911022,0.11207492868839679,0.045250000000000234,0.00954303759823863,0.1276875000000001,0.8958333333333334,1.0,0.1875,0.0,0.058333333333333334,0.5625,0.0887016047911022,0.11207492868839679,0.045250000000000234,0.00954303759823863,0.1276875000000001,0.8958333333333334,1.0,0.1875,0.0,0.058333333333333334,0.5625,0.0887016047911022,0.11207492868839679,0.045250000000000234,0.00954303759823863,0.1276875000000001,0.8958333333333334,1.0,0.1875,0.0,0.058333333333333334,0.5625,0.9791666666666666,0.6416666666666667,0.31666666666666665,0.31666666666666665,0.31666666666666665,0.6416666666666667,0.3225806451612903,0.6292134831460674,0.31666666666666665,0.9516129032258065,0.4101123595505618,0.31666666666666665,0.9516129032258065,0.4101123595505618,0.31666666666666665,0.9516129032258065,0.4101123595505618,0.31666666666666665,0.325,0.31666666666666665,0.31666666666666665,0.31666666666666665,0.31666666666666665,0.31666666666666665,0.0,0.0,0.0,0.0,0.31666666666666665,0.31666666666666665,1.0,1.0,1.0,0.31666666666666665,0.0,0.0,0.0,0.0,0.0,-0.2797438115468896,0.007555848907908123,0.007555848907908123,0.0,0.0,0,0,0,0
phaseflip,mixed_pauli,0.01,240,qiskit_aer,1,1,0.9130771555,0.8180512705185186,0.024999999999999998,0.0,0.3625,0.6791666666666667,0.0,0.0,0.07533277316666663,0.07915148074377841,0.04750000000000021,0.009999999999999565,0.11957500000000017,1.0,0.6625,0.31666666666666665,0.11666666666666667,0.0,0.2375,0.13650455022628774,0.14110769276330876,0.08809631039295451,0.01984631039295437,0.23184631039295434,0.8041666666666667,1.0,0.0,0.0,0.1,0.3625,0.09080344502981051,0.1127639498153998,0.05293749999999969,2.220446049250313e-16,0.1326925452947159,0.8291666666666667,1.0,0.10833333333333334,0.0,0.0875,0.3541666666666667,0.08811506959095543,0.11207024568403112,0.045000000000000095,0.008040702794715748,0.1276875000000001,0.8916666666666667,1.0,0.16666666666666666,0.0,0.05416666666666667,0.29583333333333334,0.08811506959095543,0.11207024568403112,0.045000000000000095,0.008040702794715748,0.1276875000000001,0.8916666666666667,1.0,0.16666666666666666,0.0,0.05416666666666667,0.29583333333333334,0.08811506959095543,0.11207024568403112,0.045000000000000095,0.008040702794715748,0.1276875000000001,0.8916666666666667,1.0,0.16666666666666666,0.0,0.05416666666666667,0.29583333333333334,0.975,0.5,0.3375,0.3375,0.3375,0.5,0.37349397590361444,0.43312101910828027,0.3375,0.6626506024096386,0.3375796178343949,0.3375,0.6626506024096386,0.3375796178343949,0.3375,0.6626506024096386,0.3375796178343949,0.3375,0.1625,0.3375,0.3375,0.3375,0.3375,0.3375,0.0,0.0,0.0,0.0,0.3375,0.3375,1.0,1.0,1.0,0.3375,0.0,0.0,0.0,0.0,0.0,-0.14305126018966344,0.007020905999483496,0.007020905999483496,0.0,0.01,0,0,0,0
phaseflip,mixed_pauli,0.03,240,qiskit_aer,1,1,0.9130771555,0.7745255570925926,0.075,0.0,0.2625,0.6791666666666667,0.0,0.0,0.07533277316666663,0.07915148074377841,0.04750000000000021,0.009999999999999565,0.11957500000000017,1.0,0.65,0.31666666666666665,0.09583333333333334,0.0,0.15833333333333333,0.13650455022628774,0.14110769276330876,0.08809631039295451,0.01984631039295437,0.23184631039295434,0.8041666666666667,1.0,0.0,0.0,0.1,0.2625,0.08984395393665333,0.1140081426920113,0.04874999999999996,2.220446049250313e-16,0.13050000000000006,0.8375,1.0,0.10416666666666667,0.0,0.08333333333333333,0.25833333333333336,0.08825731513753403,0.11324113134443285,0.04512500000000019,0.004750825098238348,0.12749999999999984,0.8875,1.0,0.15833333333333333,0.0,0.05416666666666667,0.20416666666666666,0.08825731513753403,0.11324113134443285,0.04512500000000019,0.004750825098238348,0.12749999999999984,0.8875,1.0,0.15833333333333333,0.0,0.05416666666666667,0.20416666666666666,0.08825731513753403,0.11324113134443285,0.04512500000000019,0.004750825098238348,0.12749999999999984,0.8875,1.0,0.15833333333333333,0.0,0.05416666666666667,0.20416666666666666,0.975,0.475,0.35,0.35,0.35,0.475,0.3563218390804598,0.3790849673202614,0.35,0.5862068965517241,0.3137254901960784,0.35,0.5862068965517241,0.3137254901960784,0.35,0.5862068965517241,0.3137254901960784,0.35,0.125,0.35,0.35,0.35,0.35,0.35,0.0,0.0,0.0,0.0,0.35,0.35,1.0,1.0,1.0,0.35,0.0,0.0,0.0,0.0,0.0,-0.07452554661008859,0.008204699899962076,0.008204699899962076,0.0,0.03,0,0,0,0
phaseflip,mixed_pauli,0.05,240,qiskit_aer,1,1,0.9130771555,0.7542935098703704,0.1111111111111111,0.0,0.175,0.6791666666666667,0.0,0.0,0.07533277316666663,0.07915148074377841,0.04750000000000021,0.009999999999999565,0.11957500000000017,1.0,0.6666666666666666,0.31666666666666665,0.05,0.0,0.10833333333333334,0.13650455022628774,0.14110769276330876,0.08809631039295451,0.01984631039295437,0.23184631039295434,0.8041666666666667,1.0,0.0,0.0,0.1,0.175,0.09028623841700562,0.11506836424493645,0.045250000000000234,2.220446049250313e-16,0.1288125000000004,0.8583333333333333,1.0,0.125,0.0,0.075,0.17083333333333334,0.09001987663098478,0.11435287856006521,0.045250000000000234,0.00954303759823863,0.12749999999999986,0.8958333333333334,1.0,0.17083333333333334,0.0,0.05416666666666667,0.125,0.09001987663098478,0.11435287856006521,0.045250000000000234,0.00954303759823863,0.12749999999999986,0.8958333333333334,1.0,0.17083333333333334,0.0,0.05416666666666667,0.125,0.09001987663098478,0.11435287856006521,0.045250000000000234,0.00954303759823863,0.12749999999999986,0.8958333333333334,1.0,0.17083333333333334,0.0,0.05416666666666667,0.125,0.975,0.425,0.3333333333333333,0.3333333333333333,0.3333333333333333,0.425,0.422680412371134,0.32167832167832167,0.3333333333333333,0.5876288659793815,0.27972027972027974,0.3333333333333333,0.5876288659793815,0.27972027972027974,0.3333333333333333,0.5876288659793815,0.27972027972027974,0.3333333333333333,0.09166666666666666,0.3333333333333333,0.3333333333333333,0.3333333333333333,0.3333333333333333,0.3333333333333333,0.0,0.0,0.0,0.0,0.3333333333333333,0.3333333333333333,1.0,1.0,1.0,0.3333333333333333,0.0,0.0,0.0,0.0,0.0,-0.08762683291730174,0.0064664749273555845,0.0064664749273555845,0.0,0.05,0,0,0,0
phaseflip,mixed_pauli,0.1,240,qiskit_aer,1,1,0.9130771555,0.6473522981481482,0.2361111111111111,0.0,0.0375,0.6791666666666667,0.0,0.0,0.07533277316666663,0.07915148074377841,0.04750000000000021,0.009999999999999565,0.11957500000000017,1.0,0.6583333333333333,0.31666666666666665,0.0125,0.0,0.0125,0.13650455022628774,0.14110769276330876,0.08809631039295451,0.01984631039295437,0.23184631039295434,0.8041666666666667,1.0,0.0,0.0,0.1,0.0375,0.08998392031074993,0.11586568792520127,0.04512500000000019,0.004750825098238348,0.12768750000000004,0.8833333333333333,1.0,0.15833333333333333,0.0,0.05416666666666667,0.0375,0.09036276255092607,0.11556558516018253,0.045250000000000234,0.008028202794715888,0.12768750000000004,0.8958333333333334,1.0,0.175,0.0,0.05,0.020833333333333332,0.09036276255092607,0.11556558516018253,0.045250000000000234,0.008028202794715888,0.12768750000000004,0.8958333333333334,1.0,0.175,0.0,0.05,0.020833333333333332,0.09036276255092607,0.11556558516018253,0.045250000000000234,0.008028202794715888,0.12768750000000004,0.8958333333333334,1.0,0.175,0.0,0.05,0.020833333333333332,0.9708333333333333,0.36666666666666664,0.3416666666666667,0.3416666666666667,0.3416666666666667,0.36666666666666664,0.49514563106796117,0.26277372262773724,0.3416666666666667,0.5436893203883495,0.25547445255474455,0.3416666666666667,0.5436893203883495,0.25547445255474455,0.3416666666666667,0.5436893203883495,0.25547445255474455,0.3416666666666667,0.025,0.3416666666666667,0.3416666666666667,0.3416666666666667,0.3416666666666667,0.3416666666666667,0.0,0.0,0.0,0.0,0.3416666666666667,0.3416666666666667,1.0,1.0,1.0,0.3416666666666667,0.0,0.0,0.0,0.0,0.0,0.03598104576713794,0.007982607200181322,0.007982607200181322,0.0,0.1,0,0,0,0
phaseflip,phaseflip,0.0,240,qiskit_aer,1,1,0.8156382206666667,0.8156382206666667,0.0,0.0,0.4166666666666667,0.4166666666666667,0.0,0.0,0.1843617793333331,0.14803858181474697,0.14624999999999977,0.05614999999999978,0.28192499999999976,1.0,0.5458333333333333,1.0,0.24583333333333332,0.0,0.0,0.15420808972628774,0.14803858181474697,0.11609631039295443,0.02599631039295444,0.2517713103929544,0.8333333333333334,1.0,0.0,0.0,0.08333333333333333,0.4166666666666667,0.16564136370229243,0.15734168764459977,0.13549999999999973,0.02599631039295444,0.27749999999999975,0.8333333333333334,1.0,0.37916666666666665,0.0,0.08333333333333333,0.4125,0.1706669786368,0.15355371224257955,0.13549999999999973,0.03910995999999978,0.27749999999999975,0.8666666666666667,1.0,0.5458333333333333,0.0,0.06666666666666667,0.24583333333333332,0.1706669786368,0.15355371224257955,0.13549999999999973,0.03910995999999978,0.27749999999999975,0.8666666666666667,1.0,0.5458333333333333,0.0,0.06666666666666667,0.24583333333333332,0.1706669786368,0.15355371224257955,0.13549999999999973,0.03910995999999978,0.27749999999999975,0.8666666666666667,1.0,0.5458333333333333,0.0,0.06666666666666667,0.24583333333333332,1.0,0.6208333333333333,0.45416666666666666,0.45416666666666666,0.45416666666666666,0.6208333333333333,0.5027624309392266,1.0,0.45416666666666666,0.7237569060773481,1.0,0.45416666666666666,0.7237569060773481,1.0,0.45416666666666666,0.7237569060773481,1.0,0.45416666666666666,0.16666666666666666,0.45416666666666666,0.45416666666666666,0.45416666666666666,0.45416666666666666,0.45416666666666666,0.0,0.0,0.0,0.0,0.45416666666666666,0.45416666666666666,1.0,1.0,1.0,0.45416666666666666,0.0,0.0,0.0,0.0,0.0,0.09269511561901014,0.019088618460834015,0.019088618460834015,0.0,0.0,0,0,0,0
phaseflip,phaseflip,0.01,240,qiskit_aer,1,1,0.8156382206666667,0.631478904462963,0.027777777777777776,0.0,0.10416666666666667,0.4166666666666667,0.0,0.0,0.1843617793333331,0.14803858181474697,0.14624999999999977,0.05614999999999978,0.28192499999999976,1.0,0.5583333333333333,1.0,0.06666666666666667,0.0,0.0,0.15420808972628774,0.14803858181474697,0.11609631039295443,0.02599631039295444,0.2517713103929544,0.8333333333333334,1.0,0.0,0.0,0.08333333333333333,0.10416666666666667,0.16991313639662387,0.15420260349609488,0.13549999999999973,0.029999999999999805,0.27749999999999975,0.8625,1.0,0.5208333333333334,0.0,0.07083333333333333,0.10416666666666667,0.17104389975688805,0.15316792861568135,0.13549999999999973,0.03918345999999981,0.27749999999999975,0.875,1.0,0.5583333333333333,0.0,0.06666666666666667,0.06666666666666667,0.17104389975688805,0.15316792861568135,0.13549999999999973,0.03918345999999981,0.27749999999999975,0.875,1.0,0.5583333333333333,0.0,0.06666666666666667,0.06666666666666667,0.17104389975688805,0.15316792861568135,0.13549999999999973,0.03918345999999981,0.27749999999999975,0.875,1.0,0.5583333333333333,0.0,0.06666666666666667,0.06666666666666667,1.0,0.4791666666666667,0.44166666666666665,0.44166666666666665,0.44166666666666665,0.4791666666666667,0.5580357142857143,1.0,0.44166666666666665,0.5982142857142857,1.0,0.44166666666666665,0.5982142857142857,1.0,0.44166666666666665,0.5982142857142857,1.0,0.44166666666666665,0.0375,0.44166666666666665,0.44166666666666665,0.44166666666666665,0.44166666666666665,0.44166666666666665,0.0,0.0,0.0,0.0,0.44166666666666665,0.44166666666666665,1.0,1.0,1.0,0.44166666666666665,0.0,0.0,0.0,0.0,0.0,0.2518544316687767,0.017370715789198847,0.017370715789198847,0.0,0.01,0,0,0,0
phaseflip,phaseflip,0.03,240,qiskit_aer,1,1,0.8156382206666667,0.5938658560555555,0.07777777777777778,0.0,0.09166666666666666,0.4166666666666667,0.0,0.0,0.1843617793333331,0.14803858181474697,0.14624999999999977,0.05614999999999978,0.28192499999999976,1.0,0.5541666666666667,1.0,0.0625,0.0,0.0,0.15420808972628774,0.14803858181474697,0.11609631039295443,0.02599631039295444,0.2517713103929544,0.8333333333333334,1.0,0.0,0.0,0.08333333333333333,0.09166666666666666,0.17003877676998655,0.15474215710125355,0.13549999999999973,0.03661193999999979,0.27749999999999975,0.8541666666666666,1.0,0.525,0.0,0.075,0.09166666666666666,0.17091825938352537,0.15389735153025602,0.13549999999999973,0.03918345999999981,0.27749999999999975,0.8666666666666667,1.0,0.5541666666666667,0.0,0.06666666666666667,0.0625,0.17091825938352537,0.15389735153025602,0.13549999999999973,0.03918345999999981,0.27749999999999975,0.8666666666666667,1.0,0.5541666666666667,0.0,0.06666666666666667,0.0625,0.17091825938352537,0.15389735153025602,0.13549999999999973,0.03918345999999981,0.27749999999999975,0.8666666666666667,1.0,0.5541666666666667,0.0,0.06666666666666667,0.0625,1.0,0.475,0.44583333333333336,0.44583333333333336,0.44583333333333336,0.475,0.56,1.0,0.44583333333333336,0.5911111111111111,1.0,0.44583333333333336,0.5911111111111111,1.0,0.44583333333333336,0.5911111111111111,1.0,0.44583333333333336,0.029166666666666667,0.44583333333333336,0.44583333333333336,0.44583333333333336,0.44583333333333336,0.44583333333333336,0.0,0.0,0.0,0.0,0.44583333333333336,0.44583333333333336,1.0,1.0,1.0,0.44583333333333336,0.0,0.0,0.0,0.0,0.0,0.29780081353362853,0.021122010887582428,0.021122010887582428,0.0,0.03,0,0,0,0
phaseflip,phaseflip,0.05,240,qiskit_aer,1,1,0.8156382206666667,0.5800509903148149,0.11666666666666665,0.0,0.05,0.4166666666666667,0.0,0.0,0.1843617793333331,0.14803858181474697,0.14624999999999977,0.05614999999999978,0.28192499999999976,1.0,0.5583333333333333,1.0,0.025,0.0,0.0,0.15420808972628774,0.14803858181474697,0.11609631039295443,0.02599631039295444,0.2517713103929544,0.8333333333333334,1.0,0.0,0.0,0.08333333333333333,0.05,0.17029005751671192,0.15379854150657038,0.12767315519647704,0.03918345999999981,0.27749999999999975,0.8625,1.0,0.5333333333333333,0.0,0.075,0.05,0.17104389975688805,0.15308361394169034,0.12767315519647704,0.03918345999999981,0.27749999999999975,0.875,1.0,0.5583333333333333,0.0,0.07083333333333333,0.025,0.17104389975688805,0.15308361394169034,0.12767315519647704,0.03918345999999981,0.27749999999999975,0.875,1.0,0.5583333333333333,0.0,0.07083333333333333,0.025,0.17104389975688805,0.15308361394169034,0.12767315519647704,0.03918345999999981,0.27749999999999975,0.875,1.0,0.5583333333333333,0.0,0.07083333333333333,0.025,1.0,0.4666666666666667,0.44166666666666665,0.44166666666666665,0.44166666666666665,0.4666666666666667,0.5470085470085471,1.0,0.44166666666666665,0.5726495726495726,1.0,0.44166666666666665,0.5726495726495726,1.0,0.44166666666666665,0.5726495726495726,1.0,0.44166666666666665,0.025,0.44166666666666665,0.44166666666666665,0.44166666666666665,0.44166666666666665,0.44166666666666665,0.0,0.0,0.0,0.0,0.44166666666666665,0.44166666666666665,1.0,1.0,1.0,0.44166666666666665,0.0,0.0,0.0,0.0,0.0,0.30328234593459047,0.019132568176560727,0.019132568176560727,0.0,0.05,0,0,0,0
phaseflip,phaseflip,0.1,240,qiskit_aer,1,1,0.8156382206666667,0.5192380225925927,0.22777777777777777,0.0,0.016666666666666666,0.4166666666666667,0.0,0.0,0.1843617793333331,0.14803858181474697,0.14624999999999977,0.05614999999999978,0.28192499999999976,1.0,0.5583333333333333,1.0,0.0125,0.0,0.0,0.15420808972628774,0.14803858181474697,0.11609631039295443,0.02599631039295444,0.2517713103929544,0.8333333333333334,1.0,0.0,0.0,0.08333333333333333,0.016666666666666666,0.17091825938352537,0.15352306986966532,0.13549999999999973,0.03918345999999981,0.27749999999999975,0.8708333333333333,1.0,0.5541666666666667,0.0,0.0625,0.016666666666666666,0.17104389975688805,0.15338702909599355,0.13549999999999973,0.03918345999999981,0.27749999999999975,0.875,1.0,0.5583333333333333,0.0,0.058333333333333334,0.0125,0.17104389975688805,0.15338702909599355,0.13549999999999973,0.03918345999999981,0.27749999999999975,0.875,1.0,0.5583333333333333,0.0,0.058333333333333334,0.0125,0.17104389975688805,0.15338702909599355,0.13549999999999973,0.03918345999999981,0.27749999999999975,0.875,1.0,0.5583333333333333,0.0,0.058333333333333334,0.0125,1.0,0.44583333333333336,0.44166666666666665,0.44166666666666665,0.44166666666666665,0.44583333333333336,0.5611814345991561,1.0,0.44166666666666665,0.5654008438818565,1.0,0.44166666666666665,0.5654008438818565,1.0,0.44166666666666665,0.5654008438818565,1.0,0.44166666666666665,0.004166666666666667,0.44166666666666665,0.44166666666666665,0.44166666666666665,0.44166666666666665,0.44166666666666665,0.0,0.0,0.0,0.0,0.44166666666666665,0.44166666666666665,1.0,1.0,1.0,0.44166666666666665,0.0,0.0,0.0,0.0,0.0,0.3640953136942402,0.021958166561655897,0.021958166561655897,0.0,0.1,0,0,0,0
