code_family,noise_family,syndrome_observation_ratio,cases,backend,code_count,noise_family_count,true_syndrome_mean_no_error_mean,observed_syndrome_mean_no_error_mean,syndrome_corruption_rate,syndrome_information_loss_mean,observed_syndrome_consistent_rate,true_syndrome_consistent_rate,partial_syndrome_case_rate,ambiguous_syndrome_case_rate,fid_gain_A_mean,fid_gain_A_std,fid_gain_A_median,fid_gain_A_p25,fid_gain_A_p75,nonworsen_rate_A,admissible_rate_A,logical_success_rate_A,false_safe_rate_A,false_safe_fidelity_rate_A,failure_boundary_rate_A,fid_gain_B_mean,fid_gain_B_std,fid_gain_B_median,fid_gain_B_p25,fid_gain_B_p75,nonworsen_rate_B,admissible_rate_B,logical_success_rate_B,false_safe_rate_B,false_safe_fidelity_rate_B,failure_boundary_rate_B,fid_gain_C1_mean,fid_gain_C1_std,fid_gain_C1_median,fid_gain_C1_p25,fid_gain_C1_p75,nonworsen_rate_C1,admissible_rate_C1,logical_success_rate_C1,false_safe_rate_C1,false_safe_fidelity_rate_C1,failure_boundary_rate_C1,fid_gain_C2_mean,fid_gain_C2_std,fid_gain_C2_median,fid_gain_C2_p25,fid_gain_C2_p75,nonworsen_rate_C2,admissible_rate_C2,logical_success_rate_C2,false_safe_rate_C2,false_safe_fidelity_rate_C2,failure_boundary_rate_C2,fid_gain_C3_mean,fid_gain_C3_std,fid_gain_C3_median,fid_gain_C3_p25,fid_gain_C3_p75,nonworsen_rate_C3,admissible_rate_C3,logical_success_rate_C3,false_safe_rate_C3,false_safe_fidelity_rate_C3,failure_boundary_rate_C3,fid_gain_C3R_mean,fid_gain_C3R_std,fid_gain_C3R_median,fid_gain_C3R_p25,fid_gain_C3R_p75,nonworsen_rate_C3R,admissible_rate_C3R,logical_success_rate_C3R,false_safe_rate_C3R,false_safe_fidelity_rate_C3R,failure_boundary_rate_C3R,decision_disagreement_rate_AB,decision_disagreement_rate_C1A,decision_disagreement_rate_C2A,decision_disagreement_rate_C3A,decision_disagreement_rate_C3RA,chosen_B_rate_C1,safe_case_retention_rate_C1,risky_case_capture_rate_C1,chosen_B_rate_C2,safe_case_retention_rate_C2,risky_case_capture_rate_C2,chosen_B_rate_C3,safe_case_retention_rate_C3,risky_case_capture_rate_C3,chosen_B_rate_C3R,safe_case_retention_rate_C3R,risky_case_capture_rate_C3R,veto_rate_C1,tie_break_rate_C1,weighted_score_switch_rate_C2,weighted_score_switch_rate_C3,weighted_score_switch_rate_C3R,veto_rate_C2,veto_rate_C3,veto_rate_C3R,tie_break_rate_C2,tie_break_rate_C3,tie_break_rate_C3R,c3r_gate_c2_switch_rate,c3r_gate_score_margin_rate,c3r_gate_leave_A_rate,c3r_gate_B_safe_rate,c3r_gate_uncertainty_rate,c3r_allow_B_rate,c3r_blocks_c2_switch_rate,c3r_prevented_harmful_switch_rate,c3r_missed_beneficial_switch_rate,c3r_prevented_harmful_switch_rate_given_block,c3r_missed_beneficial_switch_rate_given_block,c3r_score_margin_mean,c3r_structural_margin_mean,c3r_violation_A_mean,c3r_violation_B_mean,c3r_syndrome_uncertainty_mean,c3r_blocked_by_score_margin_count,c3r_blocked_by_leave_A_count,c3r_blocked_by_B_safe_count,c3r_blocked_by_uncertainty_count
phaseflip,dephasing,0.25,240,qiskit_aer,1,1,0.8982636387916667,0.19078828350289354,0.9611111111111111,0.7694444444444445,0.0,0.6666666666666666,1.0,0.0,0.10173636120833306,0.08815386164051663,0.07406249999999975,0.028412499999999674,0.15126874999999973,1.0,0.6416666666666667,1.0,0.0,0.0,0.0,0.07158267160128771,0.08815386164051663,0.04390881039295441,-0.0017411896070456678,0.12111506039295439,0.7083333333333334,1.0,0.0,0.0,0.20833333333333334,0.0,0.0909312890991418,0.09294369129820848,0.06140724894647709,0.019581823848238367,0.14574282759823837,0.8458333333333333,1.0,0.6416666666666667,0.0,0.10416666666666667,0.0,0.0909312890991418,0.09294369129820848,0.06140724894647709,0.019581823848238367,0.14574282759823837,0.8458333333333333,1.0,0.6416666666666667,0.0,0.10416666666666667,0.0,0.0909312890991418,0.09294369129820848,0.06140724894647709,0.019581823848238367,0.14574282759823837,0.8458333333333333,1.0,0.6416666666666667,0.0,0.10416666666666667,0.0,0.10173636120833306,0.08815386164051663,0.07406249999999975,0.028412499999999674,0.15126874999999973,1.0,0.6416666666666667,1.0,0.0,0.0,0.0,1.0,0.35833333333333334,0.35833333333333334,0.35833333333333334,0.0,0.35833333333333334,0.6416666666666667,0.0,0.35833333333333334,0.6416666666666667,0.0,0.35833333333333334,0.6416666666666667,0.0,0.0,1.0,0.0,0.35833333333333334,0.0,0.35833333333333334,0.35833333333333334,0.0,0.35833333333333334,0.35833333333333334,0.35833333333333334,0.0,0.0,0.0,0.35833333333333334,0.35833333333333334,1.0,1.0,0.0,0.0,0.35833333333333334,0.35833333333333334,0.0,1.0,0.0,0.5258783917607902,0.017928148464037296,0.017928148464037296,0.0,1.5194444444444444,0,0,0,86
phaseflip,dephasing,0.5,240,qiskit_aer,1,1,0.8982636387916667,0.3767147079357639,0.8111111111111111,0.5416666666666666,0.0,0.6666666666666666,1.0,0.0,0.10173636120833306,0.08815386164051663,0.07406249999999975,0.028412499999999674,0.15126874999999973,1.0,0.625,1.0,0.0,0.0,0.0,0.07158267160128771,0.08815386164051663,0.04390881039295441,-0.0017411896070456678,0.12111506039295439,0.7083333333333334,1.0,0.0,0.0,0.20833333333333334,0.0,0.09042872760569105,0.09273844902739672,0.058438499999999616,0.019637513223238312,0.14542407759823842,0.8583333333333333,1.0,0.625,0.0,0.1,0.0,0.09042872760569105,0.09273844902739672,0.058438499999999616,0.019637513223238312,0.14542407759823842,0.8583333333333333,1.0,0.625,0.0,0.1,0.0,0.09042872760569105,0.09273844902739672,0.058438499999999616,0.019637513223238312,0.14542407759823842,0.8583333333333333,1.0,0.625,0.0,0.1,0.0,0.09583126366028667,0.09063166406843072,0.07131249999999967,0.01984631039295437,0.14574282759823837,0.9291666666666667,0.8208333333333333,0.8041666666666667,0.0,0.05,0.0,1.0,0.375,0.375,0.375,0.19583333333333333,0.375,0.625,0.0,0.375,0.625,0.0,0.375,0.625,0.0,0.19583333333333333,0.8041666666666667,0.0,0.375,0.0,0.375,0.375,0.19583333333333333,0.375,0.375,0.17916666666666667,0.0,0.0,0.0,0.375,0.375,1.0,1.0,0.5,0.19583333333333333,0.17916666666666667,0.17916666666666667,0.0,1.0,0.0,0.37328530028653245,0.016488531185182738,0.016488531185182738,0.0,1.0416666666666667,0,0,0,43
phaseflip,dephasing,0.75,240,qiskit_aer,1,1,0.8982636387916667,0.6364608816278936,0.3833333333333333,0.23333333333333334,0.0,0.6666666666666666,1.0,0.0,0.10173636120833306,0.08815386164051663,0.07406249999999975,0.028412499999999674,0.15126874999999973,1.0,0.6125,1.0,0.0,0.0,0.0,0.07158267160128771,0.08815386164051663,0.04390881039295441,-0.0017411896070456678,0.12111506039295439,0.7083333333333334,1.0,0.0,0.0,0.20833333333333334,0.0,0.09005180648560299,0.0930570940307043,0.05833264874999955,0.01906506039295436,0.14574282759823837,0.8541666666666666,1.0,0.6125,0.0,0.10416666666666667,0.0,0.09005180648560299,0.0930570940307043,0.05833264874999955,0.01906506039295436,0.14574282759823837,0.8541666666666666,1.0,0.6125,0.0,0.10416666666666667,0.0,0.09005180648560299,0.0930570940307043,0.05833264874999955,0.01906506039295436,0.14574282759823837,0.8541666666666666,1.0,0.6125,0.0,0.10416666666666667,0.0,0.09005180648560299,0.0930570940307043,0.05833264874999955,0.01906506039295436,0.14574282759823837,0.8541666666666666,1.0,0.6125,0.0,0.10416666666666667,0.0,1.0,0.3875,0.3875,0.3875,0.3875,0.3875,0.6125,0.0,0.3875,0.6125,0.0,0.3875,0.6125,0.0,0.3875,0.6125,0.0,0.3875,0.0,0.3875,0.3875,0.3875,0.3875,0.3875,0.0,0.0,0.0,0.0,0.3875,0.3875,1.0,1.0,1.0,0.3875,0.0,0.0,0.0,0.0,0.0,0.13853912657644388,0.018996619321416323,0.018996619321416323,0.0,0.48333333333333334,0,0,0,0
phaseflip,dephasing,1.0,240,qiskit_aer,1,1,0.8982636387916667,0.8982636387916667,0.0,0.0,0.6666666666666666,0.6666666666666666,0.0,0.0,0.10173636120833306,0.08815386164051663,0.07406249999999975,0.028412499999999674,0.15126874999999973,1.0,0.6416666666666667,1.0,0.2708333333333333,0.0,0.0,0.07158267160128771,0.08815386164051663,0.04390881039295441,-0.0017411896070456678,0.12111506039295439,0.7083333333333334,1.0,0.0,0.0,0.20833333333333334,0.6666666666666666,0.07937237474977442,0.09796117997724445,0.04484631039295439,-0.0006036896070457098,0.14542407759823842,0.7166666666666667,1.0,0.25833333333333336,0.0,0.2,0.6541666666666667,0.0909312890991418,0.09214462979678203,0.06437599789295456,0.018596310392954285,0.14542407759823842,0.8583333333333333,1.0,0.6416666666666667,0.0,0.09166666666666666,0.2708333333333333,0.0909312890991418,0.09214462979678203,0.06437599789295456,0.018596310392954285,0.14542407759823842,0.8583333333333333,1.0,0.6416666666666667,0.0,0.09166666666666666,0.2708333333333333,0.0909312890991418,0.09214462979678203,0.06437599789295456,0.018596310392954285,0.14542407759823842,0.8583333333333333,1.0,0.6416666666666667,0.0,0.09166666666666666,0.2708333333333333,1.0,0.7416666666666667,0.35833333333333334,0.35833333333333334,0.35833333333333334,0.7416666666666667,0.35428571428571426,1.0,0.35833333333333334,0.88,1.0,0.35833333333333334,0.88,1.0,0.35833333333333334,0.88,1.0,0.35833333333333334,0.38333333333333336,0.35833333333333334,0.35833333333333334,0.35833333333333334,0.35833333333333334,0.35833333333333334,0.0,0.0,0.0,0.0,0.35833333333333334,0.35833333333333334,1.0,1.0,1.0,0.35833333333333334,0.0,0.0,0.0,0.0,0.0,-0.18159696394793126,0.016293914402234204,0.016293914402234204,0.0,0.0,0,0,0,0
phaseflip,mixed_pauli,0.25,240,qiskit_aer,1,1,0.9130771555,0.20045222182407407,0.9611111111111111,0.7680555555555556,0.0,0.6791666666666667,1.0,0.0,0.07533277316666663,0.07915148074377841,0.04750000000000021,0.009999999999999565,0.11957500000000017,1.0,0.6416666666666667,0.31666666666666665,0.0,0.0,0.0,0.13650455022628774,0.14110769276330876,0.08809631039295451,0.01984631039295437,0.23184631039295434,0.8041666666666667,1.0,0.0,0.0,0.1,0.0,0.08946520105747531,0.11234601720008565,0.04512500000000014,0.008028202794715888,0.1288125000000004,0.8958333333333334,1.0,0.16666666666666666,0.0,0.05,0.0,0.08946520105747531,0.11234601720008565,0.04512500000000014,0.008028202794715888,0.1288125000000004,0.8958333333333334,1.0,0.16666666666666666,0.0,0.05,0.0,0.08946520105747531,0.11234601720008565,0.04512500000000014,0.008028202794715888,0.1288125000000004,0.8958333333333334,1.0,0.16666666666666666,0.0,0.05,0.0,0.07533277316666663,0.07915148074377841,0.04750000000000021,0.009999999999999565,0.11957500000000017,1.0,0.6416666666666667,0.31666666666666665,0.0,0.0,0.0,0.9791666666666666,0.35833333333333334,0.35833333333333334,0.35833333333333334,0.0,0.35833333333333334,0.5,0.2462686567164179,0.35833333333333334,0.5,0.2462686567164179,0.35833333333333334,0.5,0.2462686567164179,0.0,1.0,0.0,0.35833333333333334,0.0,0.35833333333333334,0.35833333333333334,0.0,0.35833333333333334,0.35833333333333334,0.35833333333333334,0.0,0.0,0.0,0.35833333333333334,0.35833333333333334,1.0,1.0,0.0,0.0,0.35833333333333334,0.17083333333333334,0.1375,0.47674418604651164,0.38372093023255816,0.5162144552507633,0.00851226413312393,0.00851226413312393,0.0,1.5180555555555555,0,0,0,86
phaseflip,mixed_pauli,0.5,240,qiskit_aer,1,1,0.9130771555,0.40351278078472225,0.7944444444444444,0.5333333333333333,0.0,0.6791666666666667,1.0,0.0,0.07533277316666663,0.07915148074377841,0.04750000000000021,0.009999999999999565,0.11957500000000017,1.0,0.675,0.31666666666666665,0.0,0.0,0.0,0.13650455022628774,0.14110769276330876,0.08809631039295451,0.01984631039295437,0.23184631039295434,0.8041666666666667,1.0,0.0,0.0,0.1,0.0,0.08970032404437683,0.1135174851444939,0.04512500000000019,0.00954303759823863,0.12768750000000004,0.9,1.0,0.17916666666666667,0.0,0.05,0.0,0.08970032404437683,0.1135174851444939,0.04512500000000019,0.00954303759823863,0.12768750000000004,0.9,1.0,0.17916666666666667,0.0,0.05,0.0,0.08970032404437683,0.1135174851444939,0.04512500000000019,0.00954303759823863,0.12768750000000004,0.9,1.0,0.17916666666666667,0.0,0.05,0.0,0.08479209673870827,0.1021292015908436,0.0475000000000001,0.009900000000000242,0.12749999999999984,0.95,0.8583333333333333,0.25416666666666665,0.0,0.025,0.0,0.975,0.325,0.325,0.325,0.18333333333333332,0.325,0.5471698113207547,0.22388059701492538,0.325,0.5471698113207547,0.22388059701492538,0.325,0.5471698113207547,0.22388059701492538,0.18333333333333332,0.7547169811320755,0.13432835820895522,0.325,0.0,0.325,0.325,0.18333333333333332,0.325,0.325,0.14166666666666666,0.0,0.0,0.0,0.325,0.325,1.0,1.0,0.5,0.18333333333333332,0.14166666666666666,0.075,0.05,0.5294117647058824,0.35294117647058826,0.24648722963546624,0.006090398209692242,0.006090398209692242,0.0,1.0333333333333334,0,0,0,34
phaseflip,mixed_pauli,0.75,240,qiskit_aer,1,1,0.9130771555,0.65820902025,0.39999999999999997,0.23472222222222222,0.0,0.6791666666666667,1.0,0.0,0.07533277316666663,0.07915148074377841,0.04750000000000021,0.009999999999999565,0.11957500000000017,1.0,0.6833333333333333,0.31666666666666665,0.0,0.0,0.0,0.13650455022628774,0.14110769276330876,0.08809631039295451,0.01984631039295437,0.23184631039295434,0.8041666666666667,1.0,0.0,0.0,0.1,0.0,0.08948077145776888,0.11367679559404162,0.044999999999999984,0.009789747499999946,0.1276875000000001,0.9041666666666667,1.0,0.18333333333333332,0.0,0.04583333333333333,0.0,0.08948077145776888,0.11367679559404162,0.044999999999999984,0.009789747499999946,0.1276875000000001,0.9041666666666667,1.0,0.18333333333333332,0.0,0.04583333333333333,0.0,0.08948077145776888,0.11367679559404162,0.044999999999999984,0.009789747499999946,0.1276875000000001,0.9041666666666667,1.0,0.18333333333333332,0.0,0.04583333333333333,0.0,0.08948077145776888,0.11367679559404162,0.044999999999999984,0.009789747499999946,0.1276875000000001,0.9041666666666667,1.0,0.18333333333333332,0.0,0.04583333333333333,0.0,0.975,0.31666666666666665,0.31666666666666665,0.31666666666666665,0.31666666666666665,0.31666666666666665,0.5660377358490566,0.22388059701492538,0.31666666666666665,0.5660377358490566,0.22388059701492538,0.31666666666666665,0.5660377358490566,0.22388059701492538,0.31666666666666665,0.5660377358490566,0.22388059701492538,0.31666666666666665,0.0,0.31666666666666665,0.31666666666666665,0.31666666666666665,0.31666666666666665,0.31666666666666665,0.0,0.0,0.0,0.0,0.31666666666666665,0.31666666666666665,1.0,1.0,1.0,0.31666666666666665,0.0,0.0,0.0,0.0,0.0,-0.024875676648041543,0.007251490901877057,0.007251490901877057,0.0,0.4847222222222222,0,0,0,0
phaseflip,mixed_pauli,1.0,240,qiskit_aer,1,1,0.9130771555,0.9130771555,0.0,0.0,0.6791666666666667,0.6791666666666667,0.0,0.0,0.07533277316666663,0.07915148074377841,0.04750000000000021,0.009999999999999565,0.11957500000000017,1.0,0.65,0.31666666666666665,0.26666666666666666,0.0,0.44583333333333336,0.13650455022628774,0.14110769276330876,0.08809631039295451,0.01984631039295437,0.23184631039295434,0.8041666666666667,1.0,0.0,0.0,0.1,0.6791666666666667,0.10012526270884174,0.11620644205776738,0.06984631039295419,0.0,0.15666093749999999,0.8083333333333333,1.0,0.07916666666666666,0.0,0.09583333333333334,0.6666666666666666,0.09048814847086736,0.11382085173431175,0.045250000000000234,0.00954303759823863,0.13050000000000006,0.8958333333333334,1.0,0.175,0.0,0.05416666666666667,0.5708333333333333,0.09048814847086736,0.11382085173431175,0.045250000000000234,0.00954303759823863,0.13050000000000006,0.8958333333333334,1.0,0.175,0.0,0.05416666666666667,0.5708333333333333,0.09048814847086736,0.11382085173431175,0.045250000000000234,0.00954303759823863,0.13050000000000006,0.8958333333333334,1.0,0.175,0.0,0.05416666666666667,0.5708333333333333,0.9791666666666666,0.6375,0.35,0.35,0.35,0.6375,0.35,0.6333333333333333,0.35,0.9333333333333333,0.4444444444444444,0.35,0.9333333333333333,0.4444444444444444,0.35,0.9333333333333333,0.4444444444444444,0.35,0.2875,0.35,0.35,0.35,0.35,0.35,0.0,0.0,0.0,0.0,0.35,0.35,1.0,1.0,1.0,0.35,0.0,0.0,0.0,0.0,0.0,-0.213077145038542,0.010051142423594051,0.010051142423594051,0.0,0.0,0,0,0,0
phaseflip,phaseflip,0.25,240,qiskit_aer,1,1,0.8156382206666667,0.16073366405555556,0.9611111111111111,0.7694444444444445,0.0,0.4166666666666667,1.0,0.0,0.1843617793333331,0.14803858181474697,0.14624999999999977,0.05614999999999978,0.28192499999999976,1.0,0.5333333333333333,1.0,0.0,0.0,0.0,0.15420808972628774,0.14803858181474697,0.11609631039295443,0.02599631039295444,0.2517713103929544,0.8333333333333334,1.0,0.0,0.0,0.08333333333333333,0.0,0.17029005751671192,0.15401059793872854,0.13549999999999973,0.03918345999999981,0.27749999999999975,0.8541666666666666,1.0,0.5333333333333333,0.0,0.07916666666666666,0.0,0.17029005751671192,0.15401059793872854,0.13549999999999973,0.03918345999999981,0.27749999999999975,0.8541666666666666,1.0,0.5333333333333333,0.0,0.07916666666666666,0.0,0.17029005751671192,0.15401059793872854,0.13549999999999973,0.03918345999999981,0.27749999999999975,0.8541666666666666,1.0,0.5333333333333333,0.0,0.07916666666666666,0.0,0.1843617793333331,0.14803858181474697,0.14624999999999977,0.05614999999999978,0.28192499999999976,1.0,0.5333333333333333,1.0,0.0,0.0,0.0,1.0,0.4666666666666667,0.4666666666666667,0.4666666666666667,0.0,0.4666666666666667,0.5333333333333333,0.0,0.4666666666666667,0.5333333333333333,0.0,0.4666666666666667,0.5333333333333333,0.0,0.0,1.0,0.0,0.4666666666666667,0.0,0.4666666666666667,0.4666666666666667,0.0,0.4666666666666667,0.4666666666666667,0.4666666666666667,0.0,0.0,0.0,0.4666666666666667,0.4666666666666667,1.0,1.0,0.0,0.0,0.4666666666666667,0.4666666666666667,0.0,1.0,0.0,0.7725996723176493,0.020716069415255195,0.020716069415255195,0.0,1.5194444444444444,0,0,0,112
phaseflip,phaseflip,0.5,240,qiskit_aer,1,1,0.8156382206666667,0.31936620162962964,0.8111111111111111,0.5416666666666666,0.0,0.4166666666666667,1.0,0.0,0.1843617793333331,0.14803858181474697,0.14624999999999977,0.05614999999999978,0.28192499999999976,1.0,0.5541666666666667,1.0,0.0,0.0,0.0,0.15420808972628774,0.14803858181474697,0.11609631039295443,0.02599631039295444,0.2517713103929544,0.8333333333333334,1.0,0.0,0.0,0.08333333333333333,0.0,0.17091825938352537,0.1526695739313908,0.12767315519647704,0.03918345999999981,0.27749999999999975,0.8916666666666667,1.0,0.5541666666666667,0.0,0.058333333333333334,0.0,0.17091825938352537,0.1526695739313908,0.12767315519647704,0.03918345999999981,0.27749999999999975,0.8916666666666667,1.0,0.5541666666666667,0.0,0.058333333333333334,0.0,0.17091825938352537,0.1526695739313908,0.12767315519647704,0.03918345999999981,0.27749999999999975,0.8916666666666667,1.0,0.5541666666666667,0.0,0.058333333333333334,0.0,0.1772002780516598,0.15027096710894017,0.14024999999999987,0.04999999999999971,0.27749999999999975,0.9458333333333333,0.7916666666666666,0.7625,0.0,0.03333333333333333,0.0,1.0,0.44583333333333336,0.44583333333333336,0.44583333333333336,0.2375,0.44583333333333336,0.5541666666666667,0.0,0.44583333333333336,0.5541666666666667,0.0,0.44583333333333336,0.5541666666666667,0.0,0.2375,0.7625,0.0,0.44583333333333336,0.0,0.44583333333333336,0.44583333333333336,0.2375,0.44583333333333336,0.44583333333333336,0.20833333333333334,0.0,0.0,0.0,0.44583333333333336,0.44583333333333336,1.0,1.0,0.5,0.2375,0.20833333333333334,0.20833333333333334,0.0,1.0,0.0,0.5723004680810436,0.01895710016190368,0.01895710016190368,0.0,1.0416666666666667,0,0,0,50
phaseflip,phaseflip,0.75,240,qiskit_aer,1,1,0.8156382206666667,0.5411559289166666,0.3833333333333333,0.23333333333333334,0.0,0.4166666666666667,1.0,0.0,0.1843617793333331,0.14803858181474697,0.14624999999999977,0.05614999999999978,0.28192499999999976,1.0,0.5375,1.0,0.0,0.0,0.0,0.15420808972628774,0.14803858181474697,0.11609631039295443,0.02599631039295444,0.2517713103929544,0.8333333333333334,1.0,0.0,0.0,0.08333333333333333,0.0,0.1704156978900746,0.1528094638589703,0.13549999999999973,0.03918345999999981,0.27749999999999975,0.8791666666666667,1.0,0.5375,0.0,0.058333333333333334,0.0,0.1704156978900746,0.1528094638589703,0.13549999999999973,0.03918345999999981,0.27749999999999975,0.8791666666666667,1.0,0.5375,0.0,0.058333333333333334,0.0,0.1704156978900746,0.1528094638589703,0.13549999999999973,0.03918345999999981,0.27749999999999975,0.8791666666666667,1.0,0.5375,0.0,0.058333333333333334,0.0,0.1704156978900746,0.1528094638589703,0.13549999999999973,0.03918345999999981,0.27749999999999975,0.8791666666666667,1.0,0.5375,0.0,0.058333333333333334,0.0,1.0,0.4625,0.4625,0.4625,0.4625,0.4625,0.5375,0.0,0.4625,0.5375,0.0,0.4625,0.5375,0.0,0.4625,0.5375,0.0,0.4625,0.0,0.4625,0.4625,0.4625,0.4625,0.4625,0.0,0.0,0.0,0.0,0.4625,0.4625,1.0,1.0,1.0,0.4625,0.0,0.0,0.0,0.0,0.0,0.3838440739941663,0.018946257903775243,0.018946257903775243,0.0,0.48333333333333334,0,0,0,0
phaseflip,phaseflip,1.0,240,qiskit_aer,1,1,0.8156382206666667,0.8156382206666667,0.0,0.0,0.4166666666666667,0.4166666666666667,0.0,0.0,0.1843617793333331,0.14803858181474697,0.14624999999999977,0.05614999999999978,0.28192499999999976,1.0,0.5333333333333333,1.0,0.25416666666666665,0.0,0.0,0.15420808972628774,0.14803858181474697,0.11609631039295443,0.02599631039295444,0.2517713103929544,0.8333333333333334,1.0,0.0,0.0,0.08333333333333333,0.4166666666666667,0.16551572332892975,0.1573739488193626,0.12767315519647704,0.02599631039295444,0.27749999999999975,0.8333333333333334,1.0,0.375,0.0,0.08333333333333333,0.4125,0.17029005751671192,0.15390963368483726,0.12767315519647704,0.03903644999999978,0.27749999999999975,0.8583333333333333,1.0,0.5333333333333333,0.0,0.07083333333333333,0.25416666666666665,0.17029005751671192,0.15390963368483726,0.12767315519647704,0.03903644999999978,0.27749999999999975,0.8583333333333333,1.0,0.5333333333333333,0.0,0.07083333333333333,0.25416666666666665,0.17029005751671192,0.15390963368483726,0.12767315519647704,0.03903644999999978,0.27749999999999975,0.8583333333333333,1.0,0.5333333333333333,0.0,0.07083333333333333,0.25416666666666665,1.0,0.625,0.4666666666666667,0.4666666666666667,0.4666666666666667,0.625,0.5027932960893855,1.0,0.4666666666666667,0.7150837988826816,1.0,0.4666666666666667,0.7150837988826816,1.0,0.4666666666666667,0.7150837988826816,1.0,0.4666666666666667,0.15833333333333333,0.4666666666666667,0.4666666666666667,0.4666666666666667,0.4666666666666667,0.4666666666666667,0.0,0.0,0.0,0.0,0.4666666666666667,0.4666666666666667,1.0,1.0,1.0,0.4666666666666667,0.0,0.0,0.0,0.0,0.0,0.1176951155961779,0.021222154390960594,0.021222154390960594,0.0,0.0,0,0,0,0
