cases,threshold,mode,flag_rate,abstain_rate,false_safe_rate_A,false_safe_rate_after_veto,accepted_false_safe_rate,risky_case_rate,risky_case_capture_rate,safe_case_retention_rate,negative_gain_rate_B,threshold_quantile,scope,code_type,noise_family
1440,0.9041204831701501,V1,0.30972222222222223,0.0,0.9569444444444445,0.6486111111111111,0.9396378269617707,0.43194444444444446,0.18810289389067525,0.597799511002445,0.43194444444444446,0.7,overall,,
1440,0.9041204831701501,V2,0.30972222222222223,0.30972222222222223,0.9569444444444445,0.6486111111111111,0.9396378269617707,0.43194444444444446,0.18810289389067525,0.597799511002445,0.43194444444444446,0.7,overall,,
720,0.9041204831701501,V1,0.32083333333333336,0.0,0.9555555555555556,0.6375,0.9386503067484663,0.0,0.0,0.6791666666666667,0.0,0.7,bitflip/coherent_x,bitflip,coherent_x
720,0.9041204831701501,V2,0.32083333333333336,0.32083333333333336,0.9555555555555556,0.6375,0.9386503067484663,0.0,0.0,0.6791666666666667,0.0,0.7,bitflip/coherent_x,bitflip,coherent_x
720,0.9041204831701501,V1,0.2986111111111111,0.0,0.9583333333333334,0.6597222222222222,0.9405940594059405,0.8638888888888889,0.18810289389067525,0.0,0.8638888888888889,0.7,phaseflip/coherent_z,phaseflip,coherent_z
720,0.9041204831701501,V2,0.2986111111111111,0.2986111111111111,0.9583333333333334,0.6597222222222222,0.9405940594059405,0.8638888888888889,0.18810289389067525,0.0,0.8638888888888889,0.7,phaseflip/coherent_z,phaseflip,coherent_z
1440,1.2129722215483285,V1,0.2152777777777778,0.0,0.9569444444444445,0.7430555555555556,0.9469026548672567,0.43194444444444446,0.07556270096463022,0.6784841075794621,0.43194444444444446,0.8,overall,,
1440,1.2129722215483285,V2,0.2152777777777778,0.2152777777777778,0.9569444444444445,0.7430555555555556,0.9469026548672567,0.43194444444444446,0.07556270096463022,0.6784841075794621,0.43194444444444446,0.8,overall,,
720,1.2129722215483285,V1,0.22916666666666666,0.0,0.9555555555555556,0.7291666666666666,0.9459459459459459,0.0,0.0,0.7708333333333334,0.0,0.8,bitflip/coherent_x,bitflip,coherent_x
720,1.2129722215483285,V2,0.22916666666666666,0.22916666666666666,0.9555555555555556,0.7291666666666666,0.9459459459459459,0.0,0.0,0.7708333333333334,0.0,0.8,bitflip/coherent_x,bitflip,coherent_x
720,1.2129722215483285,V1,0.2013888888888889,0.0,0.9583333333333334,0.7569444444444444,0.9478260869565217,0.8638888888888889,0.07556270096463022,0.0,0.8638888888888889,0.8,phaseflip/coherent_z,phaseflip,coherent_z
720,1.2129722215483285,V2,0.2013888888888889,0.2013888888888889,0.9583333333333334,0.7569444444444444,0.9478260869565217,0.8638888888888889,0.07556270096463022,0.0,0.8638888888888889,0.8,phaseflip/coherent_z,phaseflip,coherent_z
1440,1.8190430982845942,V1,0.10347222222222222,0.0,0.9569444444444445,0.8548611111111111,0.9535243996901627,0.43194444444444446,0.00964630225080386,0.8251833740831296,0.43194444444444446,0.9,overall,,
1440,1.8190430982845942,V2,0.10347222222222222,0.10347222222222222,0.9569444444444445,0.8548611111111111,0.9535243996901627,0.43194444444444446,0.00964630225080386,0.8251833740831296,0.43194444444444446,0.9,overall,,
720,1.8190430982845942,V1,0.11527777777777778,0.0,0.9555555555555556,0.8430555555555556,0.9529042386185244,0.0,0.0,0.8847222222222222,0.0,0.9,bitflip/coherent_x,bitflip,coherent_x
720,1.8190430982845942,V2,0.11527777777777778,0.11527777777777778,0.9555555555555556,0.8430555555555556,0.9529042386185244,0.0,0.0,0.8847222222222222,0.0,0.9,bitflip/coherent_x,bitflip,coherent_x
720,1.8190430982845942,V1,0.09166666666666666,0.0,0.9583333333333334,0.8666666666666667,0.9541284403669725,0.8638888888888889,0.00964630225080386,0.3877551020408163,0.8638888888888889,0.9,phaseflip/coherent_z,phaseflip,coherent_z
720,1.8190430982845942,V2,0.09166666666666666,0.09166666666666666,0.9583333333333334,0.8666666666666667,0.9541284403669725,0.8638888888888889,0.00964630225080386,0.3877551020408163,0.8638888888888889,0.9,phaseflip/coherent_z,phaseflip,coherent_z
1440,1.8229115012051682,V1,0.050694444444444445,0.0,0.9569444444444445,0.9076388888888889,0.9561082662765179,0.43194444444444446,0.0,0.910757946210269,0.43194444444444446,0.95,overall,,
1440,1.8229115012051682,V2,0.050694444444444445,0.050694444444444445,0.9569444444444445,0.9076388888888889,0.9561082662765179,0.43194444444444446,0.0,0.910757946210269,0.43194444444444446,0.95,overall,,
720,1.8229115012051682,V1,0.05555555555555555,0.0,0.9555555555555556,0.9027777777777778,0.9558823529411765,0.0,0.0,0.9444444444444444,0.0,0.95,bitflip/coherent_x,bitflip,coherent_x
720,1.8229115012051682,V2,0.05555555555555555,0.05555555555555555,0.9555555555555556,0.9027777777777778,0.9558823529411765,0.0,0.0,0.9444444444444444,0.0,0.95,bitflip/coherent_x,bitflip,coherent_x
720,1.8229115012051682,V1,0.04583333333333333,0.0,0.9583333333333334,0.9125,0.9563318777292577,0.8638888888888889,0.0,0.6632653061224489,0.8638888888888889,0.95,phaseflip/coherent_z,phaseflip,coherent_z
720,1.8229115012051682,V2,0.04583333333333333,0.04583333333333333,0.9583333333333334,0.9125,0.9563318777292577,0.8638888888888889,0.0,0.6632653061224489,0.8638888888888889,0.95,phaseflip/coherent_z,phaseflip,coherent_z
