regime,u_max,mean_gain_C3R,false_safe_fidelity_rate_C3R,blocked,harmful_block_precision,beneficial_switch_block_rate,net_intervention_gain,net_per_block
Partial,0.75,0.11893610909254078,0.034027777777777775,543,0.850828729281768,0.48333333333333334,5.737653456625739,0.010566580951428617
Partial,0.99,0.11890968645237687,0.03888888888888889,476,0.8697478991596639,0.375,5.661556252953679,0.011894025741499326
Partial,1.0,0.1169438683089902,0.06944444444444445,0,,,0.0,
Partial+noisy,0.75,0.12047697123611092,0.0,821,0.8465286236297198,1.0,7.58517916738416,0.009238951482806528
Partial+noisy,0.99,0.12118807904598876,0.013425925925925926,670,0.8791044776119403,0.6739130434782609,9.121172036720447,0.013613689607045443
Partial+noisy,1.0,0.11696531421417376,0.06851851851851852,0,,,0.0,
Ambig.+meas.,0.75,0.16075861980918765,0.0,480,0.7895833333333333,0.531578947368421,2.9037710113818704,0.006049522940378897
Ambig.+meas.,0.99,0.16038947985872473,0.0,357,0.7759103641456583,0.42105263157894735,1.5748671897152624,0.004411392688278046
Ambig.+meas.,1.0,0.1599520167504705,0.0,0,,,0.0,
Noisy-only,0.75,0.11693309491342976,0.06777777777777778,0,,,0.0,
Noisy-only,0.99,0.11693309491342976,0.06777777777777778,0,,,0.0,
Noisy-only,1.0,0.11693309491342976,0.06777777777777778,0,,,0.0,
