table_id,paper_ready_csv,source_table_csv,source_raw_csv,source_raw_json,notes
clean_policy_counts,tables\paper_ready\supp_table_clean_policy_counts.csv,biqmn\results\tables\hybrid_c123_regime_map_c3r_260427_seed10_preferred_policy_summary.csv,,biqmn\results\raw\hybrid_c123_regime_map_c3r_260427_seed10.json,Counts copied from the clean preferred-policy summary; C3 and C3R zero rows are explicit manuscript rows.
clean_c2_noise_family_composition,tables\paper_ready\supp_table_clean_c2_noise_family_composition.csv,biqmn\results\tables\hybrid_c123_regime_map_c3r_260427_seed10_by_regime_cell.csv,,biqmn\results\raw\hybrid_c123_regime_map_c3r_260427_seed10.json,Filtered rows with preferred_policy == C2 and counted noise_family.
partial_policy_counts,tables\paper_ready\supp_table_partial_syndrome_policy_counts.csv,biqmn\results\tables\partial_syndrome_c3r_260427_seed10_preferred_policy_counts_by_ratio.csv,,biqmn\results\raw\partial_syndrome_c3r_260427_seed10.json,Direct copy of preferred-policy counts by observation ratio.
noisy_policy_counts,tables\paper_ready\supp_table_noisy_syndrome_policy_counts.csv,biqmn\results\tables\noisy_syndrome_c3r_260427_seed10_preferred_policy_counts_by_noise.csv,,biqmn\results\raw\noisy_syndrome_c3r_260427_seed10.json,Direct copy of preferred-policy counts by syndrome-noise probability.
partial_noisy_policy_counts,tables\paper_ready\supp_table_partial_noisy_policy_counts.csv,biqmn\results\tables\partial_noisy_syndrome_c3r_260427_seed10_preferred_policy_counts_by_combo.csv,,biqmn\results\raw\partial_noisy_syndrome_c3r_260427_seed10.json,Direct copy of representative preferred-policy counts by observation ratio and noise probability.
umax_sensitivity,tables\paper_ready\supp_table_umax_sensitivity.csv,,biqmn\results\tables\partial_syndrome_c3r_260427_seed10_raw.csv; biqmn\results\tables\partial_noisy_syndrome_c3r_260427_seed10_raw.csv; biqmn\results\tables\ambiguity_measurement_c3r_260427_seed10_raw.csv; biqmn\results\tables\noisy_syndrome_c3r_260427_seed10_raw.csv,biqmn\results\raw\partial_syndrome_c3r_260427_seed10.json; biqmn\results\raw\partial_noisy_syndrome_c3r_260427_seed10.json; biqmn\results\raw\ambiguity_measurement_c3r_260427_seed10.json; biqmn\results\raw\noisy_syndrome_c3r_260427_seed10.json,Offline counterfactual recomputed from raw rows by changing only the C3R uncertainty gate.
kappa_sensitivity,tables\paper_ready\supp_table_kappa_sensitivity.csv,biqmn\results\tables\recovery_ablation_kappa_sensitivity_260430_by_admissibility_kappa.csv,,biqmn\results\raw\recovery_ablation_kappa_sensitivity_260430.json,Direct projection of admissibility-kappa sweep summary.
uncertainty_bin_intervention,tables\paper_ready\supp_table_uncertainty_bin_intervention.csv,biqmn\results\tables\partial_syndrome_c3r_260427_seed10_c3r_by_uncertainty_bin.csv; biqmn\results\tables\partial_noisy_syndrome_c3r_260427_seed10_c3r_by_uncertainty_bin.csv; biqmn\results\tables\ambiguity_measurement_c3r_260427_seed10_c3r_by_uncertainty_bin.csv,biqmn\results\tables\partial_syndrome_c3r_260427_seed10_raw.csv; biqmn\results\tables\partial_noisy_syndrome_c3r_260427_seed10_raw.csv; biqmn\results\tables\ambiguity_measurement_c3r_260427_seed10_raw.csv,,Manuscript bins are compact aggregations of the default raw-row uncertainty bins.
regime_level_comparison,tables\paper_ready\supp_table_regime_level_comparison.csv,,biqmn\results\tables\hybrid_c123_regime_map_c3r_260427_seed10_raw.csv; biqmn\results\tables\partial_syndrome_c3r_260427_seed10_raw.csv; biqmn\results\tables\noisy_syndrome_c3r_260427_seed10_raw.csv; biqmn\results\tables\partial_noisy_syndrome_c3r_260427_seed10_raw.csv; biqmn\results\tables\ambiguity_measurement_c3r_260427_seed10_raw.csv,biqmn\results\raw\hybrid_c123_regime_map_c3r_260427_seed10.json; biqmn\results\raw\partial_syndrome_c3r_260427_seed10.json; biqmn\results\raw\noisy_syndrome_c3r_260427_seed10.json; biqmn\results\raw\partial_noisy_syndrome_c3r_260427_seed10.json; biqmn\results\raw\ambiguity_measurement_c3r_260427_seed10.json,Recomputed with the same aggregate helper used by the experiment code.
lower_tail_oracle,tables\paper_ready\supp_table_lower_tail_oracle.csv,,biqmn\results\tables\hybrid_c123_regime_map_c3r_260427_seed10_raw.csv; biqmn\results\tables\partial_syndrome_c3r_260427_seed10_raw.csv; biqmn\results\tables\noisy_syndrome_c3r_260427_seed10_raw.csv; biqmn\results\tables\partial_noisy_syndrome_c3r_260427_seed10_raw.csv; biqmn\results\tables\ambiguity_measurement_c3r_260427_seed10_raw.csv,biqmn\results\raw\hybrid_c123_regime_map_c3r_260427_seed10.json; biqmn\results\raw\partial_syndrome_c3r_260427_seed10.json; biqmn\results\raw\noisy_syndrome_c3r_260427_seed10.json; biqmn\results\raw\partial_noisy_syndrome_c3r_260427_seed10.json; biqmn\results\raw\ambiguity_measurement_c3r_260427_seed10.json,Recomputed lower-tail and oracle-regret summaries from raw rows.
intervention_quality,tables\paper_ready\supp_table_intervention_quality.csv,,biqmn\results\tables\hybrid_c123_regime_map_c3r_260427_seed10_raw.csv; biqmn\results\tables\partial_syndrome_c3r_260427_seed10_raw.csv; biqmn\results\tables\noisy_syndrome_c3r_260427_seed10_raw.csv; biqmn\results\tables\partial_noisy_syndrome_c3r_260427_seed10_raw.csv; biqmn\results\tables\ambiguity_measurement_c3r_260427_seed10_raw.csv,biqmn\results\raw\hybrid_c123_regime_map_c3r_260427_seed10.json; biqmn\results\raw\partial_syndrome_c3r_260427_seed10.json; biqmn\results\raw\noisy_syndrome_c3r_260427_seed10.json; biqmn\results\raw\partial_noisy_syndrome_c3r_260427_seed10.json; biqmn\results\raw\ambiguity_measurement_c3r_260427_seed10.json,Recomputed C3R intervention diagnostics and kept only non-zero blocking regimes.
normalized_intervention_effects,tables\paper_ready\supp_table_normalized_intervention_effects.csv,,biqmn\results\tables\hybrid_c123_regime_map_c3r_260427_seed10_raw.csv; biqmn\results\tables\partial_syndrome_c3r_260427_seed10_raw.csv; biqmn\results\tables\noisy_syndrome_c3r_260427_seed10_raw.csv; biqmn\results\tables\partial_noisy_syndrome_c3r_260427_seed10_raw.csv; biqmn\results\tables\ambiguity_measurement_c3r_260427_seed10_raw.csv,biqmn\results\raw\hybrid_c123_regime_map_c3r_260427_seed10.json; biqmn\results\raw\partial_syndrome_c3r_260427_seed10.json; biqmn\results\raw\noisy_syndrome_c3r_260427_seed10.json; biqmn\results\raw\partial_noisy_syndrome_c3r_260427_seed10.json; biqmn\results\raw\ambiguity_measurement_c3r_260427_seed10.json,Derived from aggregate prevented/missed/net intervention sums.
